world,policy,wave1_sites,wave2_sites,value_inr,incremental_orders_per_day,stores_opened,regret_inr,city,scenario
0,v1_point_all_now,33,0,929289248.0873122,60296.100000000006,33,256736668.89093685,hyderabad,sigma=0.25
0,robust_all_now,30,0,1187389195.190938,61845.80000000002,30,-1363278.2126889229,hyderabad,sigma=0.25
0,staged_no_learning,21,9,1141873945.103023,61845.80000000002,30,44151971.87522602,hyderabad,sigma=0.25
0,staged_point_learning,21,13,1008616354.6520252,64045.70000000001,34,177409562.32622385,hyderabad,sigma=0.25
0,staged_robust_learning,21,15,981012581.7420554,66019.20000000001,36,205013335.23619366,hyderabad,sigma=0.25
0,oracle_all_now,32,0,1186025916.978249,64316.20000000001,32,0.0,hyderabad,sigma=0.25
1,v1_point_all_now,33,0,712309370.912085,65153.899999999994,33,104149091.7332325,hyderabad,sigma=0.25
1,robust_all_now,30,0,671676580.3287008,59962.79999999999,30,144781882.31661677,hyderabad,sigma=0.25
1,staged_no_learning,21,9,641403718.126586,59962.79999999999,30,175054744.5187316,hyderabad,sigma=0.25
1,staged_point_learning,21,9,714775318.5224776,62391.0,30,101683144.12283993,hyderabad,sigma=0.25
1,staged_robust_learning,21,12,727163954.4973416,66965.4,33,89294508.14797592,hyderabad,sigma=0.25
1,oracle_all_now,34,0,816458462.6453176,69633.6,34,0.0,hyderabad,sigma=0.25
2,v1_point_all_now,33,0,2329409329.3205457,69111.90000000001,33,494117130.4619317,hyderabad,sigma=0.25
2,robust_all_now,30,0,2117644844.8368578,62828.999999999985,30,705881614.9456196,hyderabad,sigma=0.25
2,staged_no_learning,21,9,2046150137.7464046,62828.999999999985,30,777376322.0360727,hyderabad,sigma=0.25
2,staged_point_learning,21,19,2672593189.2581873,83771.99999999999,40,150933270.52429008,hyderabad,sigma=0.25
2,staged_robust_learning,21,19,2672593189.2581873,83771.99999999999,40,150933270.52429008,hyderabad,sigma=0.25
2,oracle_all_now,40,0,2823526459.7824774,83771.99999999999,40,0.0,hyderabad,sigma=0.25
3,v1_point_all_now,33,0,-564868894.5779455,31805.699999999997,33,786719293.3558912,hyderabad,sigma=0.25
3,robust_all_now,30,0,-332878943.6628394,34395.600000000006,30,554729342.4407852,hyderabad,sigma=0.25
3,staged_no_learning,21,9,-319697607.2661023,34395.600000000006,30,541548006.0440481,hyderabad,sigma=0.25
3,staged_point_learning,21,0,50731642.6495471,32687.0,21,171118756.12839866,hyderabad,sigma=0.25
3,staged_robust_learning,21,0,50731642.6495471,32687.0,21,171118756.12839866,hyderabad,sigma=0.25
3,oracle_all_now,12,0,221850398.77794576,24530.5,12,0.0,hyderabad,sigma=0.25
4,v1_point_all_now,33,0,836747363.1616311,62291.499999999985,33,373627636.7084594,hyderabad,sigma=0.25
4,robust_all_now,30,0,995166713.436255,61969.40000000001,30,215208286.4338355,hyderabad,sigma=0.25
4,staged_no_learning,21,9,953852598.963203,61969.40000000001,30,256522400.90688753,hyderabad,sigma=0.25
4,staged_point_learning,21,17,1120763315.5531726,77009.3,38,89611684.3169179,hyderabad,sigma=0.25
4,staged_robust_learning,21,18,1130307542.681148,78608.09999999999,39,80067457.18894243,hyderabad,sigma=0.25
4,oracle_all_now,39,0,1210374999.8700905,78661.99999999999,39,0.0,hyderabad,sigma=0.25
5,v1_point_all_now,33,0,276621715.79139066,49316.70000000001,33,445536462.60030127,hyderabad,sigma=0.25
5,robust_all_now,30,0,559002615.3466768,52303.5,30,163155563.0450151,hyderabad,sigma=0.25
5,staged_no_learning,21,9,540751993.2425985,52303.5,30,181406185.1490934,hyderabad,sigma=0.25
5,staged_point_learning,21,4,677395915.1218739,49194.20000000001,25,44762263.26981807,hyderabad,sigma=0.25
5,staged_robust_learning,21,5,678789919.5815713,50577.0,26,43368258.81012058,hyderabad,sigma=0.25
5,oracle_all_now,23,0,722158178.3916919,47230.899999999994,23,0.0,hyderabad,sigma=0.25
6,v1_point_all_now,33,0,-210238006.781873,38101.2,33,536757890.99244726,hyderabad,sigma=0.25
6,robust_all_now,30,0,12410248.87114811,41373.09999999999,30,314109635.33942616,hyderabad,sigma=0.25
6,staged_no_learning,21,9,17879118.346978903,41373.09999999999,30,308640765.86359537,hyderabad,sigma=0.25
6,staged_point_learning,21,1,302061600.10419965,40106.8,22,24458284.10637462,hyderabad,sigma=0.25
6,staged_robust_learning,21,0,303216974.98142004,38708.09999999999,21,23302909.22915423,hyderabad,sigma=0.25
6,oracle_all_now,16,0,326519884.21057427,32652.199999999997,16,0.0,hyderabad,sigma=0.25
7,v1_point_all_now,33,0,1400219185.2045321,62948.7,33,215454591.2975831,hyderabad,sigma=0.25
7,robust_all_now,30,0,1347341853.5981884,58921.000000000015,30,268331922.90392685,hyderabad,sigma=0.25
7,staged_no_learning,21,9,1303818064.9019952,58921.000000000015,30,311855711.60012007,hyderabad,sigma=0.25
7,staged_point_learning,21,7,1359039909.3653178,58307.3,28,256633867.13679743,hyderabad,sigma=0.25
7,staged_robust_learning,21,10,1492076353.7788525,64590.2,31,123597422.72326279,hyderabad,sigma=0.25
7,oracle_all_now,35,0,1615673776.5021152,69738.2,35,0.0,hyderabad,sigma=0.25
8,v1_point_all_now,33,0,2721078.9570999146,31118.800000000003,33,615071700.570997,hyderabad,sigma=0.25
8,robust_all_now,30,0,232768852.2571001,33535.100000000006,30,385023927.2709968,hyderabad,sigma=0.25
8,staged_no_learning,21,9,239363462.141088,33535.100000000006,30,378429317.3870089,hyderabad,sigma=0.25
8,staged_point_learning,21,0,537121575.5864053,31997.100000000006,21,80671203.94169164,hyderabad,sigma=0.25
8,staged_robust_learning,21,0,537121575.5864053,31997.100000000006,21,80671203.94169164,hyderabad,sigma=0.25
8,oracle_all_now,15,0,617792779.5280969,28187.800000000003,15,0.0,hyderabad,sigma=0.25
9,v1_point_all_now,33,0,2123972893.1184292,67261.79999999999,33,382950584.06344414,hyderabad,sigma=0.25
9,robust_all_now,30,0,1980067641.7151055,61971.29999999999,30,526855835.4667678,hyderabad,sigma=0.25
9,staged_no_learning,21,9,1914980361.2311177,61971.29999999999,30,591943115.9507556,hyderabad,sigma=0.25
9,staged_point_learning,21,19,2276585296.0303936,78556.5,40,230338181.15147972,hyderabad,sigma=0.25
9,staged_robust_learning,21,17,2395010642.440545,78725.70000000001,38,111912834.74132824,hyderabad,sigma=0.25
9,oracle_all_now,40,0,2506923477.1818733,80396.79999999999,40,0.0,hyderabad,sigma=0.25
10,v1_point_all_now,33,0,92231417.21420002,51744.90000000001,33,339384100.4670687,hyderabad,sigma=0.25
10,robust_all_now,30,0,321294946.4229605,54245.999999999985,30,110320571.25830817,hyderabad,sigma=0.25
10,staged_no_learning,21,9,309916882.4447129,54245.999999999985,30,121698635.23655581,hyderabad,sigma=0.25
10,staged_point_learning,21,9,313264865.8578856,54356.8,30,118350651.8233831,hyderabad,sigma=0.25
10,staged_robust_learning,21,5,407899972.74852014,51280.8,26,23715544.932748556,hyderabad,sigma=0.25
10,oracle_all_now,25,0,431615517.6812687,50177.499999999985,25,0.0,hyderabad,sigma=0.25
11,v1_point_all_now,33,0,-550929882.0761325,38588.2,33,806344152.9999998,hyderabad,sigma=0.25
11,robust_all_now,30,0,-248746327.7891233,41754.2,30,504160598.7129905,hyderabad,sigma=0.25
11,staged_no_learning,21,9,-231782609.43280935,41754.2,30,487196880.3566766,hyderabad,sigma=0.25
11,staged_point_learning,21,1,161183228.79752254,39729.999999999985,22,94231042.12634468,hyderabad,sigma=0.25
11,staged_robust_learning,21,2,117970203.25697899,40153.59999999999,23,137444067.66688824,hyderabad,sigma=0.25
11,oracle_all_now,14,0,255414270.92386723,29320.199999999997,14,0.0,hyderabad,sigma=0.25
12,v1_point_all_now,33,0,917429721.9661646,68970.20000000001,33,56367736.40392685,hyderabad,sigma=0.25
12,robust_all_now,30,0,838892894.8368587,62829.0,30,134904563.5332327,hyderabad,sigma=0.25
12,staged_no_learning,21,9,799279400.7464056,62829.0,30,174518057.62368584,hyderabad,sigma=0.25
12,staged_point_learning,21,10,822840997.8975835,64923.29999999999,31,150956460.47250795,hyderabad,sigma=0.25
12,staged_robust_learning,21,18,832351896.3884597,76509.9,39,141445561.98163176,hyderabad,sigma=0.25
12,oracle_all_now,36,0,973797458.3700914,74524.5,36,0.0,hyderabad,sigma=0.25
13,v1_point_all_now,33,0,2329409329.320546,69111.90000000002,33,494117130.4619322,hyderabad,sigma=0.25
13,robust_all_now,30,0,2117644844.8368587,62829.0,30,705881614.9456196,hyderabad,sigma=0.25
13,staged_no_learning,21,9,2046150137.7464056,62829.0,30,777376322.0360727,hyderabad,sigma=0.25
13,staged_point_learning,21,19,2672593189.2581882,83772.0,40,150933270.52429008,hyderabad,sigma=0.25
13,staged_robust_learning,21,19,2672593189.2581882,83772.0,40,150933270.52429008,hyderabad,sigma=0.25
13,oracle_all_now,40,0,2823526459.7824783,83772.0,40,0.0,hyderabad,sigma=0.25
14,v1_point_all_now,33,0,1415686721.6374626,67462.0,33,369054601.6542301,hyderabad,sigma=0.25
14,robust_all_now,30,0,1348735735.3368583,62829.0,30,436005587.95483446,hyderabad,sigma=0.25
14,staged_no_learning,21,9,1296411090.9764051,62829.0,30,488330232.3152876,hyderabad,sigma=0.25
14,staged_point_learning,21,19,1619028061.0091548,81948.70000000001,40,165713262.28253794,hyderabad,sigma=0.25
14,staged_robust_learning,21,19,1623463269.6828709,82066.20000000001,40,161278053.60882187,hyderabad,sigma=0.25
14,oracle_all_now,40,0,1784741323.2916927,83442.30000000002,40,0.0,hyderabad,sigma=0.25
15,v1_point_all_now,33,0,32272403.895771027,45850.5,33,535458822.2012081,hyderabad,sigma=0.25
15,robust_all_now,30,0,304823299.6876137,48975.399999999994,30,262907926.40936542,hyderabad,sigma=0.25
15,staged_no_learning,21,9,306081991.44767404,48975.399999999994,30,261649234.6493051,hyderabad,sigma=0.25
15,staged_point_learning,21,2,506542129.8268883,44798.79999999999,23,61189096.27009082,hyderabad,sigma=0.25
15,staged_robust_learning,21,5,461984695.31087613,47782.79999999999,26,105746530.78610301,hyderabad,sigma=0.25
15,oracle_all_now,21,0,567731226.0969791,43663.899999999994,21,0.0,hyderabad,sigma=0.25
16,v1_point_all_now,33,0,2035562400.120545,69111.90000000001,33,431785963.66193247,hyderabad,sigma=0.25
16,robust_all_now,30,0,1850511272.8368578,62828.999999999985,30,616837090.9456196,hyderabad,sigma=0.25
16,staged_no_learning,21,9,1785676608.2264042,62828.999999999985,30,681671755.5560732,hyderabad,sigma=0.25
16,staged_point_learning,21,19,2330475182.9381866,83771.99999999999,40,136873180.84429073,hyderabad,sigma=0.25
16,staged_robust_learning,21,19,2326979579.190755,83702.49999999999,40,140368784.5917225,hyderabad,sigma=0.25
16,oracle_all_now,40,0,2467348363.7824774,83771.99999999999,40,0.0,hyderabad,sigma=0.25
17,v1_point_all_now,33,0,630583495.9640493,66722.9,33,49524441.72779417,hyderabad,sigma=0.25
17,robust_all_now,30,0,623840501.7000003,61996.29999999999,30,56267435.99184322,hyderabad,sigma=0.25
17,staged_no_learning,21,9,591418362.6510577,61996.29999999999,30,88689575.04078579,hyderabad,sigma=0.25
17,staged_point_learning,21,15,609673894.4726896,71979.5,36,70434043.21915388,hyderabad,sigma=0.25
17,staged_robust_learning,21,16,624233461.4633842,73975.9,37,55874476.22845936,hyderabad,sigma=0.25
17,oracle_all_now,33,0,680107937.6918435,68034.0,33,0.0,hyderabad,sigma=0.25
18,v1_point_all_now,33,0,1009454634.3670707,46394.500000000015,33,576528685.1404839,hyderabad,sigma=0.25
18,robust_all_now,30,0,1529746985.1580067,52433.7,30,56236334.34954786,hyderabad,sigma=0.25
18,staged_no_learning,21,9,1504655954.4308162,52433.7,30,81327365.07673836,hyderabad,sigma=0.25
18,staged_point_learning,21,0,1452827439.5945625,43105.2,21,133155879.912992,hyderabad,sigma=0.25
18,staged_robust_learning,21,5,1528242906.7452579,49139.8,26,57740412.76229668,hyderabad,sigma=0.25
18,oracle_all_now,26,0,1585983319.5075545,49803.000000000015,26,0.0,hyderabad,sigma=0.25
19,v1_point_all_now,33,0,836420092.175076,62914.7,33,352954949.8297577,hyderabad,sigma=0.25
19,robust_all_now,30,0,956126827.567977,61950.000000000015,30,233248214.43685675,hyderabad,sigma=0.25
19,staged_no_learning,21,9,915571072.220756,61950.000000000015,30,273803969.78407764,hyderabad,sigma=0.25
19,staged_point_learning,21,16,1052028860.3254085,74986.2,37,137346181.67942524,hyderabad,sigma=0.25
19,staged_robust_learning,21,14,1056824114.5766478,72421.50000000001,35,132550927.42818594,hyderabad,sigma=0.25
19,oracle_all_now,37,0,1189375042.0048337,76651.59999999999,37,0.0,hyderabad,sigma=0.25
20,v1_point_all_now,33,0,2344444380.1205444,69111.9,33,497306383.66193295,hyderabad,sigma=0.25
20,robust_all_now,30,0,2131313072.8368583,62829.0,30,710437690.9456191,hyderabad,sigma=0.25
20,staged_no_learning,21,9,2059477596.2264051,62829.0,30,782273167.5560722,hyderabad,sigma=0.25
20,staged_point_learning,21,19,2418054615.411421,78363.20000000001,40,423696148.37105656,hyderabad,sigma=0.25
20,staged_robust_learning,21,19,2597975100.667734,81940.4,40,243775663.11474323,hyderabad,sigma=0.25
20,oracle_all_now,40,0,2841750763.7824774,83772.0,40,0.0,hyderabad,sigma=0.25
21,v1_point_all_now,33,0,1598501033.9220557,68910.80000000002,33,350952625.8604226,hyderabad,sigma=0.25
21,robust_all_now,30,0,1462090244.8368587,62829.0,30,487363414.9456196,hyderabad,sigma=0.25
21,staged_no_learning,21,9,1406939501.7464056,62829.0,30,542514158.0360727,hyderabad,sigma=0.25
21,staged_point_learning,21,19,1833024313.2581882,83772.0,40,116429346.52429008,hyderabad,sigma=0.25
21,staged_robust_learning,21,19,1821467134.7646542,83513.30000000002,40,127986525.01782417,hyderabad,sigma=0.25
21,oracle_all_now,40,0,1949453659.7824783,83772.0,40,0.0,hyderabad,sigma=0.25
22,v1_point_all_now,33,0,2334859248.196677,68721.1,33,421355626.4462242,hyderabad,sigma=0.25
22,robust_all_now,30,0,2142087872.8368583,62829.0,30,614127001.8060431,hyderabad,sigma=0.25
22,staged_no_learning,21,9,2069983764.2264056,62829.0,30,686231110.4164958,hyderabad,sigma=0.25
22,staged_point_learning,21,19,2614751938.9101515,81999.6,40,141462935.73274994,hyderabad,sigma=0.25
22,staged_robust_learning,21,19,2669680699.378793,83091.70000000001,40,86534175.26410866,hyderabad,sigma=0.25
22,oracle_all_now,40,0,2756214874.6429014,81950.80000000002,40,0.0,hyderabad,sigma=0.25
23,v1_point_all_now,33,0,618202865.7607245,38725.79999999999,33,493868265.80997014,hyderabad,sigma=0.25
23,robust_all_now,30,0,909566644.6595163,41541.29999999999,30,202504486.91117835,hyderabad,sigma=0.25
23,staged_no_learning,21,9,903873747.8426585,41541.29999999999,30,208197383.72803617,hyderabad,sigma=0.25
23,staged_point_learning,21,1,1127475678.4113598,39000.5,22,-15404546.840665102,hyderabad,sigma=0.25
23,staged_robust_learning,21,2,1141900201.9422364,40160.600000000006,23,-29829070.37154174,hyderabad,sigma=0.25
23,oracle_all_now,22,0,1112071131.5706947,38576.899999999994,22,0.0,hyderabad,sigma=0.25
24,v1_point_all_now,33,0,744600499.3205447,69111.9,33,157945560.4619336,hyderabad,sigma=0.25
24,robust_all_now,30,0,676909544.8368587,62829.0,30,225636514.94561958,hyderabad,sigma=0.25
24,staged_no_learning,21,9,641334539.7464056,62829.0,30,261211520.03607273,hyderabad,sigma=0.25
24,staged_point_learning,21,18,757511652.7443509,80195.9,39,145034407.03812742,hyderabad,sigma=0.25
24,staged_robust_learning,21,19,827443271.2581882,83772.0,40,75102788.52429008,hyderabad,sigma=0.25
24,oracle_all_now,40,0,902546059.7824783,83772.0,40,0.0,hyderabad,sigma=0.25
25,v1_point_all_now,33,0,-366445292.651963,38548.20000000001,33,661971367.0534735,hyderabad,sigma=0.25
25,robust_all_now,30,0,-118755815.82507539,41548.899999999994,30,414281890.22658587,hyderabad,sigma=0.25
25,staged_no_learning,21,9,-109754978.67353463,41548.899999999994,30,405281053.0750451,hyderabad,sigma=0.25
25,staged_point_learning,21,1,190663647.49806666,38900.399999999994,22,104862426.90344381,hyderabad,sigma=0.25
25,staged_robust_learning,21,0,214550960.88852,38117.100000000006,21,80975113.51299047,hyderabad,sigma=0.25
25,oracle_all_now,17,0,295526074.4015105,34553.899999999994,17,0.0,hyderabad,sigma=0.25
26,v1_point_all_now,33,0,936350832.0611787,61878.5,33,161234932.02658558,hyderabad,sigma=0.25
26,robust_all_now,30,0,1083863330.1657104,61904.100000000006,30,13722433.922053814,hyderabad,sigma=0.25
26,staged_no_learning,21,9,1040357369.0843205,61904.100000000006,30,57228395.00344372,hyderabad,sigma=0.25
26,staged_point_learning,21,9,1062593806.7837758,62493.19999999998,30,34991957.30398846,hyderabad,sigma=0.25
26,staged_robust_learning,21,13,1082835496.524804,67993.1,34,14750267.562960148,hyderabad,sigma=0.25
26,oracle_all_now,31,0,1097585764.0877643,63423.29999999999,31,0.0,hyderabad,sigma=0.25
27,v1_point_all_now,33,0,2058978537.5836864,65631.2,33,192002175.63897276,hyderabad,sigma=0.25
27,robust_all_now,30,0,2036713285.3368592,62829.000000000015,30,214267427.88579988,hyderabad,sigma=0.25
27,staged_no_learning,21,9,1967236323.9764056,62829.000000000015,30,283744389.2462535,hyderabad,sigma=0.25
27,staged_point_learning,21,12,2116176153.3837767,68451.2,33,134804559.83888245,hyderabad,sigma=0.25
27,staged_robust_learning,21,12,2081282482.6301823,67721.00000000001,33,169698230.59247684,hyderabad,sigma=0.25
27,oracle_all_now,36,0,2250980713.222659,71690.2,36,0.0,hyderabad,sigma=0.25
28,v1_point_all_now,33,0,289448258.0809674,60836.2,33,239619804.12779522,hyderabad,sigma=0.25
28,robust_all_now,30,0,481137649.49546957,61077.000000000015,30,47930412.713293076,hyderabad,sigma=0.25
28,staged_no_learning,21,9,454293377.2370405,61077.000000000015,30,74774684.97172213,hyderabad,sigma=0.25
28,staged_point_learning,21,7,480120219.1393962,58480.09999999999,28,48947843.069366455,hyderabad,sigma=0.25
28,staged_robust_learning,21,13,482440023.69963837,68574.90000000001,34,46628038.50912428,hyderabad,sigma=0.25
28,oracle_all_now,30,0,529068062.20876265,62345.90000000001,30,0.0,hyderabad,sigma=0.25
29,v1_point_all_now,33,0,788563639.4338374,50785.600000000006,33,264755237.48821783,hyderabad,sigma=0.25
29,robust_all_now,30,0,1047607976.4992452,54202.5,30,5710900.422810078,hyderabad,sigma=0.25
29,staged_no_learning,21,9,1023450245.412055,54202.5,30,29868631.51000023,hyderabad,sigma=0.25
29,staged_point_learning,21,10,948132954.1281881,53220.70000000001,31,105185922.79386711,hyderabad,sigma=0.25
29,staged_robust_learning,21,3,1099414381.9940493,50133.70000000001,24,-46095505.071994066,hyderabad,sigma=0.25
29,oracle_all_now,26,0,1053318876.9220552,50507.20000000001,26,0.0,hyderabad,sigma=0.25
30,v1_point_all_now,33,0,-259423573.79818678,38128.2,33,671646126.1021149,hyderabad,sigma=0.25
30,robust_all_now,30,0,13950777.740484238,41274.90000000001,30,398271774.5634439,hyderabad,sigma=0.25
30,staged_no_learning,21,9,24206252.186949253,41274.90000000001,30,388016300.1169789,hyderabad,sigma=0.25
30,staged_point_learning,21,1,350945865.20447206,39320.90000000001,22,61276687.09945607,hyderabad,sigma=0.25
30,staged_robust_learning,21,1,328703873.9290638,38678.7,22,83518678.37486434,hyderabad,sigma=0.25
30,oracle_all_now,16,0,412222552.30392814,32729.40000000001,16,0.0,hyderabad,sigma=0.25
31,v1_point_all_now,33,0,1670815710.1205444,69111.9,33,354415453.6619334,hyderabad,sigma=0.25
31,robust_all_now,30,0,1518923372.8368583,62829.0,30,506307790.9456196,hyderabad,sigma=0.25
31,staged_no_learning,21,9,1462355694.2264051,62829.0,30,562875469.5560727,hyderabad,sigma=0.25
31,staged_point_learning,21,19,1905810508.9381876,83772.0,40,119420654.84429026,hyderabad,sigma=0.25
31,staged_robust_learning,21,19,1905810508.9381876,83772.0,40,119420654.84429026,hyderabad,sigma=0.25
31,oracle_all_now,40,0,2025231163.7824779,83772.0,40,0.0,hyderabad,sigma=0.25
32,v1_point_all_now,33,0,786239943.8705451,69111.90000000002,33,166778169.9119327,hyderabad,sigma=0.25
32,robust_all_now,30,0,714763585.3368583,62829.0,30,238254528.44561958,hyderabad,sigma=0.25
32,staged_no_learning,21,9,678244821.9764054,62829.0,30,274773291.8060725,hyderabad,sigma=0.25
32,staged_point_learning,21,19,798281142.8043208,80969.70000000001,40,154736970.97815704,hyderabad,sigma=0.25
32,staged_robust_learning,21,19,875922946.6881876,83772.0,40,77095167.09429026,hyderabad,sigma=0.25
32,oracle_all_now,40,0,953018113.7824779,83772.0,40,0.0,hyderabad,sigma=0.25
33,v1_point_all_now,33,0,1115159444.4906354,52346.600000000006,33,394993973.09818745,hyderabad,sigma=0.25
33,robust_all_now,30,0,1524033821.5993967,56138.600000000006,30,-13880404.010573864,hyderabad,sigma=0.25
33,staged_no_learning,21,9,1490064895.4024787,56138.600000000006,30,20088522.186344147,hyderabad,sigma=0.25
33,staged_point_learning,21,4,1507348179.7026606,51164.80000000002,25,2805237.886162281,hyderabad,sigma=0.25
33,staged_robust_learning,21,7,1514755900.4572215,54474.0,28,-4602482.868398666,hyderabad,sigma=0.25
33,oracle_all_now,27,0,1510153417.5888228,52846.100000000006,27,0.0,hyderabad,sigma=0.25
34,v1_point_all_now,33,0,545135068.874321,66209.40000000001,33,115812362.93776417,hyderabad,sigma=0.25
34,robust_all_now,30,0,513634687.46012115,60738.3,30,147312744.351964,hyderabad,sigma=0.25
34,staged_no_learning,21,9,486138492.99969816,60738.3,30,174808938.812387,hyderabad,sigma=0.25
34,staged_point_learning,21,19,457302971.94084644,75522.40000000001,40,203644459.8712387,hyderabad,sigma=0.25
34,staged_robust_learning,21,19,515273244.3070097,77440.90000000001,40,145674187.50507545,hyderabad,sigma=0.25
34,oracle_all_now,35,0,660947431.8120852,72733.8,35,0.0,hyderabad,sigma=0.25
35,v1_point_all_now,33,0,922782184.3205447,69111.9,33,195741675.4619336,hyderabad,sigma=0.25
35,robust_all_now,30,0,838892894.8368587,62829.0,30,279630964.9456196,hyderabad,sigma=0.25
35,staged_no_learning,21,9,799279400.7464056,62829.0,30,319244459.03607273,hyderabad,sigma=0.25
35,staged_point_learning,21,19,884819077.3429017,79438.80000000002,40,233704782.43957663,hyderabad,sigma=0.25
35,staged_robust_learning,21,19,1034895372.2581882,83772.0,40,83628487.52429008,hyderabad,sigma=0.25
35,oracle_all_now,40,0,1118523859.7824783,83772.0,40,0.0,hyderabad,sigma=0.25
36,v1_point_all_now,33,0,585442944.7282476,59715.29999999999,33,179741426.29320288,hyderabad,sigma=0.25
36,robust_all_now,30,0,663917559.2950153,58644.899999999994,30,101266811.72643518,hyderabad,sigma=0.25
36,staged_no_learning,21,9,635303602.8308158,58644.899999999994,30,129880768.19063473,hyderabad,sigma=0.25
36,staged_point_learning,21,9,706622793.2734747,61219.0,30,58561577.747975826,hyderabad,sigma=0.25
36,staged_robust_learning,21,10,725373264.283263,63193.19999999998,31,39811106.73818755,hyderabad,sigma=0.25
36,oracle_all_now,31,0,765184371.0214505,63218.600000000006,31,0.0,hyderabad,sigma=0.25
37,v1_point_all_now,33,0,2382937188.8705444,69111.9,33,505471524.91193295,hyderabad,sigma=0.25
37,robust_all_now,30,0,2166306535.3368583,62829.0,30,722102178.4456191,hyderabad,sigma=0.25
37,staged_no_learning,21,9,2093598618.9764051,62829.0,30,794810094.8060722,hyderabad,sigma=0.25
37,staged_point_learning,21,19,2542932133.5038977,79754.5,40,345476580.2785797,hyderabad,sigma=0.25
37,staged_robust_learning,21,19,2734914223.6881876,83772.0,40,153494490.09428978,hyderabad,sigma=0.25
37,oracle_all_now,40,0,2888408713.7824774,83772.0,40,0.0,hyderabad,sigma=0.25
38,v1_point_all_now,33,0,-475209683.03202415,37588.399999999994,33,679444930.2391247,hyderabad,sigma=0.25
38,robust_all_now,30,0,-232809882.45045304,40763.399999999994,30,437045129.65755355,hyderabad,sigma=0.25
38,staged_no_learning,21,9,-222864409.75317216,40763.399999999994,30,427099656.96027267,hyderabad,sigma=0.25
38,staged_point_learning,21,0,111863662.64320254,37629.399999999994,21,92371584.56389797,hyderabad,sigma=0.25
38,staged_robust_learning,21,2,63134594.15160179,39251.80000000002,23,141100653.05549872,hyderabad,sigma=0.25
38,oracle_all_now,16,0,204235247.2071005,32608.300000000017,16,0.0,hyderabad,sigma=0.25
39,v1_point_all_now,33,0,353405839.2978859,62529.399999999994,33,205109630.34622335,hyderabad,sigma=0.25
39,robust_all_now,30,0,502037560.7211485,61630.29999999999,30,56477908.92296076,hyderabad,sigma=0.25
39,staged_no_learning,21,9,473456400.863142,61630.29999999999,30,85059068.78096724,hyderabad,sigma=0.25
39,staged_point_learning,21,10,499899390.35389805,64065.100000000006,31,58616079.2902112,hyderabad,sigma=0.25
39,staged_robust_learning,21,11,544272431.0487623,67017.6,32,14243038.595346928,hyderabad,sigma=0.25
39,oracle_all_now,31,0,558515469.6441092,64736.79999999999,31,0.0,hyderabad,sigma=0.25
40,v1_point_all_now,33,0,2180200499.0202427,65901.70000000001,33,675916664.7622347,hyderabad,sigma=0.25
40,robust_all_now,30,0,2074643405.1797585,61599.5,30,781473758.6027188,hyderabad,sigma=0.25
40,staged_no_learning,21,9,2008144270.5937767,61599.5,30,847972893.1887007,hyderabad,sigma=0.25
40,staged_point_learning,21,19,2671008525.8382483,83118.1,40,185108637.94422913,hyderabad,sigma=0.25
40,staged_robust_learning,21,19,2703303880.7479763,83760.20000000001,40,152813283.03450108,hyderabad,sigma=0.25
40,oracle_all_now,40,0,2856117163.7824774,83772.0,40,0.0,hyderabad,sigma=0.25
41,v1_point_all_now,33,0,802747461.2510581,66247.9,33,16761403.819637775,hyderabad,sigma=0.25
41,robust_all_now,30,0,811233474.7069492,62382.0,30,8275390.363746643,hyderabad,sigma=0.25
41,staged_no_learning,21,9,772317105.5811486,62382.0,30,47191759.48954725,hyderabad,sigma=0.25
41,staged_point_learning,21,10,752852525.5122666,63243.5,31,66656339.55842924,hyderabad,sigma=0.25
41,staged_robust_learning,21,15,767799383.6829014,70792.6,36,51709481.387794495,hyderabad,sigma=0.25
41,oracle_all_now,31,0,819508865.0706959,63964.600000000006,31,0.0,hyderabad,sigma=0.25
42,v1_point_all_now,33,0,668525886.7540789,52506.399999999994,33,417910009.78851986,hyderabad,sigma=0.25
42,robust_all_now,30,0,971435826.3280969,55197.399999999994,30,115000070.21450186,hyderabad,sigma=0.25
42,staged_no_learning,21,9,941593409.4942603,55197.399999999994,30,144842487.0483384,hyderabad,sigma=0.25
42,staged_point_learning,21,5,973352134.6848345,51021.0,26,113083761.85776424,hyderabad,sigma=0.25
42,staged_robust_learning,21,6,1027393239.7881575,53452.5,27,59042656.75444126,hyderabad,sigma=0.25
42,oracle_all_now,26,0,1086435896.5425987,52856.399999999994,26,0.0,hyderabad,sigma=0.25
43,v1_point_all_now,33,0,1421802981.2274928,63440.3,33,222341226.53685856,hyderabad,sigma=0.25
43,robust_all_now,30,0,1405204515.8818736,60238.90000000001,30,238939691.88247776,hyderabad,sigma=0.25
43,staged_no_learning,21,9,1358087445.4749856,60238.90000000001,30,286056762.28936577,hyderabad,sigma=0.25
43,staged_point_learning,21,10,1486874870.724774,64430.8,31,157269337.03957748,hyderabad,sigma=0.25
43,staged_robust_learning,21,16,1668505815.7732334,74899.00000000001,37,-24361608.008882046,hyderabad,sigma=0.25
43,oracle_all_now,38,0,1644144207.7643514,73210.00000000001,38,0.0,hyderabad,sigma=0.25
44,v1_point_all_now,33,0,2191658802.5193357,64810.899999999994,33,604779908.7123871,hyderabad,sigma=0.25
44,robust_all_now,30,0,2020316447.6120853,59427.600000000006,30,776122263.6196375,hyderabad,sigma=0.25
44,staged_no_learning,21,9,1962102559.0751066,59427.600000000006,30,834336152.1566162,hyderabad,sigma=0.25
44,staged_point_learning,21,19,2569522175.659034,79450.0,40,226916535.57268906,hyderabad,sigma=0.25
44,staged_robust_learning,21,19,2518265056.5366163,78430.9,40,278173654.6951065,hyderabad,sigma=0.25
44,oracle_all_now,40,0,2796438711.231723,81108.70000000001,40,0.0,hyderabad,sigma=0.25
45,v1_point_all_now,33,0,494343884.6338382,54492.80000000002,33,309722074.2703924,hyderabad,sigma=0.25
45,robust_all_now,30,0,650875311.3344421,54127.70000000001,30,153190647.56978846,hyderabad,sigma=0.25
45,staged_no_learning,21,9,625620042.7845325,54127.70000000001,30,178445916.11969805,hyderabad,sigma=0.25
45,staged_point_learning,21,4,689944703.349366,48917.0,25,114121255.55486465,hyderabad,sigma=0.25
45,staged_robust_learning,21,7,746821314.8224778,54415.0,28,57244644.08175278,hyderabad,sigma=0.25
45,oracle_all_now,25,0,804065958.9042306,51066.30000000002,25,0.0,hyderabad,sigma=0.25
46,v1_point_all_now,33,0,936181910.3148036,57999.79999999999,33,228926442.54199457,hyderabad,sigma=0.25
46,robust_all_now,30,0,1033367885.080061,56468.5,30,131740467.77673721,hyderabad,sigma=0.25
46,staged_no_learning,21,9,1002523305.4531727,56468.5,30,162585047.4036255,hyderabad,sigma=0.25
46,staged_point_learning,21,8,1114678626.4482174,57757.19999999998,29,50429726.40858078,hyderabad,sigma=0.25
46,staged_robust_learning,21,9,1164489098.3728104,60094.0,30,619254.4839878082,hyderabad,sigma=0.25
46,oracle_all_now,27,0,1165108352.8567982,55646.399999999994,27,0.0,hyderabad,sigma=0.25
47,v1_point_all_now,33,0,357323230.5457709,61208.90000000001,33,158039521.02673745,hyderabad,sigma=0.25
47,robust_all_now,30,0,479642926.26253843,60767.40000000001,30,35719825.3099699,hyderabad,sigma=0.25
47,staged_no_learning,21,9,452610099.64250803,60767.40000000001,30,62752651.930000305,hyderabad,sigma=0.25
47,staged_point_learning,21,11,454825511.2554383,63990.3,32,60537240.31707001,hyderabad,sigma=0.25
47,staged_robust_learning,21,15,463295935.8823874,70581.90000000001,36,52066815.690120935,hyderabad,sigma=0.25
47,oracle_all_now,29,0,515362751.57250834,60453.000000000015,29,0.0,hyderabad,sigma=0.25
48,v1_point_all_now,33,0,2256955822.604231,67517.00000000001,33,283178312.46344423,hyderabad,sigma=0.25
48,robust_all_now,30,0,2117001351.3145013,62568.09999999999,30,423132783.7531738,hyderabad,sigma=0.25
48,staged_no_learning,21,9,2046355250.6479154,62568.09999999999,30,493778884.41975975,hyderabad,sigma=0.25
48,staged_point_learning,21,15,2339857306.274744,73446.50000000001,36,200276828.79293108,hyderabad,sigma=0.25
48,staged_robust_learning,21,17,2540958333.3652573,79125.8,38,-824198.2975821495,hyderabad,sigma=0.25
48,oracle_all_now,39,0,2540134135.067675,77474.40000000001,39,0.0,hyderabad,sigma=0.25
49,v1_point_all_now,33,0,904243876.9296083,64562.20000000001,33,275991935.8093648,hyderabad,sigma=0.25
49,robust_all_now,30,0,889550424.1051373,60332.80000000002,30,290685388.6338358,hyderabad,sigma=0.25
49,staged_no_learning,21,9,854459761.6842608,60332.80000000002,30,325776051.0547123,hyderabad,sigma=0.25
49,staged_point_learning,21,13,1027641371.6413603,70304.30000000002,34,152594441.09761286,hyderabad,sigma=0.25
49,staged_robust_learning,21,13,1027641371.6413603,70304.30000000002,34,152594441.09761286,hyderabad,sigma=0.25
49,oracle_all_now,37,0,1180235812.7389731,76429.6,37,0.0,hyderabad,sigma=0.25
50,v1_point_all_now,33,0,533847576.97250795,52144.90000000001,33,326888215.6105745,hyderabad,sigma=0.25
50,robust_all_now,30,0,814664046.9842906,54905.8,30,46071745.59879184,hyderabad,sigma=0.25
50,staged_no_learning,21,9,786463430.7283387,54905.8,30,74272361.85474372,hyderabad,sigma=0.25
50,staged_point_learning,21,5,867592388.6229615,51867.90000000001,26,-6856596.039879084,hyderabad,sigma=0.25
50,staged_robust_learning,21,5,867592388.6229615,51867.90000000001,26,-6856596.039879084,hyderabad,sigma=0.25
50,oracle_all_now,24,0,860735792.5830824,48685.000000000015,24,0.0,hyderabad,sigma=0.25
51,v1_point_all_now,33,0,541416314.827795,37357.0,33,611242888.7432022,hyderabad,sigma=0.25
51,robust_all_now,30,0,856864996.1873116,40072.0,30,295794207.3836856,hyderabad,sigma=0.25
51,staged_no_learning,21,9,862640785.5639882,40072.0,30,290018418.007009,hyderabad,sigma=0.25
51,staged_point_learning,21,0,1151364879.3462238,37293.399999999994,21,1294324.224773407,hyderabad,sigma=0.25
51,staged_robust_learning,21,0,1151364879.3462238,37293.399999999994,21,1294324.224773407,hyderabad,sigma=0.25
51,oracle_all_now,20,0,1152659203.5709972,36458.0,20,0.0,hyderabad,sigma=0.25
52,v1_point_all_now,33,0,470778252.4776435,63953.09999999999,33,109156906.34803677,hyderabad,sigma=0.25
52,robust_all_now,30,0,499032238.6078553,60295.2,30,80902920.21782494,hyderabad,sigma=0.25
52,staged_no_learning,21,9,472749580.9926889,60295.2,30,107185577.83299136,hyderabad,sigma=0.25
52,staged_point_learning,21,10,489343254.77395797,62418.2,31,90591904.05172229,hyderabad,sigma=0.25
52,staged_robust_learning,21,9,537285889.4209676,62431.000000000015,30,42649269.40471268,hyderabad,sigma=0.25
52,oracle_all_now,32,0,579935158.8256803,65760.3,32,0.0,hyderabad,sigma=0.25
53,v1_point_all_now,33,0,2365074574.3205447,69111.9,33,501682485.4619336,hyderabad,sigma=0.25
53,robust_all_now,30,0,2150067794.8368587,62829.0,30,716689264.9456196,hyderabad,sigma=0.25
53,staged_no_learning,21,9,2077764734.7464056,62829.0,30,788992325.0360727,hyderabad,sigma=0.25
53,staged_point_learning,21,19,2615582721.371421,81971.1,40,251174338.41105747,hyderabad,sigma=0.25
53,staged_robust_learning,21,19,2714117266.2581882,83772.0,40,152639793.52429008,hyderabad,sigma=0.25
53,oracle_all_now,40,0,2866757059.7824783,83772.0,40,0.0,hyderabad,sigma=0.25
54,v1_point_all_now,33,0,994076539.3205447,69111.9,33,210864720.4619336,hyderabad,sigma=0.25
54,robust_all_now,30,0,903705944.8368587,62829.0,30,301235314.9456196,hyderabad,sigma=0.25
54,staged_no_learning,21,9,862476563.7464056,62829.0,30,342464696.03607273,hyderabad,sigma=0.25
54,staged_point_learning,21,19,1098142725.855167,83201.5,40,106798533.92731142,hyderabad,sigma=0.25
54,staged_robust_learning,21,19,1117901455.2581882,83772.0,40,87039804.52429008,hyderabad,sigma=0.25
54,oracle_all_now,40,0,1204941259.7824783,83772.0,40,0.0,hyderabad,sigma=0.25
55,v1_point_all_now,33,0,-98216687.14033198,50064.3,33,409901110.72175217,hyderabad,sigma=0.25
55,robust_all_now,30,0,145443191.50604296,53281.000000000015,30,166241232.07537723,hyderabad,sigma=0.25
55,staged_no_learning,21,9,139566831.33770466,53281.000000000015,30,172117592.24371552,hyderabad,sigma=0.25
55,staged_point_learning,21,5,265019572.26918435,51046.59999999999,26,46664851.31223583,hyderabad,sigma=0.25
55,staged_robust_learning,21,8,160257489.41214538,52337.2,29,151426934.1692748,hyderabad,sigma=0.25
55,oracle_all_now,22,0,311684423.5814202,45857.7,22,0.0,hyderabad,sigma=0.25
56,v1_point_all_now,33,0,334769253.8705442,69111.9,33,71011659.91193366,hyderabad,sigma=0.25
56,robust_all_now,30,0,304335685.3368583,62829.0,30,101445228.44561958,hyderabad,sigma=0.25
56,staged_no_learning,21,9,278049507.97640514,62829.0,30,127731405.80607271,hyderabad,sigma=0.25
56,staged_point_learning,21,19,350287872.6881876,83772.0,40,55493041.09429026,hyderabad,sigma=0.25
56,staged_robust_learning,21,19,350287872.6881876,83772.0,40,55493041.09429026,hyderabad,sigma=0.25
56,oracle_all_now,40,0,405780913.78247786,83772.0,40,0.0,hyderabad,sigma=0.25
57,v1_point_all_now,33,0,1636678771.176435,66768.59999999999,33,485565888.6060438,hyderabad,sigma=0.25
57,robust_all_now,30,0,1591683494.8368592,62829.000000000015,30,530561164.9456196,hyderabad,sigma=0.25
57,staged_no_learning,21,9,1533301796.746406,62829.000000000015,30,588942863.0360727,hyderabad,sigma=0.25
57,staged_point_learning,21,19,1958841366.0085201,82873.2,40,163403293.77395868,hyderabad,sigma=0.25
57,staged_robust_learning,21,19,1986601824.9025383,83494.59999999999,40,135642834.8799405,hyderabad,sigma=0.25
57,oracle_all_now,40,0,2122244659.7824788,83772.00000000001,40,0.0,hyderabad,sigma=0.25
58,v1_point_all_now,33,0,761029317.2646525,68277.59999999999,33,183603384.93549943,hyderabad,sigma=0.25
58,robust_all_now,30,0,714763585.3368587,62829.000000000015,30,229869116.86329317,hyderabad,sigma=0.25
58,staged_no_learning,21,9,678244821.9764056,62829.000000000015,30,266387880.2237463,hyderabad,sigma=0.25
58,staged_point_learning,21,19,797064829.3509068,80925.8,40,147567872.84924507,hyderabad,sigma=0.25
58,staged_robust_learning,21,19,865907062.555862,83410.50000000001,40,78725639.64428997,hyderabad,sigma=0.25
58,oracle_all_now,40,0,944632702.2001519,83494.50000000001,40,0.0,hyderabad,sigma=0.25
59,v1_point_all_now,33,0,1066309025.5137467,65035.3,33,127737617.11208487,hyderabad,sigma=0.25
59,robust_all_now,30,0,1089597990.6915417,62043.40000000001,30,104448651.93428993,hyderabad,sigma=0.25
59,staged_no_learning,21,9,1045615450.5162244,62043.40000000001,30,148431192.10960722,hyderabad,sigma=0.25
59,staged_point_learning,21,15,1115530609.883112,71341.09999999999,36,78516032.74271965,hyderabad,sigma=0.25
59,staged_robust_learning,21,16,1192049793.3432932,74609.2,37,1996849.282538414,hyderabad,sigma=0.25
59,oracle_all_now,35,0,1194046642.6258316,70509.90000000001,35,0.0,hyderabad,sigma=0.25
60,v1_point_all_now,33,0,1547775767.986858,56506.899999999994,33,140983591.66812658,hyderabad,sigma=0.25
60,robust_all_now,30,0,1653126488.5780973,56091.100000000006,30,35632871.07688713,hyderabad,sigma=0.25
60,staged_no_learning,21,9,1609365123.90278,56091.100000000006,30,79394235.75220442,hyderabad,sigma=0.25
60,staged_point_learning,21,5,1576412024.4486408,51978.0,26,112347335.20634365,hyderabad,sigma=0.25
60,staged_robust_learning,21,6,1687358925.5686412,55155.600000000006,27,1400434.0863432884,hyderabad,sigma=0.25
60,oracle_all_now,30,0,1688759359.6549845,56774.79999999999,30,0.0,hyderabad,sigma=0.25
61,v1_point_all_now,33,0,987071842.9123874,53436.0,33,374219729.5640478,hyderabad,sigma=0.25
61,robust_all_now,30,0,1148024658.0987916,53723.29999999999,30,213266914.3776436,hyderabad,sigma=0.25
61,staged_no_learning,21,9,1119021514.1294866,53723.29999999999,30,242270058.34694862,hyderabad,sigma=0.25
61,staged_point_learning,21,7,1224490446.1321454,53980.399999999994,28,136801126.34428978,hyderabad,sigma=0.25
61,staged_robust_learning,21,3,1163738566.3172817,48413.0,24,197553006.15915346,hyderabad,sigma=0.25
61,oracle_all_now,27,0,1361291572.4764352,55084.29999999999,27,0.0,hyderabad,sigma=0.25
62,v1_point_all_now,33,0,791230356.5827799,52293.40000000001,33,266319437.2802117,hyderabad,sigma=0.25
62,robust_all_now,30,0,1091474665.04275,56579.90000000001,30,-33924871.17975831,hyderabad,sigma=0.25
62,staged_no_learning,21,9,1060529707.802629,56579.90000000001,30,-2979913.9396374226,hyderabad,sigma=0.25
62,staged_point_learning,21,6,1046840044.2515717,53045.40000000001,27,10709749.611419916,hyderabad,sigma=0.25
62,staged_robust_learning,21,7,1096753116.8470993,55424.999999999985,28,-39203322.98410773,hyderabad,sigma=0.25
62,oracle_all_now,26,0,1057549793.8629916,51746.90000000001,26,0.0,hyderabad,sigma=0.25
63,v1_point_all_now,33,0,2098653049.2607255,66364.3,33,166253904.95558834,hyderabad,sigma=0.25
63,robust_all_now,30,0,1957813064.8359518,61241.7,30,307093889.38036203,hyderabad,sigma=0.25
63,staged_no_learning,21,9,1895368469.3516011,61241.7,30,369538484.8647127,hyderabad,sigma=0.25
63,staged_point_learning,21,19,1980971987.6691847,71873.8,40,283934966.54712915,hyderabad,sigma=0.25
63,staged_robust_learning,21,16,2199245345.4729314,73534.50000000001,37,65661608.743382454,hyderabad,sigma=0.25
63,oracle_all_now,38,0,2264906954.216314,73653.59999999999,38,0.0,hyderabad,sigma=0.25
64,v1_point_all_now,33,0,1419064328.400906,65271.69999999998,33,71275834.10241747,hyderabad,sigma=0.25
64,robust_all_now,30,0,1443335522.8368583,62829.0,30,47004639.66646528,hyderabad,sigma=0.25
64,staged_no_learning,21,9,1388652363.2264051,62829.0,30,101687799.27691841,hyderabad,sigma=0.25
64,staged_point_learning,21,9,1367030620.2804232,62291.899999999994,30,123309542.22290039,hyderabad,sigma=0.25
64,staged_robust_learning,21,11,1460871417.2875524,66723.19999999998,32,29468745.2157712,hyderabad,sigma=0.25
64,oracle_all_now,32,0,1490340162.5033236,65896.6,32,0.0,hyderabad,sigma=0.25
65,v1_point_all_now,33,0,1076377038.8410873,47728.399999999994,33,357383597.460423,hyderabad,sigma=0.25
65,robust_all_now,30,0,1399282910.1081567,51059.79999999999,30,34477726.19335365,hyderabad,sigma=0.25
65,staged_no_learning,21,9,1380352880.346284,51059.79999999999,30,53407755.95522642,hyderabad,sigma=0.25
65,staged_point_learning,21,6,1405246421.0546837,48875.70000000001,27,28514215.24682665,hyderabad,sigma=0.25
65,staged_robust_learning,21,5,1337437346.0799398,46634.5,26,96323290.22157049,hyderabad,sigma=0.25
65,oracle_all_now,25,0,1433760636.3015103,47429.79999999999,25,0.0,hyderabad,sigma=0.25
66,v1_point_all_now,33,0,532357991.70453167,65100.19999999998,33,112762805.77250814,hyderabad,sigma=0.25
66,robust_all_now,30,0,604149422.8368583,62829.0,30,40971374.64018154,hyderabad,sigma=0.25
66,staged_no_learning,21,9,570388437.2264051,62829.0,30,74732360.25063467,hyderabad,sigma=0.25
66,staged_point_learning,21,8,554001343.7552264,60734.69999999998,29,91119453.72181344,hyderabad,sigma=0.25
66,staged_robust_learning,21,12,568024615.5087008,67406.69999999998,33,77096181.96833897,hyderabad,sigma=0.25
66,oracle_all_now,33,0,645120797.4770398,68521.9,33,0.0,hyderabad,sigma=0.25
67,v1_point_all_now,33,0,1102574834.2137465,62453.5,33,151733383.38610315,hyderabad,sigma=0.25
67,robust_all_now,30,0,1226449106.095016,62219.70000000001,30,27859111.5048337,hyderabad,sigma=0.25
67,staged_no_learning,21,9,1178632445.8496385,62219.70000000001,30,75675771.75021124,hyderabad,sigma=0.25
67,staged_point_learning,21,11,1199628510.964562,65047.899999999994,32,54679706.63528776,hyderabad,sigma=0.25
67,staged_robust_learning,21,14,1216673264.974834,68907.4,35,37634952.625015736,hyderabad,sigma=0.25
67,oracle_all_now,32,0,1254308217.5998497,65058.30000000002,32,0.0,hyderabad,sigma=0.25
68,v1_point_all_now,33,0,1145507371.9717522,52890.899999999994,33,255434160.5945611,hyderabad,sigma=0.25
68,robust_all_now,30,0,1485072476.7729616,56596.100000000006,30,-84130944.20664835,hyderabad,sigma=0.25
68,staged_no_learning,21,9,1447389806.7410884,56596.100000000006,30,-46448274.17477512,hyderabad,sigma=0.25
68,staged_point_learning,21,8,1380029744.2862234,54206.29999999999,29,20911788.280089855,hyderabad,sigma=0.25
68,staged_robust_learning,21,8,1428126813.052991,55212.79999999999,29,-27185280.486677647,hyderabad,sigma=0.25
68,oracle_all_now,27,0,1400941532.5663133,52171.69999999998,27,0.0,hyderabad,sigma=0.25
69,v1_point_all_now,33,0,1941062602.3305144,64196.600000000006,33,707077501.2214494,hyderabad,sigma=0.25
69,robust_all_now,30,0,1864349373.4468288,60032.100000000006,30,783790730.105135,hyderabad,sigma=0.25
69,staged_no_learning,21,9,1808878862.2892456,60032.100000000006,30,839261241.2627182,hyderabad,sigma=0.25
69,staged_point_learning,21,19,2419471055.3572817,81168.0,40,228669048.19468212,hyderabad,sigma=0.25
69,staged_robust_learning,21,19,2561946459.2581882,83772.0,40,86193644.29377556,hyderabad,sigma=0.25
69,oracle_all_now,40,0,2648140103.551964,82763.29999999999,40,0.0,hyderabad,sigma=0.25
70,v1_point_all_now,33,0,1244220171.1132946,62371.500000000015,33,140786269.48851871,hyderabad,sigma=0.25
70,robust_all_now,30,0,1158381392.9211483,57261.09999999999,30,226625047.68066502,hyderabad,sigma=0.25
70,staged_no_learning,21,9,1124947965.3792148,57261.09999999999,30,260058475.22259855,hyderabad,sigma=0.25
70,staged_point_learning,21,11,1377980186.7578263,65250.500000000015,32,7026253.843986988,hyderabad,sigma=0.25
70,staged_robust_learning,21,11,1367731958.12846,65021.09999999999,32,17274482.473353386,hyderabad,sigma=0.25
70,oracle_all_now,32,0,1385006440.6018133,64144.8,32,0.0,hyderabad,sigma=0.25
71,v1_point_all_now,33,0,1352909013.8705444,69111.9,33,286980699.9119334,hyderabad,sigma=0.25
71,robust_all_now,30,0,1229917285.3368583,62829.0,30,409972428.4456196,hyderabad,sigma=0.25
71,staged_no_learning,21,9,1180554963.9764051,62829.0,30,459334749.8060727,hyderabad,sigma=0.25
71,staged_point_learning,21,19,1470265759.0579762,82039.0,40,169623954.7245016,hyderabad,sigma=0.25
71,staged_robust_learning,21,19,1535680368.6881876,83772.0,40,104209345.09429026,hyderabad,sigma=0.25
71,oracle_all_now,40,0,1639889713.7824779,83772.0,40,0.0,hyderabad,sigma=0.25
72,v1_point_all_now,33,0,-520179085.1723559,31382.70000000001,33,724225098.7545316,hyderabad,sigma=0.25
72,robust_all_now,30,0,-304829122.81903327,34091.399999999994,30,508875136.401209,hyderabad,sigma=0.25
72,staged_no_learning,21,9,-297663837.0753776,34091.399999999994,30,501709850.6575533,hyderabad,sigma=0.25
72,staged_point_learning,21,1,-21596487.15513599,31674.399999999994,22,225642500.73731172,hyderabad,sigma=0.25
72,staged_robust_learning,21,0,6390524.316163182,31136.899999999994,21,197655489.26601255,hyderabad,sigma=0.25
72,oracle_all_now,12,0,204046013.58217573,24424.20000000001,12,0.0,hyderabad,sigma=0.25
73,v1_point_all_now,33,0,543811141.6241698,60400.600000000006,33,145703984.82749224,hyderabad,sigma=0.25
73,robust_all_now,30,0,663327283.0042298,60036.399999999994,30,26187843.44743228,hyderabad,sigma=0.25
73,staged_no_learning,21,9,633033019.9609671,60036.399999999994,30,56482106.490695,hyderabad,sigma=0.25
73,staged_point_learning,21,12,584994927.769306,62643.70000000001,33,104520198.68235612,hyderabad,sigma=0.25
73,staged_robust_learning,21,12,640907459.4275534,64494.100000000006,33,48607667.02410865,hyderabad,sigma=0.25
73,oracle_all_now,28,0,689515126.4516621,58170.5,28,0.0,hyderabad,sigma=0.25
74,v1_point_all_now,33,0,1621427293.6925983,55868.5,33,205803627.2572508,hyderabad,sigma=0.25
74,robust_all_now,30,0,1859292112.7048335,58181.79999999999,30,-32061191.75498438,hyderabad,sigma=0.25
74,staged_no_learning,21,9,1808328233.9466763,58181.79999999999,30,18902687.003172874,hyderabad,sigma=0.25
74,staged_point_learning,21,7,1824624210.194169,56935.399999999994,28,2606710.755680084,hyderabad,sigma=0.25
74,staged_robust_learning,21,8,1860721702.4193053,58484.5,29,-33490781.469456196,hyderabad,sigma=0.25
74,oracle_all_now,29,0,1827230920.9498491,56816.399999999994,29,0.0,hyderabad,sigma=0.25
75,v1_point_all_now,33,0,1436794350.8895774,66531.7,33,331344816.2226591,hyderabad,sigma=0.25
75,robust_all_now,30,0,1400979157.8027196,62786.2,30,367160009.3095169,hyderabad,sigma=0.25
75,staged_no_learning,21,9,1347454506.6254683,62786.2,30,420684660.48676825,hyderabad,sigma=0.25
75,staged_point_learning,21,15,1593837561.803475,75394.8,36,174301605.3087616,hyderabad,sigma=0.25
75,staged_robust_learning,21,19,1663608517.696889,81297.40000000001,40,104530649.41534758,hyderabad,sigma=0.25
75,oracle_all_now,40,0,1768139167.1122365,81289.90000000001,40,0.0,hyderabad,sigma=0.25
76,v1_point_all_now,33,0,771487830.1205444,69111.9,33,163648933.66193342,hyderabad,sigma=0.25
76,robust_all_now,30,0,701352572.8368583,62829.0,30,233784190.94561958,hyderabad,sigma=0.25
76,staged_no_learning,21,9,665168166.2264051,62829.0,30,269968597.5560727,hyderabad,sigma=0.25
76,staged_point_learning,21,19,858747460.9381876,83772.0,40,76389302.84429026,hyderabad,sigma=0.25
76,staged_robust_learning,21,19,846340583.7771001,83361.4,40,88796180.00537777,hyderabad,sigma=0.25
76,oracle_all_now,40,0,935136763.7824779,83772.0,40,0.0,hyderabad,sigma=0.25
77,v1_point_all_now,33,0,290320046.7638979,52308.100000000006,33,233481304.8197875,hyderabad,sigma=0.25
77,robust_all_now,30,0,502392762.3788521,55444.399999999994,30,21408589.20483327,hyderabad,sigma=0.25
77,staged_no_learning,21,9,482109755.6222055,55444.399999999994,30,41691595.9614799,hyderabad,sigma=0.25
77,staged_point_learning,21,7,514589542.8599093,53878.79999999999,28,9211808.723776102,hyderabad,sigma=0.25
77,staged_robust_learning,21,9,479718688.40057445,55358.100000000006,30,44082663.18311095,hyderabad,sigma=0.25
77,oracle_all_now,23,0,523801351.5836854,47095.19999999998,23,0.0,hyderabad,sigma=0.25
78,v1_point_all_now,33,0,-61025194.58519602,56013.8,33,299030382.80392766,hyderabad,sigma=0.25
78,robust_all_now,30,0,154072131.5515108,57856.3,30,83933056.66722083,hyderabad,sigma=0.25
78,staged_no_learning,21,9,140273610.25906372,57856.3,30,97731577.95966792,hyderabad,sigma=0.25
78,staged_point_learning,21,4,218521140.27223563,51512.59999999999,25,19484047.94649601,hyderabad,sigma=0.25
78,staged_robust_learning,21,7,225411254.9842596,57261.999999999985,28,12593933.234472036,hyderabad,sigma=0.25
78,oracle_all_now,24,0,238005188.21873164,50082.40000000001,24,0.0,hyderabad,sigma=0.25
79,v1_point_all_now,33,0,1939650324.5918431,65849.4,33,187669927.51571035,hyderabad,sigma=0.25
79,robust_all_now,30,0,1904015891.987764,62562.69999999998,30,223304360.1197896,hyderabad,sigma=0.25
79,staged_no_learning,21,9,1838654663.531208,62562.69999999998,30,288665588.57634544,hyderabad,sigma=0.25
79,staged_point_learning,21,12,1936186730.8655896,67337.1,33,191133521.24196386,hyderabad,sigma=0.25
79,staged_robust_learning,21,15,2087540684.4910874,73237.79999999999,36,39779567.616466045,hyderabad,sigma=0.25
79,oracle_all_now,35,0,2127320252.1075535,71185.6,35,0.0,hyderabad,sigma=0.25
0,v1_point_all_now,33,0,636818499.0743208,54293.399999999994,33,663093995.5419941,hyderabad,sigma=0.5
0,robust_all_now,29,0,901144785.3755283,54721.69999999998,29,398767709.24078655,hyderabad,sigma=0.5
0,staged_no_learning,14,15,842789803.8238668,54721.69999999998,29,457122690.79244804,hyderabad,sigma=0.5
0,staged_point_learning,14,24,824349823.7114806,65970.19999999998,38,475562670.9048343,hyderabad,sigma=0.5
0,staged_robust_learning,14,21,1052691840.0430822,67194.4,35,247220654.57323265,hyderabad,sigma=0.5
0,oracle_all_now,34,0,1299912494.616315,69152.0,34,0.0,hyderabad,sigma=0.5
1,v1_point_all_now,33,0,528864253.4755292,59587.40000000001,33,220418525.91027188,hyderabad,sigma=0.5
1,robust_all_now,29,0,587382996.23142,56085.59999999999,29,161899783.15438104,hyderabad,sigma=0.5
1,staged_no_learning,14,15,531318642.0135348,56085.59999999999,29,217964137.3722663,hyderabad,sigma=0.5
1,staged_point_learning,14,16,536354681.0424175,57640.40000000001,30,212928098.34338355,hyderabad,sigma=0.5
1,staged_robust_learning,14,15,563054986.588037,57135.90000000001,29,186227792.79776406,hyderabad,sigma=0.5
1,oracle_all_now,30,0,749282779.3858011,62317.7,30,0.0,hyderabad,sigma=0.5
2,v1_point_all_now,33,0,2120666510.5141993,65613.79999999999,33,702859949.2682791,hyderabad,sigma=0.5
2,robust_all_now,29,0,2003883123.5794578,60011.20000000001,29,819643336.2030206,hyderabad,sigma=0.5
2,staged_no_learning,14,15,1888313218.0984907,60011.20000000001,29,935213241.6839876,hyderabad,sigma=0.5
2,staged_point_learning,14,26,2320928433.5227804,78361.0,40,502598026.2596979,hyderabad,sigma=0.5
2,staged_robust_learning,14,26,2572262924.8281584,82954.6,40,251263534.95431995,hyderabad,sigma=0.5
2,oracle_all_now,40,0,2823526459.7824783,83772.0,40,0.0,hyderabad,sigma=0.5
3,v1_point_all_now,33,0,-720153794.1308156,27093.699999999997,33,891353267.9498492,hyderabad,sigma=0.5
3,robust_all_now,29,0,-467562939.81722033,28825.5,29,638762413.636254,hyderabad,sigma=0.5
3,staged_no_learning,14,15,-454145039.2541387,28825.5,29,625344513.0731723,hyderabad,sigma=0.5
3,staged_point_learning,14,0,68894215.30997014,22855.600000000006,14,102305258.50906348,hyderabad,sigma=0.5
3,staged_robust_learning,14,3,-51525303.11589098,23526.300000000003,17,222724776.9349246,hyderabad,sigma=0.5
3,oracle_all_now,10,0,171199473.81903362,20027.100000000006,10,0.0,hyderabad,sigma=0.5
4,v1_point_all_now,33,0,737706014.3646536,60035.70000000001,33,639504149.4178243,hyderabad,sigma=0.5
4,robust_all_now,29,0,749864177.1637473,55072.20000000001,29,627345986.6187305,hyderabad,sigma=0.5
4,staged_no_learning,14,15,695933717.5540795,55072.20000000001,29,681276446.2283983,hyderabad,sigma=0.5
4,staged_point_learning,14,21,923181969.1497288,68887.5,35,454028194.6327491,hyderabad,sigma=0.5
4,staged_robust_learning,14,26,1014750437.533536,77970.70000000001,40,362459726.2489419,hyderabad,sigma=0.5
4,oracle_all_now,40,0,1377210163.7824779,83772.0,40,0.0,hyderabad,sigma=0.5
5,v1_point_all_now,33,0,462275689.7564955,53826.399999999994,33,385845838.9166174,hyderabad,sigma=0.5
5,robust_all_now,29,0,441844598.2561946,48166.80000000002,29,406276930.4169183,hyderabad,sigma=0.5
5,staged_no_learning,14,15,400283109.3171611,48166.80000000002,29,447838419.3559518,hyderabad,sigma=0.5
5,staged_point_learning,14,12,618503219.389426,49910.399999999994,26,229618309.28368688,hyderabad,sigma=0.5
5,staged_robust_learning,14,17,666409274.0848942,57908.899999999994,31,181712254.5882187,hyderabad,sigma=0.5
5,oracle_all_now,28,0,848121528.6731129,56744.80000000002,28,0.0,hyderabad,sigma=0.5
6,v1_point_all_now,33,0,-400059550.8462231,31819.40000000001,33,655357134.070997,hyderabad,sigma=0.5
6,robust_all_now,29,0,-153671862.30286992,34511.5,29,408969445.5276438,hyderabad,sigma=0.5
6,staged_no_learning,14,15,-163510515.93679738,34511.5,29,418808099.16157126,hyderabad,sigma=0.5
6,staged_point_learning,14,2,139174415.81365585,26711.0,16,116123167.41111803,hyderabad,sigma=0.5
6,staged_robust_learning,14,4,159402868.6640488,30321.90000000001,18,95894714.5607251,hyderabad,sigma=0.5
6,oracle_all_now,14,0,255297583.22477388,27564.40000000001,14,0.0,hyderabad,sigma=0.5
7,v1_point_all_now,33,0,1178910637.1302114,57908.09999999999,33,357601368.0126896,hyderabad,sigma=0.5
7,robust_all_now,29,0,1092046987.5202422,52165.2,29,444465017.6226587,hyderabad,sigma=0.5
7,staged_no_learning,14,15,1017659373.1920242,52165.2,29,518852631.9508767,hyderabad,sigma=0.5
7,staged_point_learning,14,8,926707128.4171605,42956.8,22,609804876.7257404,hyderabad,sigma=0.5
7,staged_robust_learning,14,15,1193431140.5073118,56531.500000000015,29,343080864.6355891,hyderabad,sigma=0.5
7,oracle_all_now,36,0,1536512005.142901,68876.3,36,0.0,hyderabad,sigma=0.5
8,v1_point_all_now,33,0,81623112.79123855,32915.899999999994,33,585184037.6450152,hyderabad,sigma=0.5
8,robust_all_now,29,0,328043831.7945621,34764.0,29,338763318.6416917,hyderabad,sigma=0.5
8,staged_no_learning,14,15,304554352.33975863,34764.0,29,362252798.09649515,hyderabad,sigma=0.5
8,staged_point_learning,14,5,530504029.48658633,30449.5,19,136303120.94966745,hyderabad,sigma=0.5
8,staged_robust_learning,14,7,515800308.7900305,32069.699999999997,21,151006841.6462233,hyderabad,sigma=0.5
8,oracle_all_now,17,0,666807150.4362538,31186.399999999994,17,0.0,hyderabad,sigma=0.5
9,v1_point_all_now,33,0,1991241795.702417,65037.499999999985,33,672031431.2163157,hyderabad,sigma=0.5
9,robust_all_now,29,0,1740948064.9561934,57004.499999999985,29,922325161.9625392,hyderabad,sigma=0.5
9,staged_no_learning,14,15,1636203994.4402418,57004.499999999985,29,1027069232.4784908,hyderabad,sigma=0.5
9,staged_point_learning,14,25,2161781486.0561934,76586.59999999999,39,501491740.8625393,hyderabad,sigma=0.5
9,staged_robust_learning,14,26,2415664531.4696083,82224.40000000001,40,247608695.44912434,hyderabad,sigma=0.5
9,oracle_all_now,40,0,2663273226.9187326,83016.90000000001,40,0.0,hyderabad,sigma=0.5
10,v1_point_all_now,33,0,-60670821.42235613,47105.2,33,564767396.3984892,hyderabad,sigma=0.5
10,robust_all_now,29,0,199245973.7169187,49059.3,29,304850601.2592144,hyderabad,sigma=0.5
10,staged_no_learning,14,15,174335171.61836886,49059.3,29,329761403.35776424,hyderabad,sigma=0.5
10,staged_point_learning,14,18,159579580.96797633,53226.90000000001,32,344516994.0081568,hyderabad,sigma=0.5
10,staged_robust_learning,14,18,244635885.20749283,56041.8,32,259460689.76864028,hyderabad,sigma=0.5
10,oracle_all_now,26,0,504096574.9761331,53860.09999999999,26,0.0,hyderabad,sigma=0.5
11,v1_point_all_now,33,0,-200096183.40815616,47876.100000000006,33,583995138.8879156,hyderabad,sigma=0.5
11,robust_all_now,29,0,69878742.56767464,48578.100000000006,29,314020212.9120848,hyderabad,sigma=0.5
11,staged_no_learning,14,15,52146216.06139064,48578.100000000006,29,331752739.4183688,hyderabad,sigma=0.5
11,staged_point_learning,14,10,192186125.68773484,44265.0,24,191712829.7920246,hyderabad,sigma=0.5
11,staged_robust_learning,14,12,181577488.3422358,47301.29999999999,26,202321467.13752365,hyderabad,sigma=0.5
11,oracle_all_now,22,0,383898955.47975945,45612.20000000001,22,0.0,hyderabad,sigma=0.5
12,v1_point_all_now,33,0,922782184.3205447,69111.9,33,142988028.20392752,hyderabad,sigma=0.5
12,robust_all_now,29,0,810929798.3422976,60734.70000000001,29,254840414.18217468,hyderabad,sigma=0.5
12,staged_no_learning,14,15,744907308.1915421,60734.70000000001,29,320862904.3329301,hyderabad,sigma=0.5
12,staged_point_learning,14,17,782859404.2538981,64658.5,31,282910808.2705741,hyderabad,sigma=0.5
12,staged_robust_learning,14,24,853741803.0783095,76603.1,38,212028409.4461627,hyderabad,sigma=0.5
12,oracle_all_now,39,0,1065770212.5244722,81021.4,39,0.0,hyderabad,sigma=0.5
13,v1_point_all_now,33,0,2270637195.2356505,68127.0,33,552889264.5468278,hyderabad,sigma=0.5
13,robust_all_now,29,0,2032967840.9649558,60498.600000000006,29,790558618.8175225,hyderabad,sigma=0.5
13,staged_no_learning,14,15,1914980849.3816328,60498.600000000006,29,908545610.4008455,hyderabad,sigma=0.5
13,staged_point_learning,14,26,2473504052.3085213,81149.6,40,350022407.47395706,hyderabad,sigma=0.5
13,staged_robust_learning,14,26,2616986194.8545027,83772.0,40,206540264.92797565,hyderabad,sigma=0.5
13,oracle_all_now,40,0,2823526459.7824783,83772.0,40,0.0,hyderabad,sigma=0.5
14,v1_point_all_now,33,0,1377149638.2330818,66525.9,33,421164675.54939604,hyderabad,sigma=0.5
14,robust_all_now,29,0,1221104903.5657105,58726.5,29,577209410.2167673,hyderabad,sigma=0.5
14,staged_no_learning,14,15,1140767702.350635,58726.5,29,657546611.4318428,hyderabad,sigma=0.5
14,staged_point_learning,14,26,1228572446.7090645,72682.70000000001,40,569741867.0734134,hyderabad,sigma=0.5
14,staged_robust_learning,14,26,1618723598.8145633,83018.80000000002,40,179590714.96791458,hyderabad,sigma=0.5
14,oracle_all_now,40,0,1798314313.7824779,83772.0,40,0.0,hyderabad,sigma=0.5
15,v1_point_all_now,33,0,61599515.906647444,46626.90000000001,33,496857672.11480355,hyderabad,sigma=0.5
15,robust_all_now,29,0,370825128.6157105,49359.2,29,187632059.4057405,hyderabad,sigma=0.5
15,staged_no_learning,14,15,340959675.09063506,49359.2,29,217497512.93081594,hyderabad,sigma=0.5
15,staged_point_learning,14,11,378441611.95154166,44747.40000000001,25,180015576.06990933,hyderabad,sigma=0.5
15,staged_robust_learning,14,13,409320856.6949861,48486.000000000015,27,149136331.3264649,hyderabad,sigma=0.5
15,oracle_all_now,22,0,558457188.021451,44781.90000000001,22,0.0,hyderabad,sigma=0.5
16,v1_point_all_now,33,0,1896405730.293354,66575.1,33,513980994.43655586,hyderabad,sigma=0.5
16,robust_all_now,29,0,1705124014.9842896,59208.79999999999,29,705262709.7456203,hyderabad,sigma=0.5
16,staged_no_learning,14,15,1603452583.1393352,59208.79999999999,29,806934141.5905747,hyderabad,sigma=0.5
16,staged_point_learning,14,20,1932027983.0924482,70797.20000000001,34,478358741.63746166,hyderabad,sigma=0.5
16,staged_robust_learning,14,21,1961389790.0389132,72392.1,35,448996934.69099665,hyderabad,sigma=0.5
16,oracle_all_now,40,0,2410386724.72991,82733.6,40,0.0,hyderabad,sigma=0.5
17,v1_point_all_now,33,0,-119036978.00483298,46877.600000000006,33,591633732.6963747,hyderabad,sigma=0.5
17,robust_all_now,29,0,207180548.16102695,49449.69999999998,29,265416206.53051472,hyderabad,sigma=0.5
17,staged_no_learning,14,15,182929299.6509366,49449.69999999998,29,289667455.04060507,hyderabad,sigma=0.5
17,staged_point_learning,14,11,362834806.2283392,48340.100000000006,25,109761948.46320248,hyderabad,sigma=0.5
17,staged_robust_learning,14,18,134623409.17432094,52783.0,32,337973345.51722074,hyderabad,sigma=0.5
17,oracle_all_now,23,0,472596754.6915417,47380.100000000006,23,0.0,hyderabad,sigma=0.5
18,v1_point_all_now,33,0,261606230.25951743,33862.100000000006,33,892339194.800906,hyderabad,sigma=0.5
18,robust_all_now,29,0,586115367.1326292,35727.100000000006,29,567830057.9277942,hyderabad,sigma=0.5
18,staged_no_learning,14,15,570223380.0906353,35727.100000000006,29,583722044.9697881,hyderabad,sigma=0.5
18,staged_point_learning,14,0,769887610.9679766,25407.600000000006,14,384057814.0924468,hyderabad,sigma=0.5
18,staged_robust_learning,14,3,889807353.1323271,30393.100000000006,17,264138071.9280963,hyderabad,sigma=0.5
18,oracle_all_now,19,0,1153945425.0604234,36310.0,19,0.0,hyderabad,sigma=0.5
19,v1_point_all_now,33,0,466618882.0427499,53931.90000000001,33,570686094.2539272,hyderabad,sigma=0.5
19,robust_all_now,29,0,574631012.6572511,51392.3,29,462673963.639426,hyderabad,sigma=0.5
19,staged_no_learning,14,15,525069290.0266168,51392.3,29,512235686.2700603,hyderabad,sigma=0.5
19,staged_point_learning,14,13,678532739.0208158,52766.2,27,358772237.27586126,hyderabad,sigma=0.5
19,staged_robust_learning,14,19,838411043.3645015,65076.999999999985,33,198893932.93217564,hyderabad,sigma=0.5
19,oracle_all_now,34,0,1037304976.2966771,69085.2,34,0.0,hyderabad,sigma=0.5
20,v1_point_all_now,33,0,2262210950.706344,67612.79999999999,33,579539813.0761333,hyderabad,sigma=0.5
20,robust_all_now,29,0,2060269303.7422953,60734.69999999998,29,781481460.0401821,hyderabad,sigma=0.5
20,staged_no_learning,14,15,1940543509.39154,60734.69999999998,29,901207254.3909373,hyderabad,sigma=0.5
20,staged_point_learning,14,26,2502771234.088339,81158.4,40,338979529.6941385,hyderabad,sigma=0.5
20,staged_robust_learning,14,26,2620424705.8292456,83497.6,40,221326057.9532318,hyderabad,sigma=0.5
20,oracle_all_now,40,0,2841750763.7824774,83772.0,40,0.0,hyderabad,sigma=0.5
21,v1_point_all_now,33,0,1401313373.6474333,64863.70000000001,33,533050711.2821741,hyderabad,sigma=0.5
21,robust_all_now,29,0,1397942755.3734145,60418.399999999994,29,536421329.5561929,hyderabad,sigma=0.5
21,staged_no_learning,14,15,1307305594.026466,60418.399999999994,29,627058490.9031415,hyderabad,sigma=0.5
21,staged_point_learning,14,21,1564998085.329185,73029.9,35,369365999.6004224,hyderabad,sigma=0.5
21,staged_robust_learning,14,26,1628337726.7563753,80150.4,40,306026358.1732321,hyderabad,sigma=0.5
21,oracle_all_now,40,0,1934364084.9296074,83462.29999999999,40,0.0,hyderabad,sigma=0.5
22,v1_point_all_now,33,0,2301090387.448641,68105.5,33,555026776.3338366,hyderabad,sigma=0.5
22,robust_all_now,29,0,2060805522.3311186,60554.600000000006,29,795311641.4513588,hyderabad,sigma=0.5
22,staged_no_learning,14,15,1940632007.9803634,60554.600000000006,29,915485155.802114,hyderabad,sigma=0.5
22,staged_point_learning,14,26,2622355141.847432,83282.1,40,233762021.93504524,hyderabad,sigma=0.5
22,staged_robust_learning,14,26,2637936984.1633234,83591.9,40,218180179.61915398,hyderabad,sigma=0.5
22,oracle_all_now,40,0,2856117163.7824774,83772.0,40,0.0,hyderabad,sigma=0.5
23,v1_point_all_now,33,0,523188174.88731146,36993.7,33,577966901.106344,hyderabad,sigma=0.5
23,robust_all_now,29,0,820481929.9435041,39085.29999999999,29,280673146.05015135,hyderabad,sigma=0.5
23,staged_no_learning,14,15,771200808.3586705,39085.29999999999,29,329954267.63498497,hyderabad,sigma=0.5
23,staged_point_learning,14,6,881772011.8448339,33423.899999999994,20,219383064.1488216,hyderabad,sigma=0.5
23,staged_robust_learning,14,9,1015936309.5163743,38711.29999999999,23,85218766.4772811,hyderabad,sigma=0.5
23,oracle_all_now,21,0,1101155075.9936554,37545.899999999994,21,0.0,hyderabad,sigma=0.5
24,v1_point_all_now,33,0,661284153.4132938,66906.2,33,241261906.36918402,hyderabad,sigma=0.5
24,robust_all_now,29,0,654345893.3422966,60734.7,29,248200166.44018126,hyderabad,sigma=0.5
24,staged_no_learning,14,15,595054218.1915417,60734.7,29,307491841.5909362,hyderabad,sigma=0.5
24,staged_point_learning,14,17,597964004.4245324,63932.59999999999,31,304582055.35794544,hyderabad,sigma=0.5
24,staged_robust_learning,14,23,710332314.6845932,76518.7,37,192213745.09788465,hyderabad,sigma=0.5
24,oracle_all_now,40,0,902546059.7824779,83771.99999999999,40,0.0,hyderabad,sigma=0.5
25,v1_point_all_now,33,0,-513240932.8404825,34093.80000000002,33,747119810.0311173,hyderabad,sigma=0.5
25,robust_all_now,29,0,-244572776.68882155,36226.0,29,478451653.8794564,hyderabad,sigma=0.5
25,staged_no_learning,14,15,-248264486.4573412,36226.0,29,482143363.64797604,hyderabad,sigma=0.5
25,staged_point_learning,14,5,102596879.63039327,32099.20000000001,19,131281997.56024158,hyderabad,sigma=0.5
25,staged_robust_learning,14,9,-52771893.453594685,33252.70000000001,23,286650770.64422953,hyderabad,sigma=0.5
25,oracle_all_now,15,0,233878877.19063485,29673.100000000006,15,0.0,hyderabad,sigma=0.5
26,v1_point_all_now,33,0,352831627.2856493,47704.29999999999,33,481561596.2842903,hyderabad,sigma=0.5
26,robust_all_now,29,0,645874819.8107257,50079.100000000006,29,188518403.75921392,hyderabad,sigma=0.5
26,staged_no_learning,14,15,604546431.8392148,50079.100000000006,29,229846791.7307248,hyderabad,sigma=0.5
26,staged_point_learning,14,10,729617710.5917222,47188.0,24,104775512.97821736,hyderabad,sigma=0.5
26,staged_robust_learning,14,13,749505017.3987315,51437.600000000006,27,84888206.17120814,hyderabad,sigma=0.5
26,oracle_all_now,25,0,834393223.5699396,49914.899999999994,25,0.0,hyderabad,sigma=0.5
27,v1_point_all_now,33,0,2016554730.2755284,64817.19999999998,33,582647678.3666162,hyderabad,sigma=0.5
27,robust_all_now,29,0,1927514353.951209,59942.100000000006,29,671688054.6909356,hyderabad,sigma=0.5
27,staged_no_learning,14,15,1815152361.233777,59942.100000000006,29,784050047.4083676,hyderabad,sigma=0.5
27,staged_point_learning,14,22,1986333861.212749,69370.29999999999,36,612868547.4293957,hyderabad,sigma=0.5
27,staged_robust_learning,14,26,2150496529.827492,76146.19999999998,40,448705878.81465244,hyderabad,sigma=0.5
27,oracle_all_now,40,0,2599202408.6421447,81538.29999999999,40,0.0,hyderabad,sigma=0.5
28,v1_point_all_now,33,0,-301732531.0223563,45185.399999999994,33,694689499.7172208,hyderabad,sigma=0.5
28,robust_all_now,29,0,-37113844.720844984,45745.600000000006,29,430070813.4157095,hyderabad,sigma=0.5
28,staged_no_learning,14,15,-53530442.6499691,45745.600000000006,29,446487411.3448336,hyderabad,sigma=0.5
28,staged_point_learning,14,5,187132356.56138968,35981.29999999999,19,205824612.13347483,hyderabad,sigma=0.5
28,staged_robust_learning,14,12,119802960.02749276,45736.399999999994,26,273154008.66737175,hyderabad,sigma=0.5
28,oracle_all_now,22,0,392956968.6948645,45852.0,22,0.0,hyderabad,sigma=0.5
29,v1_point_all_now,33,0,977251672.8444104,55368.999999999985,33,238502125.32522774,hyderabad,sigma=0.5
29,robust_all_now,29,0,1077520662.0093656,53970.59999999999,29,138233136.1602726,hyderabad,sigma=0.5
29,staged_no_learning,14,15,1011210488.4670091,53970.59999999999,29,204543309.7026291,hyderabad,sigma=0.5
29,staged_point_learning,14,20,903952550.5897889,56196.8,34,311801247.57984924,hyderabad,sigma=0.5
29,staged_robust_learning,14,25,760208887.5720248,57456.40000000001,39,455544910.59761333,hyderabad,sigma=0.5
29,oracle_all_now,28,0,1215753798.1696382,56369.90000000001,28,0.0,hyderabad,sigma=0.5
30,v1_point_all_now,33,0,-133000452.74048305,41475.09999999999,33,587058447.8235645,hyderabad,sigma=0.5
30,robust_all_now,29,0,179945820.10906434,44305.90000000001,29,274112174.97401714,hyderabad,sigma=0.5
30,staged_no_learning,14,15,164129599.28217602,44305.90000000001,29,289928395.80090547,hyderabad,sigma=0.5
30,staged_point_learning,14,7,361088474.66779494,38604.7,21,92969520.41528654,hyderabad,sigma=0.5
30,staged_robust_learning,14,12,293187205.5729308,43761.7,26,160870789.51015067,hyderabad,sigma=0.5
30,oracle_all_now,19,0,454057995.0830815,37927.499999999985,19,0.0,hyderabad,sigma=0.5
31,v1_point_all_now,33,0,1670815710.1205444,69111.9,33,354415453.6619334,hyderabad,sigma=0.5
31,robust_all_now,29,0,1468292593.7422972,60734.70000000001,29,556938570.0401807,hyderabad,sigma=0.5
31,staged_no_learning,14,15,1374013129.391542,60734.70000000001,29,651218034.3909359,hyderabad,sigma=0.5
31,staged_point_learning,14,26,1861813425.574502,83772.0,40,163417738.20797586,hyderabad,sigma=0.5
31,staged_robust_learning,14,26,1861813425.574502,83772.0,40,163417738.20797586,hyderabad,sigma=0.5
31,oracle_all_now,40,0,2025231163.7824779,83772.0,40,0.0,hyderabad,sigma=0.5
32,v1_point_all_now,33,0,778180883.4416926,68845.20000000001,33,174837230.34078526,hyderabad,sigma=0.5
32,robust_all_now,29,0,676494072.1811185,60256.70000000001,29,276524041.60135937,hyderabad,sigma=0.5
32,staged_no_learning,14,15,616829840.5422969,60256.70000000001,29,336188273.24018097,hyderabad,sigma=0.5
32,staged_point_learning,14,26,725791146.1343207,79378.5,40,227226967.64815712,hyderabad,sigma=0.5
32,staged_robust_learning,14,26,819389098.4879165,82756.70000000001,40,133629015.29456139,hyderabad,sigma=0.5
32,oracle_all_now,40,0,953018113.7824779,83772.0,40,0.0,hyderabad,sigma=0.5
33,v1_point_all_now,33,0,857550242.6990948,48029.600000000006,33,518887051.8525672,hyderabad,sigma=0.5
33,robust_all_now,29,0,1258557563.7438083,50669.80000000002,29,117879730.8078537,hyderabad,sigma=0.5
33,staged_no_learning,14,15,1194134516.728098,50669.80000000002,29,182302777.82356405,hyderabad,sigma=0.5
33,staged_point_learning,14,10,1106355869.1655602,43775.80000000002,24,270081425.3861017,hyderabad,sigma=0.5
33,staged_robust_learning,14,14,1191231211.6259832,49558.80000000002,28,185206082.92567873,hyderabad,sigma=0.5
33,oracle_all_now,24,0,1376437294.551662,47545.399999999994,24,0.0,hyderabad,sigma=0.5
34,v1_point_all_now,33,0,510782569.02416945,65167.0,33,239697256.03927517,hyderabad,sigma=0.5
34,robust_all_now,29,0,469048997.58700895,57880.29999999999,29,281430827.47643566,hyderabad,sigma=0.5
34,staged_no_learning,14,15,421496325.1085198,57880.29999999999,29,328983499.9549248,hyderabad,sigma=0.5
34,staged_point_learning,14,26,445598832.0670705,75990.20000000001,40,304880992.99637413,hyderabad,sigma=0.5
34,staged_robust_learning,14,26,574994765.0113602,80272.5,40,175485060.05208445,hyderabad,sigma=0.5
34,oracle_all_now,40,0,750479825.0634446,82976.0,40,0.0,hyderabad,sigma=0.5
35,v1_point_all_now,33,0,765683448.033536,64952.90000000001,33,345297103.829607,hyderabad,sigma=0.5
35,robust_all_now,29,0,810929798.3422966,60734.7,29,300050753.52084637,hyderabad,sigma=0.5
35,staged_no_learning,14,15,744907308.1915417,60734.7,29,366073243.6716013,hyderabad,sigma=0.5
35,staged_point_learning,14,26,741205458.9494877,76181.8,40,369775092.9136553,hyderabad,sigma=0.5
35,staged_robust_learning,14,26,904148305.9650769,80886.50000000001,40,206832245.89806604,hyderabad,sigma=0.5
35,oracle_all_now,40,0,1110980551.863143,83572.3,40,0.0,hyderabad,sigma=0.5
36,v1_point_all_now,33,0,470183573.9229615,55901.000000000015,33,424300812.5711477,hyderabad,sigma=0.5
36,robust_all_now,29,0,525014602.97114825,52825.7,29,369469783.5229609,hyderabad,sigma=0.5
36,staged_no_learning,14,15,478268651.6234746,52825.7,29,416215734.87063456,hyderabad,sigma=0.5
36,staged_point_learning,14,12,602458309.1340487,53415.7,26,292026077.36006045,hyderabad,sigma=0.5
36,staged_robust_learning,14,15,586168676.975982,56720.09999999999,29,308315709.5181272,hyderabad,sigma=0.5
36,oracle_all_now,37,0,894484386.4941092,74832.3,37,0.0,hyderabad,sigma=0.5
37,v1_point_all_now,33,0,2382937188.870545,69111.90000000001,33,505471524.9119334,hyderabad,sigma=0.5
37,robust_all_now,29,0,2094096317.4922962,60734.7,29,794312396.2901821,hyderabad,sigma=0.5
37,staged_no_learning,14,15,1972916456.891541,60734.7,29,915492256.8909373,hyderabad,sigma=0.5
37,staged_point_learning,14,26,2369428957.5238066,77307.09999999999,40,518979756.25867176,hyderabad,sigma=0.5
37,staged_robust_learning,14,26,2626649118.5281577,82689.8,40,261759595.25432062,hyderabad,sigma=0.5
37,oracle_all_now,40,0,2888408713.7824783,83772.00000000001,40,0.0,hyderabad,sigma=0.5
38,v1_point_all_now,33,0,-305386212.427794,43208.40000000001,33,560185096.3214498,hyderabad,sigma=0.5
38,robust_all_now,29,0,-15979938.809969187,46323.40000000001,29,270778822.70362496,hyderabad,sigma=0.5
38,staged_no_learning,14,15,-29165556.67697835,46323.40000000001,29,283964440.5706341,hyderabad,sigma=0.5
38,staged_point_learning,14,5,200291309.2549851,37699.3,19,54507574.63867068,hyderabad,sigma=0.5
38,staged_robust_learning,14,12,82728168.15975833,45290.2,26,172070715.73389745,hyderabad,sigma=0.5
38,oracle_all_now,18,0,254798883.89365578,37512.8,18,0.0,hyderabad,sigma=0.5
39,v1_point_all_now,33,0,217188127.63685942,58923.20000000001,33,399461179.1293044,hyderabad,sigma=0.5
39,robust_all_now,29,0,338136450.03655624,55679.899999999994,29,278512856.7296076,hyderabad,sigma=0.5
39,staged_no_learning,14,15,299290364.32912445,55679.899999999994,29,317358942.4370394,hyderabad,sigma=0.5
39,staged_point_learning,14,16,356297908.9437473,58997.20000000001,30,260351397.82241654,hyderabad,sigma=0.5
39,staged_robust_learning,14,19,356792837.333354,64025.399999999994,33,259856469.43280983,hyderabad,sigma=0.5
39,oracle_all_now,36,0,616649306.7661638,74332.4,36,0.0,hyderabad,sigma=0.5
40,v1_point_all_now,33,0,1812659692.0287018,59201.500000000015,33,1043457471.7537766,hyderabad,sigma=0.5
40,robust_all_now,29,0,1596225867.60846,52085.40000000001,29,1259891296.1740184,hyderabad,sigma=0.5
40,staged_no_learning,14,15,1507986801.0322666,52085.40000000001,29,1348130362.7502117,hyderabad,sigma=0.5
40,staged_point_learning,14,26,2557623486.7279763,82127.8,40,298493677.054502,hyderabad,sigma=0.5
40,staged_robust_learning,14,26,2557623486.7279763,82127.8,40,298493677.054502,hyderabad,sigma=0.5
40,oracle_all_now,40,0,2856117163.7824783,83772.00000000001,40,0.0,hyderabad,sigma=0.5
41,v1_point_all_now,33,0,754813271.2178254,64978.899999999994,33,163674332.6779456,hyderabad,sigma=0.5
41,robust_all_now,29,0,715743544.2583089,58490.5,29,202744059.63746214,hyderabad,sigma=0.5
41,staged_no_learning,14,15,654425765.3849554,58490.5,29,264061838.51081562,hyderabad,sigma=0.5
41,staged_point_learning,14,17,670232268.6100912,61793.899999999994,31,248255335.28567982,hyderabad,sigma=0.5
41,staged_robust_learning,14,23,791467343.538188,73835.4,37,127020260.35758305,hyderabad,sigma=0.5
41,oracle_all_now,34,0,918487603.895771,70675.5,34,0.0,hyderabad,sigma=0.5
42,v1_point_all_now,33,0,94469151.47311187,40724.399999999994,33,641501261.9966772,hyderabad,sigma=0.5
42,robust_all_now,29,0,435427931.2054386,43021.0,29,300542482.2643504,hyderabad,sigma=0.5
42,staged_no_learning,14,15,395479237.0754082,43021.0,29,340491176.3943808,hyderabad,sigma=0.5
42,staged_point_learning,14,6,368313920.9678552,31416.5,20,367656492.5019338,hyderabad,sigma=0.5
42,staged_robust_learning,14,9,474536589.00701,37459.70000000001,23,261433824.46277905,hyderabad,sigma=0.5
42,oracle_all_now,20,0,735970413.469789,38611.5,20,0.0,hyderabad,sigma=0.5
43,v1_point_all_now,33,0,1326454059.6996984,61268.600000000006,33,588575053.5993958,hyderabad,sigma=0.5
43,robust_all_now,29,0,1302484608.2241702,56958.20000000001,29,612544505.074924,hyderabad,sigma=0.5
43,staged_no_learning,14,15,1218824809.205439,56958.20000000001,29,696204304.0936551,hyderabad,sigma=0.5
43,staged_point_learning,14,18,1457916889.052206,65875.6,32,457112224.24688816,hyderabad,sigma=0.5
43,staged_robust_learning,14,19,1423238945.8297281,66006.9,33,491790167.4693661,hyderabad,sigma=0.5
43,oracle_all_now,40,0,1915029113.2990942,81262.0,40,0.0,hyderabad,sigma=0.5
44,v1_point_all_now,33,0,2059046357.9800615,62393.40000000001,33,883488205.8024168,hyderabad,sigma=0.5
44,robust_all_now,29,0,1726262609.546224,53313.8,29,1216271954.2362542,hyderabad,sigma=0.5
44,staged_no_learning,14,15,1626904018.1515412,53313.8,29,1315630545.630937,hyderabad,sigma=0.5
44,staged_point_learning,14,26,2605362545.1025987,81507.8,40,337172018.67987967,hyderabad,sigma=0.5
44,staged_robust_learning,14,26,2541772734.773415,80243.50000000001,40,400761829.00906324,hyderabad,sigma=0.5
44,oracle_all_now,40,0,2942534563.7824783,83772.00000000001,40,0.0,hyderabad,sigma=0.5
45,v1_point_all_now,33,0,555205272.0362539,55879.0,33,507197457.2114806,hyderabad,sigma=0.5
45,robust_all_now,29,0,585860695.340785,51336.79999999999,29,476542033.9069495,hyderabad,sigma=0.5
45,staged_no_learning,14,15,539187219.8846526,51336.79999999999,29,523215509.36308193,hyderabad,sigma=0.5
45,staged_point_learning,14,16,770701524.1488223,58449.5,30,291701205.09891224,hyderabad,sigma=0.5
45,staged_robust_learning,14,17,734921006.568399,58922.399999999994,31,327481722.6793356,hyderabad,sigma=0.5
45,oracle_all_now,32,0,1062402729.2477345,66121.0,32,0.0,hyderabad,sigma=0.5
46,v1_point_all_now,33,0,1006966974.3969798,59452.600000000006,33,310431907.8105731,hyderabad,sigma=0.5
46,robust_all_now,29,0,979212942.7018123,54181.69999999998,29,338185939.50574064,hyderabad,sigma=0.5
46,staged_no_learning,14,15,912628178.7323866,54181.69999999998,29,404770703.4751663,hyderabad,sigma=0.5
46,staged_point_learning,14,12,1020724830.7739577,52935.899999999994,26,296674051.4335952,hyderabad,sigma=0.5
46,staged_robust_learning,14,19,1206136793.679336,65639.0,33,111262088.52821684,hyderabad,sigma=0.5
46,oracle_all_now,31,0,1317398882.207553,63473.29999999999,31,0.0,hyderabad,sigma=0.5
47,v1_point_all_now,33,0,-25861371.95211482,48528.09999999999,33,469231925.04682803,hyderabad,sigma=0.5
47,robust_all_now,29,0,218679335.36495495,50634.8,29,224691217.72975826,hyderabad,sigma=0.5
47,staged_no_learning,14,15,188410820.74969816,50634.8,29,254959732.34501505,hyderabad,sigma=0.5
47,staged_point_learning,14,13,240854707.10703945,49384.7,27,202515845.98767376,hyderabad,sigma=0.5
47,staged_robust_learning,14,13,345657150.58957744,53167.3,27,97713402.50513577,hyderabad,sigma=0.5
47,oracle_all_now,26,0,443370553.0947132,53581.09999999999,26,0.0,hyderabad,sigma=0.5
48,v1_point_all_now,33,0,1536416321.980968,54381.70000000001,33,378920859.7948642,hyderabad,sigma=0.5
48,robust_all_now,29,0,1809273853.3870096,56159.100000000006,29,106063328.38882256,hyderabad,sigma=0.5
48,staged_no_learning,14,15,1703152714.5720248,56159.100000000006,29,212184467.20380735,hyderabad,sigma=0.5
48,staged_point_learning,14,8,1406441393.0631418,44376.399999999994,22,508895788.71269035,hyderabad,sigma=0.5
48,staged_robust_learning,14,20,1670683081.7553477,59716.0,34,244654100.02048445,hyderabad,sigma=0.5
48,oracle_all_now,30,0,1915337181.7758322,58891.80000000002,30,0.0,hyderabad,sigma=0.5
49,v1_point_all_now,33,0,807310411.9323263,62207.59999999999,33,513484977.7637472,hyderabad,sigma=0.5
49,robust_all_now,29,0,704967948.9442601,54558.3,29,615827440.7518134,hyderabad,sigma=0.5
49,staged_no_learning,14,15,651394819.3672514,54558.3,29,669400570.3288221,hyderabad,sigma=0.5
49,staged_point_learning,14,20,961597227.7034445,69505.7,34,359198161.99262905,hyderabad,sigma=0.5
49,staged_robust_learning,14,23,943882521.4942608,73074.00000000001,37,376912868.20181274,hyderabad,sigma=0.5
49,oracle_all_now,40,0,1320795389.6960735,83716.40000000001,40,0.0,hyderabad,sigma=0.5
50,v1_point_all_now,33,0,107923237.63413882,42443.899999999994,33,574195052.1199403,hyderabad,sigma=0.5
50,robust_all_now,29,0,407495613.71993923,44420.29999999999,29,274622676.0341399,hyderabad,sigma=0.5
50,staged_no_learning,14,15,374084571.6831417,44420.29999999999,29,308033718.0709374,hyderabad,sigma=0.5
50,staged_point_learning,14,6,527188199.32422924,36853.79999999999,20,154930090.42984986,hyderabad,sigma=0.5
50,staged_robust_learning,14,9,576683422.5740175,41873.19999999998,23,105434867.18006158,hyderabad,sigma=0.5
50,oracle_all_now,18,0,682118289.7540791,37346.600000000006,18,0.0,hyderabad,sigma=0.5
51,v1_point_all_now,33,0,616998389.1824784,38623.600000000006,33,593198297.4480357,hyderabad,sigma=0.5
51,robust_all_now,29,0,939458087.2688828,40599.0,29,270738599.3616314,hyderabad,sigma=0.5
51,staged_no_learning,14,15,897220201.8620548,40599.0,29,312976484.7684593,hyderabad,sigma=0.5
51,staged_point_learning,14,5,1017898968.762357,33854.0,19,192297717.86815715,hyderabad,sigma=0.5
51,staged_robust_learning,14,8,1107893310.6958919,38184.0,22,102303375.93462229,hyderabad,sigma=0.5
51,oracle_all_now,21,0,1210196686.6305141,38279.3,21,0.0,hyderabad,sigma=0.5
52,v1_point_all_now,33,0,314274010.5471301,59204.09999999999,33,293235364.2235646,hyderabad,sigma=0.5
52,robust_all_now,29,0,381127821.1190338,55212.40000000001,29,226381553.65166092,hyderabad,sigma=0.5
52,staged_no_learning,14,15,337345849.4497287,55212.40000000001,29,270163525.320966,hyderabad,sigma=0.5
52,staged_point_learning,14,11,402291875.56694937,51066.40000000001,25,205217499.20374537,hyderabad,sigma=0.5
52,staged_robust_learning,14,15,372079666.5385504,56361.90000000001,29,235429708.23214436,hyderabad,sigma=0.5
52,oracle_all_now,33,0,607509374.7706947,68102.09999999999,33,0.0,hyderabad,sigma=0.5
53,v1_point_all_now,33,0,2088722020.5987926,64480.8,33,778035039.1836848,hyderabad,sigma=0.5
53,robust_all_now,29,0,2078398868.3422966,60734.7,29,788358191.4401808,hyderabad,sigma=0.5
53,staged_no_learning,14,15,1957893768.1915417,60734.7,29,908863291.5909357,hyderabad,sigma=0.5
53,staged_point_learning,14,25,2594246299.7033243,81677.7,39,272510760.07915306,hyderabad,sigma=0.5
53,staged_robust_learning,14,26,2582058812.944412,82386.2,40,284698246.83806515,hyderabad,sigma=0.5
53,oracle_all_now,40,0,2866757059.7824774,83771.99999999999,40,0.0,hyderabad,sigma=0.5
54,v1_point_all_now,33,0,955834952.2522669,68099.5,33,249106307.53021145,hyderabad,sigma=0.5
54,robust_all_now,29,0,850276349.3151069,60117.70000000001,29,354664910.46737146,hyderabad,sigma=0.5
54,staged_no_learning,14,15,782902383.7108169,60117.70000000001,29,422038876.0716615,hyderabad,sigma=0.5
54,staged_point_learning,14,26,1078672360.249064,83582.4,40,126268899.53341436,hyderabad,sigma=0.5
54,staged_robust_learning,14,26,1078672360.249064,83582.4,40,126268899.53341436,hyderabad,sigma=0.5
54,oracle_all_now,40,0,1204941259.7824783,83772.0,40,0.0,hyderabad,sigma=0.5
55,v1_point_all_now,33,0,-123128158.52220535,49239.899999999994,33,424569142.2960725,hyderabad,sigma=0.5
55,robust_all_now,29,0,159497263.3512087,52130.5,29,141943720.42265844,hyderabad,sigma=0.5
55,staged_no_learning,14,15,130057878.89169216,52130.5,29,171383104.88217497,hyderabad,sigma=0.5
55,staged_point_learning,14,14,68108488.27598214,48204.0,28,233332495.497885,hyderabad,sigma=0.5
55,staged_robust_learning,14,17,56395769.92794585,52853.0,31,245045213.84592128,hyderabad,sigma=0.5
55,oracle_all_now,24,0,301440983.77386713,48749.899999999994,24,0.0,hyderabad,sigma=0.5
56,v1_point_all_now,33,0,260902087.6975844,66667.40000000002,33,144878826.08489347,hyderabad,sigma=0.5
56,robust_all_now,29,0,262106009.27386808,59672.90000000002,29,143674904.50860977,hyderabad,sigma=0.5
56,staged_no_learning,14,15,219989797.92984986,59672.90000000002,29,185791115.852628,hyderabad,sigma=0.5
56,staged_point_learning,14,17,179725530.6340189,61886.80000000002,31,226055383.14845896,hyderabad,sigma=0.5
56,staged_robust_learning,14,20,164497580.8845327,66837.90000000002,34,241283332.89794517,hyderabad,sigma=0.5
56,oracle_all_now,40,0,405780913.78247786,83772.0,40,0.0,hyderabad,sigma=0.5
57,v1_point_all_now,33,0,1436192550.302719,62653.79999999999,33,657466208.3942599,hyderabad,sigma=0.5
57,robust_all_now,29,0,1409457304.42417,58083.600000000006,29,684201454.272809,hyderabad,sigma=0.5
57,staged_no_learning,14,15,1320886045.3721461,58083.600000000006,29,772772713.3248329,hyderabad,sigma=0.5
57,staged_point_learning,14,22,1743206009.5087023,74900.1,36,350452749.18827677,hyderabad,sigma=0.5
57,staged_robust_learning,14,23,1743832470.6492457,75966.0,37,349826288.0477333,hyderabad,sigma=0.5
57,oracle_all_now,40,0,2093658758.696979,83185.29999999999,40,0.0,hyderabad,sigma=0.5
58,v1_point_all_now,33,0,521070566.36283994,60336.59999999999,33,428315379.95226645,hyderabad,sigma=0.5
58,robust_all_now,29,0,683918560.9226592,60502.40000000001,29,265467385.39244723,hyderabad,sigma=0.5
58,staged_no_learning,14,15,623637316.977463,60502.40000000001,29,325748629.3376434,hyderabad,sigma=0.5
58,staged_point_learning,14,26,528393724.0342605,72253.90000000001,40,420992222.2808459,hyderabad,sigma=0.5
58,staged_robust_learning,14,26,760543354.8955293,80632.8,40,188842591.41957712,hyderabad,sigma=0.5
58,oracle_all_now,40,0,949385946.3151064,83651.8,40,0.0,hyderabad,sigma=0.5
59,v1_point_all_now,33,0,1134132810.2682781,66682.8,33,359641466.37568045,hyderabad,sigma=0.5
59,robust_all_now,29,0,1047473960.9563446,59834.3,29,446300315.68761396,hyderabad,sigma=0.5
59,staged_no_learning,14,15,972770667.1909976,59834.3,29,521003609.45296097,hyderabad,sigma=0.5
59,staged_point_learning,14,23,1234244452.6401815,76688.7,37,259529824.00377703,hyderabad,sigma=0.5
59,staged_robust_learning,14,26,1329069800.1274323,82923.59999999999,40,164704476.51652622,hyderabad,sigma=0.5
59,oracle_all_now,40,0,1493774276.6439586,83719.90000000001,40,0.0,hyderabad,sigma=0.5
60,v1_point_all_now,33,0,1436249103.0498495,54367.0,33,188692134.70589066,hyderabad,sigma=0.5
60,robust_all_now,29,0,1443623761.5578551,51258.899999999994,29,181317476.19788504,hyderabad,sigma=0.5
60,staged_no_learning,14,15,1368120881.9029608,51258.899999999994,29,256820355.8527794,hyderabad,sigma=0.5
60,staged_point_learning,14,8,1336163266.2767372,44599.0,22,288777971.47900295,hyderabad,sigma=0.5
60,staged_robust_learning,14,13,1551738173.4015718,53389.600000000006,27,73203064.35416842,hyderabad,sigma=0.5
60,oracle_all_now,29,0,1624941237.7557402,54737.899999999994,29,0.0,hyderabad,sigma=0.5
61,v1_point_all_now,33,0,687443655.9081573,47286.399999999994,33,712561347.8332334,hyderabad,sigma=0.5
61,robust_all_now,29,0,946089933.5305138,48573.399999999994,29,453915070.21087694,hyderabad,sigma=0.5
61,staged_no_learning,14,15,886070393.681088,48573.399999999994,29,513934610.06030273,hyderabad,sigma=0.5
61,staged_point_learning,14,13,1138512505.142115,52120.399999999994,27,261492498.5992756,hyderabad,sigma=0.5
61,staged_robust_learning,14,10,1064569400.7003031,47309.600000000006,24,335435603.0410876,hyderabad,sigma=0.5
61,oracle_all_now,29,0,1400005003.7413907,57889.600000000006,29,0.0,hyderabad,sigma=0.5
62,v1_point_all_now,33,0,980247731.5885196,56884.79999999999,33,400871859.5318737,hyderabad,sigma=0.5
62,robust_all_now,29,0,1120281090.9755287,56277.399999999994,29,260838500.14486456,hyderabad,sigma=0.5
62,staged_no_learning,14,15,1046995070.7553172,56277.399999999994,29,334124520.36507607,hyderabad,sigma=0.5
62,staged_point_learning,14,15,999796901.1756196,55027.0,29,381322689.9447737,hyderabad,sigma=0.5
62,staged_robust_learning,14,18,1012931691.8117523,58546.79999999999,32,368187899.30864096,hyderabad,sigma=0.5
62,oracle_all_now,32,0,1381119591.1203933,65620.1,32,0.0,hyderabad,sigma=0.5
63,v1_point_all_now,33,0,2249373195.1205444,69111.9,33,477139768.66193295,hyderabad,sigma=0.5
63,robust_all_now,29,0,1976721898.7422972,60734.70000000001,29,749791065.0401802,hyderabad,sigma=0.5
63,staged_no_learning,14,15,1860587419.391542,60734.70000000001,29,865925544.3909354,hyderabad,sigma=0.5
63,staged_point_learning,14,26,1966882291.9558926,72671.20000000001,40,759630671.8265848,hyderabad,sigma=0.5
63,staged_robust_learning,14,26,2459234307.5474334,82460.20000000001,40,267278656.235044,hyderabad,sigma=0.5
63,oracle_all_now,40,0,2726512963.7824774,83772.0,40,0.0,hyderabad,sigma=0.5
64,v1_point_all_now,33,0,1356170130.2664657,63839.2,33,181956184.45256758,hyderabad,sigma=0.5
64,robust_all_now,29,0,1325713627.0589123,59151.499999999985,29,212412687.66012096,hyderabad,sigma=0.5
64,staged_no_learning,14,15,1240351716.9896073,59151.499999999985,29,297774597.7294259,hyderabad,sigma=0.5
64,staged_point_learning,14,21,1296707668.2050757,66852.09999999999,35,241418646.5139575,hyderabad,sigma=0.5
64,staged_robust_learning,14,23,1446432478.5386105,72671.59999999999,37,91693836.18042278,hyderabad,sigma=0.5
64,oracle_all_now,34,0,1538126314.7190332,68981.99999999999,34,0.0,hyderabad,sigma=0.5
65,v1_point_all_now,33,0,1436857981.6703925,54299.899999999994,33,566862659.5160136,hyderabad,sigma=0.5
65,robust_all_now,29,0,1699703141.7936568,55684.70000000001,29,304017499.3927493,hyderabad,sigma=0.5
65,staged_no_learning,14,15,1601854690.75275,55684.70000000001,29,401865950.4336562,hyderabad,sigma=0.5
65,staged_point_learning,14,21,1538135490.803021,59775.899999999994,35,465585150.3833852,hyderabad,sigma=0.5
65,staged_robust_learning,14,15,1646326817.8531723,56568.899999999994,29,357393823.33323383,hyderabad,sigma=0.5
65,oracle_all_now,33,0,2003720641.1864061,64633.70000000001,33,0.0,hyderabad,sigma=0.5
66,v1_point_all_now,33,0,192171354.9018135,54777.500000000015,33,344068505.0525677,hyderabad,sigma=0.5
66,robust_all_now,29,0,349791915.59667754,53627.500000000015,29,186447944.3577037,hyderabad,sigma=0.5
66,staged_no_learning,14,15,310699356.57619405,53627.500000000015,29,225540503.37818718,hyderabad,sigma=0.5
66,staged_point_learning,14,9,388197292.91722107,46880.40000000001,23,148042567.03716016,hyderabad,sigma=0.5
66,staged_robust_learning,14,12,410465926.7809067,52273.3,26,125773933.17347455,hyderabad,sigma=0.5
66,oracle_all_now,28,0,536239859.9543812,57801.90000000001,28,0.0,hyderabad,sigma=0.5
67,v1_point_all_now,33,0,1301254268.267674,67279.6,33,241408583.50483465,hyderabad,sigma=0.5
67,robust_all_now,29,0,1172072285.686254,59817.899999999994,29,370590566.0862546,hyderabad,sigma=0.5
67,staged_no_learning,14,15,1092040175.2995167,59817.899999999994,29,450622676.47299194,hyderabad,sigma=0.5
67,staged_point_learning,14,18,1073138978.501451,62725.100000000006,32,469523873.2710576,hyderabad,sigma=0.5
67,staged_robust_learning,14,26,1127884833.5257416,73263.30000000002,40,414778018.24676704,hyderabad,sigma=0.5
67,oracle_all_now,40,0,1542662851.7725086,80710.20000000001,40,0.0,hyderabad,sigma=0.5
68,v1_point_all_now,33,0,1089939480.8759828,51824.70000000001,33,380072752.7235651,hyderabad,sigma=0.5
68,robust_all_now,29,0,1433450781.4974322,54668.899999999994,29,36561452.10211563,hyderabad,sigma=0.5
68,staged_no_learning,14,15,1350198246.3887615,54668.899999999994,29,119813987.21078634,hyderabad,sigma=0.5
68,staged_point_learning,14,11,1387083520.5788522,51520.0,25,82928713.02069569,hyderabad,sigma=0.5
68,staged_robust_learning,14,16,1261898704.4711795,53801.30000000002,30,208113529.12836838,hyderabad,sigma=0.5
68,oracle_all_now,28,0,1470012233.5995479,54433.70000000001,28,0.0,hyderabad,sigma=0.5
69,v1_point_all_now,33,0,1917127682.0528703,63795.499999999985,33,791204777.7296071,hyderabad,sigma=0.5
69,robust_all_now,29,0,1827635321.7184296,58457.2,29,880697138.0640478,hyderabad,sigma=0.5
69,staged_no_learning,14,15,1721754615.7189736,58457.2,29,986577844.0635037,hyderabad,sigma=0.5
69,staged_point_learning,14,26,2488674690.930333,83447.90000000001,40,219657768.85214424,hyderabad,sigma=0.5
69,staged_robust_learning,14,26,2488674690.930333,83447.90000000001,40,219657768.85214424,hyderabad,sigma=0.5
69,oracle_all_now,40,0,2708332459.7824774,83771.99999999999,40,0.0,hyderabad,sigma=0.5
70,v1_point_all_now,33,0,1092427915.715711,59256.100000000006,33,254774779.30936575,hyderabad,sigma=0.5
70,robust_all_now,29,0,946362975.5848947,51793.399999999994,29,400839719.4401822,hyderabad,sigma=0.5
70,staged_no_learning,14,15,887761925.9038672,51793.399999999994,29,459440769.1212096,hyderabad,sigma=0.5
70,staged_point_learning,14,15,1089599314.5153475,56311.399999999994,29,257603380.5097294,hyderabad,sigma=0.5
70,staged_robust_learning,14,20,1224689571.4639883,65148.899999999994,34,122513123.56108856,hyderabad,sigma=0.5
70,oracle_all_now,31,0,1347202695.0250769,62252.70000000001,31,0.0,hyderabad,sigma=0.5
71,v1_point_all_now,33,0,1352909013.870545,69111.90000000001,33,286980699.9119334,hyderabad,sigma=0.5
71,robust_all_now,29,0,1188920042.4922962,60734.7,29,450969671.2901821,hyderabad,sigma=0.5
71,staged_no_learning,14,15,1106649506.891541,60734.7,29,533240206.8909373,hyderabad,sigma=0.5
71,staged_point_learning,14,26,1434907657.5708165,82119.40000000001,40,204982056.21166182,hyderabad,sigma=0.5
71,staged_robust_learning,14,26,1416113696.7313004,81621.50000000001,40,223776017.05117798,hyderabad,sigma=0.5
71,oracle_all_now,40,0,1639889713.7824783,83772.00000000001,40,0.0,hyderabad,sigma=0.5
72,v1_point_all_now,33,0,-581040553.5253773,29368.600000000006,33,771266167.2737157,hyderabad,sigma=0.5
72,robust_all_now,29,0,-322804456.3197881,32023.90000000001,29,513030070.06812656,hyderabad,sigma=0.5
72,staged_no_learning,14,15,-324356056.974622,32023.90000000001,29,514581670.7229605,hyderabad,sigma=0.5
72,staged_point_learning,14,1,24248342.956374764,22939.199999999997,15,165977270.7919637,hyderabad,sigma=0.5
72,staged_robust_learning,14,2,27882710.628157258,24618.0,16,162342903.1201812,hyderabad,sigma=0.5
72,oracle_all_now,11,0,190225613.74833846,22494.199999999997,11,0.0,hyderabad,sigma=0.5
73,v1_point_all_now,33,0,385563569.6456201,55598.70000000001,33,243332936.28126907,hyderabad,sigma=0.5
73,robust_all_now,29,0,545600597.4465268,55133.80000000002,29,83295908.48036242,hyderabad,sigma=0.5
73,staged_no_learning,14,15,494562866.9785509,55133.80000000002,29,134333638.94833827,hyderabad,sigma=0.5
73,staged_point_learning,14,12,543516517.8111792,52556.80000000002,26,85379988.11571002,hyderabad,sigma=0.5
73,staged_robust_learning,14,16,538490554.9306955,57986.600000000006,30,90405950.99619365,hyderabad,sigma=0.5
73,oracle_all_now,27,0,628896505.9268892,55000.80000000002,27,0.0,hyderabad,sigma=0.5
74,v1_point_all_now,33,0,2115831425.4706955,65354.8,33,237250552.21948624,hyderabad,sigma=0.5
74,robust_all_now,29,0,1947977206.9099703,59133.2,29,405104770.78021145,hyderabad,sigma=0.5
74,staged_no_learning,14,15,1835828831.7274022,59133.2,29,517253145.9627795,hyderabad,sigma=0.5
74,staged_point_learning,14,23,1934155845.9617229,67540.50000000001,37,418926131.7284589,hyderabad,sigma=0.5
74,staged_robust_learning,14,26,2138790598.1867375,74203.90000000001,40,214291379.5034442,hyderabad,sigma=0.5
74,oracle_all_now,36,0,2353081977.6901817,72157.7,36,0.0,hyderabad,sigma=0.5
75,v1_point_all_now,33,0,1213661303.3945622,61111.59999999999,33,647553915.2815714,hyderabad,sigma=0.5
75,robust_all_now,29,0,1253146184.4016619,58236.7,29,608069034.2744718,hyderabad,sigma=0.5
75,staged_no_learning,14,15,1172240647.8111787,58236.7,29,688974570.864955,hyderabad,sigma=0.5
75,staged_point_learning,14,22,1429156953.045741,72137.90000000001,36,432058265.63039255,hyderabad,sigma=0.5
75,staged_robust_learning,14,25,1587252629.2354693,79366.90000000001,39,273962589.4406643,hyderabad,sigma=0.5
75,oracle_all_now,40,0,1861215218.6761336,83550.8,40,0.0,hyderabad,sigma=0.5
76,v1_point_all_now,33,0,771487830.1205444,69111.9,33,163648933.66193342,hyderabad,sigma=0.5
76,robust_all_now,29,0,677974153.7422957,60734.69999999998,29,257162610.0401821,hyderabad,sigma=0.5
76,staged_no_learning,14,15,617666809.3915405,60734.69999999998,29,317469954.3909373,hyderabad,sigma=0.5
76,staged_point_learning,14,26,830604033.574502,83772.0,40,104532730.20797586,hyderabad,sigma=0.5
76,staged_robust_learning,14,26,796568216.6377048,82645.6,40,138568547.144773,hyderabad,sigma=0.5
76,oracle_all_now,40,0,935136763.7824779,83772.0,40,0.0,hyderabad,sigma=0.5
77,v1_point_all_now,33,0,703151234.1389732,65970.0,33,76660669.61525679,hyderabad,sigma=0.5
77,robust_all_now,29,0,613317527.0726585,57821.29999999999,29,166494376.68157148,hyderabad,sigma=0.5
77,staged_no_learning,14,15,559321455.6574621,57821.29999999999,29,220490448.0967679,hyderabad,sigma=0.5
77,staged_point_learning,14,19,616982347.0311177,65378.19999999998,33,162829556.72311234,hyderabad,sigma=0.5
77,staged_robust_learning,14,26,589107217.7555892,73954.69999999998,40,190704685.99864078,hyderabad,sigma=0.5
77,oracle_all_now,34,0,779811903.75423,69800.9,34,0.0,hyderabad,sigma=0.5
78,v1_point_all_now,33,0,-171365123.92885113,52362.30000000002,33,444448341.0783982,hyderabad,sigma=0.5
78,robust_all_now,29,0,101498936.98534751,54357.899999999994,29,171584280.1641996,hyderabad,sigma=0.5
78,staged_no_learning,14,15,73402239.69422984,54357.899999999994,29,199680977.45531726,hyderabad,sigma=0.5
78,staged_point_learning,14,11,208210493.79803705,51889.20000000001,25,64872723.35151005,hyderabad,sigma=0.5
78,staged_robust_learning,14,16,222433263.34679794,61570.399999999994,30,50649953.80274916,hyderabad,sigma=0.5
78,oracle_all_now,27,0,273083217.1495471,56519.0,27,0.0,hyderabad,sigma=0.5
79,v1_point_all_now,33,0,1563277146.635347,58627.79999999999,33,382780700.97794676,hyderabad,sigma=0.5
79,robust_all_now,29,0,1719871378.716918,58161.79999999999,29,226186468.89637566,hyderabad,sigma=0.5
79,staged_no_learning,14,15,1620157502.1970391,58161.79999999999,29,325900345.4162545,hyderabad,sigma=0.5
79,staged_point_learning,14,18,1443567338.7577643,57199.79999999999,32,502490508.8555293,hyderabad,sigma=0.5
79,staged_robust_learning,14,21,1728431874.0300303,65894.4,35,217625973.5832634,hyderabad,sigma=0.5
79,oracle_all_now,34,0,1946057847.6132936,66840.0,34,0.0,hyderabad,sigma=0.5
0,v1_point_all_now,34,0,373245965.3081584,50133.000000000015,34,1118091692.1498494,hyderabad,sigma=0.75
0,robust_all_now,26,0,701655933.0338373,46879.8,26,789681724.4241705,hyderabad,sigma=0.75
0,staged_no_learning,10,16,644322499.2931728,46879.8,26,847015158.164835,hyderabad,sigma=0.75
0,staged_point_learning,10,27,904608753.731844,66958.8,37,586728903.7261639,hyderabad,sigma=0.75
0,staged_robust_learning,10,30,969475974.3798199,72297.90000000001,40,521861683.07818794,hyderabad,sigma=0.75
0,oracle_all_now,37,0,1491337657.4580078,76828.40000000001,37,0.0,hyderabad,sigma=0.75
1,v1_point_all_now,34,0,326800223.4631419,54775.29999999999,34,368092519.75709987,hyderabad,sigma=0.75
1,robust_all_now,26,0,421764316.41963744,47101.899999999994,26,273128426.80060434,hyderabad,sigma=0.75
1,staged_no_learning,10,16,370723284.026284,47101.899999999994,26,324169459.1939578,hyderabad,sigma=0.75
1,staged_point_learning,10,10,367109618.4175832,38653.5,20,327783124.80265856,hyderabad,sigma=0.75
1,staged_robust_learning,10,16,495940280.9954684,51245.899999999994,26,198952462.2247734,hyderabad,sigma=0.75
1,oracle_all_now,29,0,694892743.2202418,59347.899999999994,29,0.0,hyderabad,sigma=0.75
2,v1_point_all_now,34,0,1766291982.5117836,60586.600000000006,34,1057234477.2706947,hyderabad,sigma=0.75
2,robust_all_now,26,0,1498246034.0314212,48803.600000000006,26,1325280425.7510571,hyderabad,sigma=0.75
2,staged_no_learning,10,16,1392665027.7563753,48803.600000000006,26,1430861432.026103,hyderabad,sigma=0.75
2,staged_point_learning,10,30,2214960300.2639294,77123.6,40,608566159.518549,hyderabad,sigma=0.75
2,staged_robust_learning,10,30,2463187033.1432037,81660.4,40,360339426.6392746,hyderabad,sigma=0.75
2,oracle_all_now,40,0,2823526459.7824783,83772.0,40,0.0,hyderabad,sigma=0.75
3,v1_point_all_now,34,0,-911732863.0344412,22763.59999999999,34,1045990166.5870091,hyderabad,sigma=0.75
3,robust_all_now,26,0,-488820514.1788522,23730.79999999999,26,623077817.73142,hyderabad,sigma=0.75
3,staged_no_learning,10,16,-479793056.7615713,23730.79999999999,26,614050360.3141391,hyderabad,sigma=0.75
3,staged_point_learning,10,2,-41407518.61172235,16511.29999999999,12,175664822.1642902,hyderabad,sigma=0.75
3,staged_robust_learning,10,8,-194241125.04048336,20765.199999999997,18,328498428.5930512,hyderabad,sigma=0.75
3,oracle_all_now,9,0,134257303.55256784,17422.899999999994,9,0.0,hyderabad,sigma=0.75
4,v1_point_all_now,34,0,496433568.85347414,55850.499999999985,34,880776594.9290032,hyderabad,sigma=0.75
4,robust_all_now,26,0,446427172.91450167,44230.7,26,930782990.8679757,hyderabad,sigma=0.75
4,staged_no_learning,10,16,397576478.10755324,44230.7,26,979633685.6749241,hyderabad,sigma=0.75
4,staged_point_learning,10,29,874217479.4044714,73773.09999999999,39,502992684.378006,hyderabad,sigma=0.75
4,staged_robust_learning,10,30,910202147.3571,76028.7,40,467008016.42537737,hyderabad,sigma=0.75
4,oracle_all_now,40,0,1377210163.7824774,83771.99999999999,40,0.0,hyderabad,sigma=0.75
5,v1_point_all_now,34,0,402091491.3898802,53655.30000000002,34,524573453.2506037,hyderabad,sigma=0.75
5,robust_all_now,26,0,278535750.6129916,40327.40000000001,26,648129194.0274923,hyderabad,sigma=0.75
5,staged_no_learning,10,16,239194153.55580115,40327.40000000001,26,687470791.0846827,hyderabad,sigma=0.75
5,staged_point_learning,10,24,414611219.92510605,55741.600000000006,34,512053724.7153778,hyderabad,sigma=0.75
5,staged_robust_learning,10,28,452090543.04921484,62118.0,38,474574401.591269,hyderabad,sigma=0.75
5,oracle_all_now,32,0,926664944.6404839,63816.0,32,0.0,hyderabad,sigma=0.75
6,v1_point_all_now,34,0,-590600684.401208,26879.20000000001,34,784430648.2501508,hyderabad,sigma=0.75
6,robust_all_now,26,0,-229964285.0022657,27890.5,26,423794248.85120845,hyderabad,sigma=0.75
6,staged_no_learning,10,16,-240452386.61416888,27890.5,26,434282350.46311164,hyderabad,sigma=0.75
6,staged_point_learning,10,2,80067207.0056498,19293.300000000003,12,113762756.84329295,hyderabad,sigma=0.75
6,staged_robust_learning,10,6,32628149.16178298,23342.70000000001,16,161201814.68715978,hyderabad,sigma=0.75
6,oracle_all_now,11,0,193829963.84894276,21434.0,11,0.0,hyderabad,sigma=0.75
7,v1_point_all_now,34,0,935960519.4250765,53315.70000000001,34,627550883.3722048,hyderabad,sigma=0.75
7,robust_all_now,26,0,800527335.1181273,42702.100000000006,26,762984067.6791539,hyderabad,sigma=0.75
7,staged_no_learning,10,16,729498779.6020551,42702.100000000006,26,834012623.1952262,hyderabad,sigma=0.75
7,staged_point_learning,10,9,703999507.9343812,35119.600000000006,19,859511894.8629,hyderabad,sigma=0.75
7,staged_robust_learning,10,16,1022259836.016798,49974.5,26,541251566.7804832,hyderabad,sigma=0.75
7,oracle_all_now,33,0,1563511402.7972813,66667.9,33,0.0,hyderabad,sigma=0.75
8,v1_point_all_now,34,0,84283071.02598166,33917.59999999999,34,676661217.4347436,hyderabad,sigma=0.75
8,robust_all_now,26,0,317846744.5208459,31708.399999999994,26,443097543.9398794,hyderabad,sigma=0.75
8,staged_no_learning,10,16,283547526.62090635,31708.399999999994,26,477396761.83981895,hyderabad,sigma=0.75
8,staged_point_learning,10,11,577062509.8172808,34035.899999999994,21,183881778.64344454,hyderabad,sigma=0.75
8,staged_robust_learning,10,15,415541428.50586104,33994.5,25,345402859.95486426,hyderabad,sigma=0.75
8,oracle_all_now,17,0,760944288.4607253,33330.5,17,0.0,hyderabad,sigma=0.75
9,v1_point_all_now,34,0,1716688504.742598,61396.19999999998,34,986291269.0540786,hyderabad,sigma=0.75
9,robust_all_now,26,0,1460695520.2534752,49429.100000000006,26,1242284253.5432014,hyderabad,sigma=0.75
9,staged_no_learning,10,16,1356550015.8462849,49429.100000000006,26,1346429757.9503918,hyderabad,sigma=0.75
9,staged_point_learning,10,24,1893575930.0217524,67225.19999999998,34,809403843.7749243,hyderabad,sigma=0.75
9,staged_robust_learning,10,29,2113723275.6645327,76236.9,39,589256498.132144,hyderabad,sigma=0.75
9,oracle_all_now,40,0,2702979773.7966766,83682.29999999999,40,0.0,hyderabad,sigma=0.75
10,v1_point_all_now,34,0,-195985478.397583,44482.399999999994,34,756997153.4815719,hyderabad,sigma=0.75
10,robust_all_now,26,0,172755113.6912396,43805.80000000002,26,388256561.3927493,hyderabad,sigma=0.75
10,staged_no_learning,10,16,136538543.38646603,43805.80000000002,26,424473131.6975229,hyderabad,sigma=0.75
10,staged_point_learning,10,13,310096722.73655653,44893.70000000001,23,250914952.34743237,hyderabad,sigma=0.75
10,staged_robust_learning,10,24,100934120.64930606,55043.30000000002,34,460077554.43468285,hyderabad,sigma=0.75
10,oracle_all_now,29,0,561011675.0839889,60036.80000000002,29,0.0,hyderabad,sigma=0.75
11,v1_point_all_now,34,0,-263060908.2945614,47820.5,34,677211261.5432029,hyderabad,sigma=0.75
11,robust_all_now,26,0,31941077.53534746,42739.79999999999,26,382209275.713294,hyderabad,sigma=0.75
11,staged_no_learning,10,16,6924705.561510801,42739.79999999999,26,407225647.6871307,hyderabad,sigma=0.75
11,staged_point_learning,10,13,206517650.1029005,43488.79999999999,23,207632703.145741,hyderabad,sigma=0.75
11,staged_robust_learning,10,21,-25746164.58664584,50153.0,31,439896517.83528733,hyderabad,sigma=0.75
11,oracle_all_now,24,0,414150353.2486415,49635.70000000001,24,0.0,hyderabad,sigma=0.75
12,v1_point_all_now,34,0,828885162.244411,67980.09999999999,34,249266702.02386808,hyderabad,sigma=0.75
12,robust_all_now,26,0,702650354.0087616,53806.09999999999,26,375501510.25951743,hyderabad,sigma=0.75
12,staged_no_learning,10,16,634253308.8902721,53806.09999999999,26,443898555.37800694,hyderabad,sigma=0.75
12,staged_point_learning,10,15,600696322.9473116,51423.2,25,477455541.32096744,hyderabad,sigma=0.75
12,staged_robust_learning,10,29,796265127.8311796,76865.90000000001,39,281886736.43709946,hyderabad,sigma=0.75
12,oracle_all_now,40,0,1078151864.268279,82703.2,40,0.0,hyderabad,sigma=0.75
13,v1_point_all_now,34,0,1974706598.7214518,64079.20000000001,34,848819861.0610266,hyderabad,sigma=0.75
13,robust_all_now,26,0,1795388730.4226599,53783.100000000006,26,1028137729.3598185,hyderabad,sigma=0.75
13,staged_no_learning,10,16,1671603207.5839286,53783.100000000006,26,1151923252.1985497,hyderabad,sigma=0.75
13,staged_point_learning,10,28,2447458297.040122,79355.6,38,376068162.7423563,hyderabad,sigma=0.75
13,staged_robust_learning,10,30,2496710782.610877,82154.5,40,326815677.1716013,hyderabad,sigma=0.75
13,oracle_all_now,40,0,2823526459.7824783,83772.0,40,0.0,hyderabad,sigma=0.75
14,v1_point_all_now,34,0,1184339331.4474325,62844.600000000006,34,613974982.3350453,hyderabad,sigma=0.75
14,robust_all_now,26,0,1039588326.616617,51310.600000000006,26,758725987.1658609,hyderabad,sigma=0.75
14,staged_no_learning,10,16,954763691.7834749,51310.600000000006,26,843550621.9990029,hyderabad,sigma=0.75
14,staged_point_learning,10,30,1120578062.0760422,70505.29999999999,40,677736251.7064357,hyderabad,sigma=0.75
14,staged_robust_learning,10,30,1296110410.1218438,75155.6,40,502203903.66063404,hyderabad,sigma=0.75
14,oracle_all_now,40,0,1798314313.7824779,83772.0,40,0.0,hyderabad,sigma=0.75
15,v1_point_all_now,34,0,16520262.123868227,46797.000000000015,34,567630256.1265852,hyderabad,sigma=0.75
15,robust_all_now,26,0,253488614.88429046,42162.3,26,330661903.366163,hyderabad,sigma=0.75
15,staged_no_learning,10,16,222120686.35057473,42162.3,26,362029831.89987874,hyderabad,sigma=0.75
15,staged_point_learning,10,16,286761689.9575834,44028.7,26,297388828.29287004,hyderabad,sigma=0.75
15,staged_robust_learning,10,18,270936909.10948706,46418.8,28,313213609.1409664,hyderabad,sigma=0.75
15,oracle_all_now,22,0,584150518.2504535,45462.09999999999,22,0.0,hyderabad,sigma=0.75
16,v1_point_all_now,34,0,1559100146.58278,61395.899999999994,34,531819232.8900304,hyderabad,sigma=0.75
16,robust_all_now,26,0,1358436557.161027,49979.29999999999,26,732482822.3117833,hyderabad,sigma=0.75
16,staged_no_learning,10,16,1263020505.3395767,49979.29999999999,26,827898874.1332335,hyderabad,sigma=0.75
16,staged_point_learning,10,14,1307283916.385378,48837.100000000006,24,783635463.0874324,hyderabad,sigma=0.75
16,staged_robust_learning,10,20,1533389080.3728094,59399.29999999999,30,557530299.1000009,hyderabad,sigma=0.75
16,oracle_all_now,36,0,2090919379.4728103,73030.5,36,0.0,hyderabad,sigma=0.75
17,v1_point_all_now,34,0,-632081226.5540779,34811.40000000001,34,988398685.4858,hyderabad,sigma=0.75
17,robust_all_now,26,0,-217118724.1836853,33668.8,26,573436183.1154075,hyderabad,sigma=0.75
17,staged_no_learning,10,16,-221078918.4607246,33668.8,26,577396377.3924468,hyderabad,sigma=0.75
17,staged_point_learning,10,10,47141150.51885247,31957.100000000006,20,309176308.4128697,hyderabad,sigma=0.75
17,staged_robust_learning,10,23,-304551128.75196314,42290.8,33,660868587.6836853,hyderabad,sigma=0.75
17,oracle_all_now,18,0,356317458.93172216,36721.59999999999,18,0.0,hyderabad,sigma=0.75
18,v1_point_all_now,34,0,-203998461.3256793,26952.800000000003,34,1026249304.7634444,hyderabad,sigma=0.75
18,robust_all_now,26,0,212920903.37069535,26793.300000000003,26,609329940.0670698,hyderabad,sigma=0.75
18,staged_no_learning,10,16,192736420.1613903,26793.300000000003,26,629514423.2763748,hyderabad,sigma=0.75
18,staged_point_learning,10,1,433676935.48682797,17228.199999999997,11,388573907.95093715,hyderabad,sigma=0.75
18,staged_robust_learning,10,4,416992092.04465294,19717.0,14,405258751.3931122,hyderabad,sigma=0.75
18,oracle_all_now,14,0,822250843.4377651,26285.100000000006,14,0.0,hyderabad,sigma=0.75
19,v1_point_all_now,34,0,44817612.18368697,44976.80000000002,34,911019902.8685796,hyderabad,sigma=0.75
19,robust_all_now,26,0,246289091.67628455,39544.100000000006,26,709548423.375982,hyderabad,sigma=0.75
19,staged_no_learning,10,16,207893810.3217528,39544.100000000006,26,747943704.7305138,hyderabad,sigma=0.75
19,staged_point_learning,10,13,461444603.95655656,42223.70000000001,23,494392911.09571004,hyderabad,sigma=0.75
19,staged_robust_learning,10,19,567741812.8760729,53115.0,29,388095702.1761937,hyderabad,sigma=0.75
19,oracle_all_now,31,0,955837515.0522666,63233.80000000002,31,0.0,hyderabad,sigma=0.75
20,v1_point_all_now,34,0,1985165566.5151062,63361.5,34,856585197.2673712,hyderabad,sigma=0.75
20,robust_all_now,26,0,1722517954.4712996,52180.0,26,1119232809.3111777,hyderabad,sigma=0.75
20,staged_no_learning,10,16,1605166991.9317222,52180.0,26,1236583771.8507552,hyderabad,sigma=0.75
20,staged_point_learning,10,29,2293040999.231299,76782.79999999999,39,548709764.5511785,hyderabad,sigma=0.75
20,staged_robust_learning,10,30,2265871205.207614,77083.1,40,575879558.5748634,hyderabad,sigma=0.75
20,oracle_all_now,40,0,2841750763.7824774,83772.0,40,0.0,hyderabad,sigma=0.75
21,v1_point_all_now,34,0,1272901906.7788534,63322.20000000001,34,676551753.0036249,hyderabad,sigma=0.75
21,robust_all_now,26,0,1151095962.537765,52070.0,26,798357697.2447133,hyderabad,sigma=0.75
21,staged_no_learning,10,16,1062694444.8839884,52070.0,26,886759214.89849,hyderabad,sigma=0.75
21,staged_point_learning,10,27,1496975311.5957713,74337.0,37,452478348.186707,hyderabad,sigma=0.75
21,staged_robust_learning,10,30,1529153599.4456806,78478.9,40,420300060.3367977,hyderabad,sigma=0.75
21,oracle_all_now,40,0,1949453659.7824783,83772.0,40,0.0,hyderabad,sigma=0.75
22,v1_point_all_now,34,0,2335328918.9525685,69522.3,34,520788244.8299098,hyderabad,sigma=0.75
22,robust_all_now,26,0,1771148893.7984896,52896.3,26,1084968269.9839888,hyderabad,sigma=0.75
22,staged_no_learning,10,16,1645311108.3881574,52896.3,26,1210806055.394321,hyderabad,sigma=0.75
22,staged_point_learning,10,28,2431905091.6473727,78542.8,38,424212072.1351056,hyderabad,sigma=0.75
22,staged_robust_learning,10,30,2544790903.576556,82455.09999999999,40,311326260.2059221,hyderabad,sigma=0.75
22,oracle_all_now,40,0,2856117163.7824783,83772.00000000001,40,0.0,hyderabad,sigma=0.75
23,v1_point_all_now,34,0,419517204.4465258,35935.8,34,827766766.3202417,hyderabad,sigma=0.75
23,robust_all_now,26,0,550731874.222961,31671.800000000003,26,696552096.5438066,hyderabad,sigma=0.75
23,staged_no_learning,10,16,505922683.287251,31671.800000000003,26,741361287.4795165,hyderabad,sigma=0.75
23,staged_point_learning,10,12,1016750588.5752265,38334.899999999994,22,230533382.19154096,hyderabad,sigma=0.75
23,staged_robust_learning,10,16,1014047667.7305136,41774.399999999994,26,233236303.03625393,hyderabad,sigma=0.75
23,oracle_all_now,20,0,1247283970.7667675,39377.8,20,0.0,hyderabad,sigma=0.75
24,v1_point_all_now,34,0,492851399.4830823,63944.100000000006,34,409694660.29939604,hyderabad,sigma=0.75
24,robust_all_now,26,0,504513339.4525678,52277.19999999998,26,398032720.3299105,hyderabad,sigma=0.75
24,staged_no_learning,10,16,446732877.5648339,52277.19999999998,26,455813182.21764445,hyderabad,sigma=0.75
24,staged_point_learning,10,15,462066843.4809673,51163.0,25,440479216.30151105,hyderabad,sigma=0.75
24,staged_robust_learning,10,29,645215414.0605445,78248.29999999999,39,257330645.72193384,hyderabad,sigma=0.75
24,oracle_all_now,40,0,902546059.7824783,83772.0,40,0.0,hyderabad,sigma=0.75
25,v1_point_all_now,34,0,-693831529.3987918,30118.999999999985,34,903961688.6836864,hyderabad,sigma=0.75
25,robust_all_now,26,0,-257064599.09154058,31331.699999999997,26,467194758.37643516,hyderabad,sigma=0.75
25,staged_no_learning,10,16,-270704582.8232628,31331.699999999997,26,480834742.1081574,hyderabad,sigma=0.75
25,staged_point_learning,10,5,9249028.389546752,23284.399999999994,15,200881130.89534783,hyderabad,sigma=0.75
25,staged_robust_learning,10,11,-103513927.54809678,28995.59999999999,21,313644086.83299136,hyderabad,sigma=0.75
25,oracle_all_now,13,0,210130159.2848946,25942.300000000003,13,0.0,hyderabad,sigma=0.75
26,v1_point_all_now,34,0,-67011798.518729925,38691.80000000002,34,756992007.29441,hyderabad,sigma=0.75
26,robust_all_now,26,0,312906747.95740175,38433.399999999994,26,377073460.8182783,hyderabad,sigma=0.75
26,staged_no_learning,10,16,276148790.0054984,38433.399999999994,26,413831418.77018166,hyderabad,sigma=0.75
26,staged_point_learning,10,5,431661414.0788522,28903.300000000003,15,258318794.6968279,hyderabad,sigma=0.75
26,staged_robust_learning,10,8,458033562.1636863,33324.70000000001,18,231946646.6119938,hyderabad,sigma=0.75
26,oracle_all_now,21,0,689980208.7756801,41663.5,21,0.0,hyderabad,sigma=0.75
27,v1_point_all_now,34,0,1668514661.322206,58930.90000000001,34,1047103052.4602714,hyderabad,sigma=0.75
27,robust_all_now,26,0,1680590546.688973,52829.3,26,1035027167.0935044,hyderabad,sigma=0.75
27,staged_no_learning,10,16,1564103389.8303933,52829.3,26,1151514323.952084,hyderabad,sigma=0.75
27,staged_point_learning,10,15,1581466135.5132928,52357.499999999985,25,1134151578.2691846,hyderabad,sigma=0.75
27,staged_robust_learning,10,30,2110777385.826405,75961.2,40,604840327.9560723,hyderabad,sigma=0.75
27,oracle_all_now,40,0,2715617713.7824774,83771.99999999999,40,0.0,hyderabad,sigma=0.75
28,v1_point_all_now,34,0,-780693500.8543808,34116.79999999999,34,1041892889.4848943,hyderabad,sigma=0.75
28,robust_all_now,26,0,-318737751.01510525,33456.0,26,579937139.6456187,hyderabad,sigma=0.75
28,staged_no_learning,10,16,-323755901.15293026,33456.0,26,584955289.7834437,hyderabad,sigma=0.75
28,staged_point_learning,10,2,50179200.1123265,20854.5,12,211020188.51818693,hyderabad,sigma=0.75
28,staged_robust_learning,10,7,24088800.755709648,28457.699999999983,17,237110587.87480378,hyderabad,sigma=0.75
28,oracle_all_now,17,0,261199388.63051343,34307.29999999999,17,0.0,hyderabad,sigma=0.75
29,v1_point_all_now,34,0,686903887.4167669,49274.69999999998,34,572413099.9951675,hyderabad,sigma=0.75
29,robust_all_now,26,0,764016986.1882172,43479.79999999999,26,495300001.2237172,hyderabad,sigma=0.75
29,staged_no_learning,10,16,703247287.508882,43479.79999999999,26,556069699.9030523,hyderabad,sigma=0.75
29,staged_point_learning,10,24,1034986608.0176435,60376.79999999999,34,224330379.39429092,hyderabad,sigma=0.75
29,staged_robust_learning,10,30,796433383.4257398,60138.19999999998,40,462883603.9861946,hyderabad,sigma=0.75
29,oracle_all_now,30,0,1259316987.4119344,59345.100000000006,30,0.0,hyderabad,sigma=0.75
30,v1_point_all_now,34,0,-233859390.070997,40168.499999999985,34,795364875.2836862,hyderabad,sigma=0.75
30,robust_all_now,26,0,282898827.93383765,42940.90000000001,26,278606657.2788515,hyderabad,sigma=0.75
30,staged_no_learning,10,16,243413704.4697287,42940.90000000001,26,318091780.74296045,hyderabad,sigma=0.75
30,staged_point_learning,10,10,300644460.8138976,36052.3,20,260861024.39879155,hyderabad,sigma=0.75
30,staged_robust_learning,10,21,133508251.29075551,46885.09999999999,31,427997233.92193365,hyderabad,sigma=0.75
30,oracle_all_now,22,0,561505485.2126892,44862.59999999999,22,0.0,hyderabad,sigma=0.75
31,v1_point_all_now,34,0,1594758036.3586102,68320.69999999998,34,430473127.4238677,hyderabad,sigma=0.75
31,robust_all_now,26,0,1260868960.2628403,53187.0,26,764362203.5196376,hyderabad,sigma=0.75
31,staged_no_learning,10,16,1164919127.9268885,53187.0,26,860312035.8555894,hyderabad,sigma=0.75
31,staged_point_learning,10,30,1836672235.0809674,83772.0,40,188558928.70151043,hyderabad,sigma=0.75
31,staged_robust_learning,10,30,1836672235.0809674,83772.0,40,188558928.70151043,hyderabad,sigma=0.75
31,oracle_all_now,40,0,2025231163.7824779,83772.0,40,0.0,hyderabad,sigma=0.75
32,v1_point_all_now,34,0,746212376.1219037,69093.1,34,206805737.6605742,hyderabad,sigma=0.75
32,robust_all_now,26,0,596741085.7829306,53699.899999999994,26,356277027.99954724,hyderabad,sigma=0.75
32,staged_no_learning,10,16,533707043.1183686,53699.899999999994,26,419311070.66410923,hyderabad,sigma=0.75
32,staged_point_learning,10,30,627754500.300242,76425.9,40,325263613.4822359,hyderabad,sigma=0.75
32,staged_robust_learning,10,30,524428810.96501565,72696.6,40,428589302.8174622,hyderabad,sigma=0.75
32,oracle_all_now,40,0,953018113.7824779,83772.0,40,0.0,hyderabad,sigma=0.75
33,v1_point_all_now,34,0,621711952.4308167,45097.40000000001,34,664867310.0870085,hyderabad,sigma=0.75
33,robust_all_now,26,0,1103782768.6398797,45016.2,26,182796493.87794542,hyderabad,sigma=0.75
33,staged_no_learning,10,16,1025549083.7009668,45016.2,26,261030178.8168583,hyderabad,sigma=0.75
33,staged_point_learning,10,12,823481702.985801,37091.3,22,463097559.53202415,hyderabad,sigma=0.75
33,staged_robust_learning,10,26,694262713.6816316,49540.7,36,592316548.8361936,hyderabad,sigma=0.75
33,oracle_all_now,23,0,1286579262.5178251,45019.59999999999,23,0.0,hyderabad,sigma=0.75
34,v1_point_all_now,34,0,433641638.8891239,64331.29999999999,34,343070524.89335394,hyderabad,sigma=0.75
34,robust_all_now,26,0,299057686.23202395,48206.79999999999,26,477654477.5504539,hyderabad,sigma=0.75
34,staged_no_learning,10,16,257099651.7835648,48206.79999999999,26,519612511.99891305,hyderabad,sigma=0.75
34,staged_point_learning,10,30,570388167.2931724,80608.69999999998,40,206323996.4893055,hyderabad,sigma=0.75
34,staged_robust_learning,10,30,514808016.659698,78769.29999999999,40,261904147.12277985,hyderabad,sigma=0.75
34,oracle_all_now,40,0,776712163.7824779,83772.0,40,0.0,hyderabad,sigma=0.75
35,v1_point_all_now,34,0,397654985.98247814,56563.8,34,558113324.3160124,hyderabad,sigma=0.75
35,robust_all_now,26,0,635553819.922055,52029.8,26,320214490.3764355,hyderabad,sigma=0.75
35,staged_no_learning,10,16,572478563.2502725,52029.8,26,383289747.048218,hyderabad,sigma=0.75
35,staged_point_learning,10,26,439380366.0949855,62326.8,36,516387944.20350504,hyderabad,sigma=0.75
35,staged_robust_learning,10,30,567914470.9293065,71694.00000000001,40,387853839.369184,hyderabad,sigma=0.75
35,oracle_all_now,36,0,955768310.2984905,74047.2,36,0.0,hyderabad,sigma=0.75
36,v1_point_all_now,34,0,445345882.530967,56301.5,34,594601216.0785501,hyderabad,sigma=0.75
36,robust_all_now,26,0,367905989.5086107,43959.100000000006,26,672041109.1009064,hyderabad,sigma=0.75
36,staged_no_learning,10,16,322696739.55622387,43959.100000000006,26,717250359.0532932,hyderabad,sigma=0.75
36,staged_point_learning,10,16,564139116.0274019,52673.399999999994,26,475807982.5821152,hyderabad,sigma=0.75
36,staged_robust_learning,10,30,595886943.4344113,71983.5,40,444060155.1751058,hyderabad,sigma=0.75
36,oracle_all_now,40,0,1039947098.6095171,83313.5,40,0.0,hyderabad,sigma=0.75
37,v1_point_all_now,34,0,2418842217.3160124,70509.6,34,469566496.466465,hyderabad,sigma=0.75
37,robust_all_now,26,0,1841160474.559516,53755.19999999998,26,1047248239.2229614,hyderabad,sigma=0.75
37,staged_no_learning,10,16,1714919100.1792746,53755.19999999998,26,1173489613.6032028,hyderabad,sigma=0.75
37,staged_point_learning,10,30,2184766325.113898,74119.0,40,703642388.6685796,hyderabad,sigma=0.75
37,staged_robust_learning,10,30,2375376943.9880967,78107.79999999999,40,513031769.79438066,hyderabad,sigma=0.75
37,oracle_all_now,40,0,2888408713.7824774,83772.0,40,0.0,hyderabad,sigma=0.75
38,v1_point_all_now,34,0,-279688900.7178247,45674.399999999994,34,582954493.1037767,hyderabad,sigma=0.75
38,robust_all_now,26,0,55626403.01676726,43846.29999999999,26,247639189.36918473,hyderabad,sigma=0.75
38,staged_no_learning,10,16,29783028.417703867,43846.29999999999,26,273482563.9682481,hyderabad,sigma=0.75
38,staged_point_learning,10,10,92972771.90966785,35983.5,20,210292820.47628415,hyderabad,sigma=0.75
38,staged_robust_learning,10,16,59888864.37395787,44932.899999999994,26,243376728.01199412,hyderabad,sigma=0.75
38,oracle_all_now,21,0,303265592.385952,43963.5,21,0.0,hyderabad,sigma=0.75
39,v1_point_all_now,34,0,-75025921.70241618,52798.5,34,686361118.1271904,hyderabad,sigma=0.75
39,robust_all_now,26,0,112008928.29456258,44859.5,26,499326268.1302116,hyderabad,sigma=0.75
39,staged_no_learning,10,16,84619992.34501553,44859.5,26,526715204.07975864,hyderabad,sigma=0.75
39,staged_point_learning,10,19,274258431.7175834,55348.899999999994,29,337076764.70719075,hyderabad,sigma=0.75
39,staged_robust_learning,10,28,-117273669.43552852,59085.79999999999,38,728608865.8603027,hyderabad,sigma=0.75
39,oracle_all_now,35,0,611335196.4247742,72580.4,35,0.0,hyderabad,sigma=0.75
40,v1_point_all_now,34,0,1387617581.0716014,52245.7,34,1468499582.710876,hyderabad,sigma=0.75
40,robust_all_now,26,0,1174121360.1347432,42012.59999999999,26,1681995803.6477342,hyderabad,sigma=0.75
40,staged_no_learning,10,16,1085167449.3378243,42012.59999999999,26,1770949714.444653,hyderabad,sigma=0.75
40,staged_point_learning,10,30,2405482728.197281,79938.49999999999,40,450634435.5851965,hyderabad,sigma=0.75
40,staged_robust_learning,10,30,2389845559.7789125,79627.59999999999,40,466271604.00356483,hyderabad,sigma=0.75
40,oracle_all_now,40,0,2856117163.7824774,83771.99999999999,40,0.0,hyderabad,sigma=0.75
41,v1_point_all_now,34,0,477523274.1495471,59001.499999999985,34,394934626.58640575,hyderabad,sigma=0.75
41,robust_all_now,26,0,568755069.0012088,50508.59999999999,26,303702831.7347441,hyderabad,sigma=0.75
41,staged_no_learning,10,16,511186914.6002419,50508.59999999999,26,361270986.13571095,hyderabad,sigma=0.75
41,staged_point_learning,10,15,576735570.6439884,50977.7,25,295722330.0919645,hyderabad,sigma=0.75
41,staged_robust_learning,10,23,609566735.2989736,63313.7,33,262891165.4369793,hyderabad,sigma=0.75
41,oracle_all_now,33,0,872457900.7359529,68093.40000000001,33,0.0,hyderabad,sigma=0.75
42,v1_point_all_now,34,0,-311834502.0383682,33560.7,34,949991795.4018128,hyderabad,sigma=0.75
42,robust_all_now,26,0,-115467986.15226507,28188.40000000001,26,753625279.5157096,hyderabad,sigma=0.75
42,staged_no_learning,10,16,-130191672.86688757,28188.40000000001,26,768348966.2303321,hyderabad,sigma=0.75
42,staged_point_learning,10,6,341224455.9140184,26522.5,16,296932837.4494262,hyderabad,sigma=0.75
42,staged_robust_learning,10,7,314392115.9966769,27143.699999999997,17,323765177.36676764,hyderabad,sigma=0.75
42,oracle_all_now,16,0,638157293.3634446,31902.699999999997,16,0.0,hyderabad,sigma=0.75
43,v1_point_all_now,34,0,1240750413.6305141,60257.7,34,784480750.1519632,hyderabad,sigma=0.75
43,robust_all_now,26,0,1041558098.7610278,48191.90000000001,26,983673065.0214496,hyderabad,sigma=0.75
43,staged_no_learning,10,16,958642304.7343209,48191.90000000001,26,1066588859.0481565,hyderabad,sigma=0.75
43,staged_point_learning,10,20,1239781222.3691235,59146.499999999985,30,785449941.4133539,hyderabad,sigma=0.75
43,staged_robust_learning,10,28,1451988909.3269486,72359.7,38,573242254.4555287,hyderabad,sigma=0.75
43,oracle_all_now,40,0,2025231163.7824774,83771.99999999999,40,0.0,hyderabad,sigma=0.75
44,v1_point_all_now,34,0,1818415596.4954677,58759.999999999985,34,1124118967.2870097,hyderabad,sigma=0.75
44,robust_all_now,26,0,1351319696.5616322,44218.90000000001,26,1591214867.2208452,hyderabad,sigma=0.75
44,staged_no_learning,10,16,1249452923.0664659,44218.90000000001,26,1693081640.7160115,hyderabad,sigma=0.75
44,staged_point_learning,10,30,2486727773.4749255,79942.40000000001,40,455806790.30755186,hyderabad,sigma=0.75
44,staged_robust_learning,10,30,2486727773.4749255,79942.40000000001,40,455806790.30755186,hyderabad,sigma=0.75
44,oracle_all_now,40,0,2942534563.7824774,83771.99999999999,40,0.0,hyderabad,sigma=0.75
45,v1_point_all_now,34,0,500477237.7178254,55942.600000000006,34,739876638.8429003,hyderabad,sigma=0.75
45,robust_all_now,26,0,391080278.5561938,42970.100000000006,26,849273598.0045319,hyderabad,sigma=0.75
45,staged_no_learning,10,16,344180201.5422363,42970.100000000006,26,896173675.0184894,hyderabad,sigma=0.75
45,staged_point_learning,10,20,755184233.3935957,58626.600000000006,30,485169643.16713,hyderabad,sigma=0.75
45,staged_robust_learning,10,26,725451367.3761935,66058.29999999999,36,514902509.18453217,hyderabad,sigma=0.75
45,oracle_all_now,37,0,1240353876.5607257,76724.6,37,0.0,hyderabad,sigma=0.75
46,v1_point_all_now,34,0,808540851.107553,56555.399999999994,34,538393140.823565,hyderabad,sigma=0.75
46,robust_all_now,26,0,758192574.5332332,46119.5,26,588741417.3978848,hyderabad,sigma=0.75
46,staged_no_learning,10,16,692952189.6778858,46119.5,26,653981802.2532322,hyderabad,sigma=0.75
46,staged_point_learning,10,17,793271150.2178249,49586.899999999994,27,553662841.7132931,hyderabad,sigma=0.75
46,staged_robust_learning,10,26,975692215.9140191,64666.70000000001,36,371241776.0170989,hyderabad,sigma=0.75
46,oracle_all_now,32,0,1346933991.931118,65254.79999999999,32,0.0,hyderabad,sigma=0.75
47,v1_point_all_now,34,0,-318102269.202719,40353.399999999994,34,668801617.8315711,hyderabad,sigma=0.75
47,robust_all_now,26,0,-65637527.91722059,36736.399999999994,26,416336876.5460727,hyderabad,sigma=0.75
47,staged_no_learning,10,16,-85512880.33806646,36736.399999999994,26,436212228.9669186,hyderabad,sigma=0.75
47,staged_point_learning,10,11,113337737.10253811,36056.100000000006,21,237361611.52631402,hyderabad,sigma=0.75
47,staged_robust_learning,10,19,77026776.39148116,47317.30000000002,29,273672572.23737097,hyderabad,sigma=0.75
47,oracle_all_now,21,0,350699348.6288521,43031.899999999994,21,0.0,hyderabad,sigma=0.75
48,v1_point_all_now,34,0,681871855.1108751,39602.69999999998,34,715978515.502418,hyderabad,sigma=0.75
48,robust_all_now,26,0,1182424632.2604222,42334.19999999998,26,215425738.35287094,hyderabad,sigma=0.75
48,staged_no_learning,10,16,1104653128.8325672,42334.19999999998,26,293197241.78072596,hyderabad,sigma=0.75
48,staged_point_learning,10,5,915806180.8183086,29334.100000000006,15,482044189.7949846,hyderabad,sigma=0.75
48,staged_robust_learning,10,12,1099783024.0610874,38875.399999999994,22,298067346.5522058,hyderabad,sigma=0.75
48,oracle_all_now,24,0,1397850370.6132932,44663.0,24,0.0,hyderabad,sigma=0.75
49,v1_point_all_now,34,0,594060590.442296,58318.399999999994,34,729023723.3401818,hyderabad,sigma=0.75
49,robust_all_now,26,0,474778056.86269,45094.30000000002,26,848306256.9197879,hyderabad,sigma=0.75
49,staged_no_learning,10,16,429568344.5010886,45094.30000000002,26,893515969.2813892,hyderabad,sigma=0.75
49,staged_point_learning,10,28,1032174252.5554695,77209.30000000002,38,290910061.22700834,hyderabad,sigma=0.75
49,staged_robust_learning,10,30,1086622062.2480369,81343.5,40,236462251.534441,hyderabad,sigma=0.75
49,oracle_all_now,40,0,1323084313.7824779,83772.0,40,0.0,hyderabad,sigma=0.75
50,v1_point_all_now,34,0,-276128317.93262815,34908.3,34,844944059.9102716,hyderabad,sigma=0.75
50,robust_all_now,26,0,165203585.53081584,35266.7,26,403612156.44682765,hyderabad,sigma=0.75
50,staged_no_learning,10,16,139887214.577281,35266.7,26,428928527.4003625,hyderabad,sigma=0.75
50,staged_point_learning,10,7,405274151.51818776,30489.40000000001,17,163541590.45945573,hyderabad,sigma=0.75
50,staged_robust_learning,10,11,325654810.7534745,33564.8,21,243160931.22416902,hyderabad,sigma=0.75
50,oracle_all_now,16,0,568815741.9776435,32342.59999999999,16,0.0,hyderabad,sigma=0.75
51,v1_point_all_now,34,0,543123552.532629,38242.7,34,741485029.5422959,hyderabad,sigma=0.75
51,robust_all_now,26,0,982104770.2706957,38742.40000000001,26,302503811.80422926,hyderabad,sigma=0.75
51,staged_no_learning,10,16,916430183.5725689,38742.40000000001,26,368178398.50235605,hyderabad,sigma=0.75
51,staged_point_learning,10,5,785225274.3600001,26498.699999999997,15,499383307.7149248,hyderabad,sigma=0.75
51,staged_robust_learning,10,9,953512004.4047132,33154.7,19,331096577.6702118,hyderabad,sigma=0.75
51,oracle_all_now,20,0,1284608582.074925,38669.2,20,0.0,hyderabad,sigma=0.75
52,v1_point_all_now,34,0,147649827.49274945,55653.09999999999,34,450262993.21389794,hyderabad,sigma=0.75
52,robust_all_now,26,0,223560619.93625426,45915.90000000001,26,374352200.77039313,hyderabad,sigma=0.75
52,staged_no_learning,10,16,184332290.2354083,45915.90000000001,26,413580530.4712391,hyderabad,sigma=0.75
52,staged_point_learning,10,9,252040691.7341392,37139.8,19,345872128.9725082,hyderabad,sigma=0.75
52,staged_robust_learning,10,19,173305713.91975808,50272.499999999985,29,424607106.7868893,hyderabad,sigma=0.75
52,oracle_all_now,33,0,597912820.7066474,67810.90000000001,33,0.0,hyderabad,sigma=0.75
53,v1_point_all_now,34,0,2005151118.8652568,63973.59999999999,34,784221735.9407868,hyderabad,sigma=0.75
53,robust_all_now,26,0,1670635720.170393,51221.59999999999,26,1118737134.6356506,hyderabad,sigma=0.75
53,staged_no_learning,10,16,1557064630.8661027,51221.59999999999,26,1232308223.939941,hyderabad,sigma=0.75
53,staged_point_learning,10,22,1974336329.983686,64435.499999999985,32,815036524.8223577,hyderabad,sigma=0.75
53,staged_robust_learning,10,30,2437496847.322901,80350.59999999999,40,351876007.48314285,hyderabad,sigma=0.75
53,oracle_all_now,40,0,2789372854.8060436,82475.2,40,0.0,hyderabad,sigma=0.75
54,v1_point_all_now,34,0,866512072.6175237,67031.6,34,338429187.16495466,hyderabad,sigma=0.75
54,robust_all_now,26,0,721966353.3583086,52830.399999999994,26,482974906.4241698,hyderabad,sigma=0.75
54,staged_no_learning,10,16,653759481.6728704,52830.399999999994,26,551181778.1096079,hyderabad,sigma=0.75
54,staged_point_learning,10,30,1067509989.4809675,83772.0,40,137431270.3015108,hyderabad,sigma=0.75
54,staged_robust_learning,10,30,1067509989.4809675,83772.0,40,137431270.3015108,hyderabad,sigma=0.75
54,oracle_all_now,40,0,1204941259.7824783,83772.0,40,0.0,hyderabad,sigma=0.75
55,v1_point_all_now,34,0,-273201160.6575525,45889.100000000006,34,585181717.6930513,hyderabad,sigma=0.75
55,robust_all_now,26,0,74899251.69139028,44484.100000000006,26,237081305.34410858,hyderabad,sigma=0.75
55,staged_no_learning,10,16,44640610.35619378,44484.100000000006,26,267339946.67930508,hyderabad,sigma=0.75
55,staged_point_learning,10,16,85011688.5559516,45941.19999999998,26,226968868.47954726,hyderabad,sigma=0.75
55,staged_robust_learning,10,26,-193690633.68803596,52787.899999999994,36,505671190.7235348,hyderabad,sigma=0.75
55,oracle_all_now,22,0,311980557.03549886,45867.5,22,0.0,hyderabad,sigma=0.75
56,v1_point_all_now,34,0,-157050558.5676732,54594.600000000006,34,495129091.67945623,hyderabad,sigma=0.75
56,robust_all_now,26,0,117204773.65906358,49601.899999999994,26,220873759.45271945,hyderabad,sigma=0.75
56,staged_no_learning,10,16,81729934.3827796,49601.899999999994,26,256348598.72900343,hyderabad,sigma=0.75
56,staged_point_learning,10,12,109571870.72815728,43272.5,22,228506662.38362575,hyderabad,sigma=0.75
56,staged_robust_learning,10,20,59939088.20199466,56149.70000000001,30,278139444.90978837,hyderabad,sigma=0.75
56,oracle_all_now,34,0,338078533.111783,70980.0,34,0.0,hyderabad,sigma=0.75
57,v1_point_all_now,34,0,1294877207.4477344,60758.79999999999,34,746925450.1323271,hyderabad,sigma=0.75
57,robust_all_now,26,0,1156808624.5797591,49882.100000000006,26,884994033.0003023,hyderabad,sigma=0.75
57,staged_no_learning,10,16,1067725020.0879765,49882.100000000006,26,974077637.492085,hyderabad,sigma=0.75
57,staged_point_learning,10,29,1504476383.2367377,73332.9,39,537326274.3433237,hyderabad,sigma=0.75
57,staged_robust_learning,10,30,1294000056.3859825,69673.4,40,747802601.1940789,hyderabad,sigma=0.75
57,oracle_all_now,40,0,2041802657.5800614,82121.0,40,0.0,hyderabad,sigma=0.75
58,v1_point_all_now,34,0,251908227.63595152,52734.999999999985,34,701109886.1465259,hyderabad,sigma=0.75
58,robust_all_now,26,0,433299593.2910876,48291.09999999999,26,519718520.49138975,hyderabad,sigma=0.75
58,staged_no_learning,10,16,383848359.59160113,48291.09999999999,26,569169754.1908762,hyderabad,sigma=0.75
58,staged_point_learning,10,21,619787282.1189735,63710.90000000001,31,333230831.6635039,hyderabad,sigma=0.75
58,staged_robust_learning,10,30,737527482.1322665,80387.90000000001,40,215490631.65021086,hyderabad,sigma=0.75
58,oracle_all_now,40,0,953018113.7824774,83771.99999999999,40,0.0,hyderabad,sigma=0.75
59,v1_point_all_now,34,0,919045170.9486408,62644.0,34,576873942.833837,hyderabad,sigma=0.75
59,robust_all_now,26,0,823559124.8024175,50837.600000000006,26,672359988.9800603,hyderabad,sigma=0.75
59,staged_no_learning,10,16,751810750.3018134,50837.600000000006,26,744108363.4806645,hyderabad,sigma=0.75
59,staged_point_learning,10,28,1158640631.193293,76506.5,38,337278482.58918476,hyderabad,sigma=0.75
59,staged_robust_learning,10,30,1326585073.9030218,83437.6,40,169334039.87945604,hyderabad,sigma=0.75
59,oracle_all_now,40,0,1495919113.7824779,83772.0,40,0.0,hyderabad,sigma=0.75
60,v1_point_all_now,34,0,992711844.8711481,46669.09999999999,34,374126916.23217535,hyderabad,sigma=0.75
60,robust_all_now,26,0,1068157434.6034737,41617.499999999985,26,298681326.4998498,hyderabad,sigma=0.75
60,staged_no_learning,10,16,997995481.7839875,41617.499999999985,26,368843279.31933594,hyderabad,sigma=0.75
60,staged_point_learning,10,11,1028664186.5371003,37979.90000000001,21,338174574.56622314,hyderabad,sigma=0.75
60,staged_robust_learning,10,22,996769097.4369183,46727.09999999999,32,370069663.6664052,hyderabad,sigma=0.75
60,oracle_all_now,23,0,1366838761.1033235,44911.2,23,0.0,hyderabad,sigma=0.75
61,v1_point_all_now,34,0,509849018.783082,44646.8,34,1122338898.0815716,hyderabad,sigma=0.75
61,robust_all_now,26,0,762423559.390635,41787.7,26,869764357.4740186,hyderabad,sigma=0.75
61,staged_no_learning,10,16,701234498.2577646,41787.7,26,930953418.606889,hyderabad,sigma=0.75
61,staged_point_learning,10,29,1109260442.8856812,64595.500000000015,39,522927473.97897243,hyderabad,sigma=0.75
61,staged_robust_learning,10,29,1270931387.0304542,68214.40000000001,39,361256529.8341994,hyderabad,sigma=0.75
61,oracle_all_now,34,0,1632187916.8646536,67681.8,34,0.0,hyderabad,sigma=0.75
62,v1_point_all_now,34,0,976747090.4743214,57802.000000000015,34,533876419.5129905,hyderabad,sigma=0.75
62,robust_all_now,26,0,960756299.0436559,49395.7,26,549867210.943656,hyderabad,sigma=0.75
62,staged_no_learning,10,16,882160720.6090333,49395.7,26,628462789.3782785,hyderabad,sigma=0.75
62,staged_point_learning,10,15,906400562.3923564,48980.59999999999,25,604222947.5949554,hyderabad,sigma=0.75
62,staged_robust_learning,10,26,953737330.418097,61864.7,36,556886179.5692148,hyderabad,sigma=0.75
62,oracle_all_now,36,0,1510623509.9873118,72774.8,36,0.0,hyderabad,sigma=0.75
63,v1_point_all_now,34,0,2317536019.2151055,71206.19999999998,34,408976944.56737185,hyderabad,sigma=0.75
63,robust_all_now,26,0,1772233426.45861,54451.79999999999,26,954279537.3238673,hyderabad,sigma=0.75
63,staged_no_learning,10,16,1648356648.4844708,54451.79999999999,26,1078156315.2980065,hyderabad,sigma=0.75
63,staged_point_learning,10,30,2385266672.1376433,81605.29999999999,40,341246291.64483404,hyderabad,sigma=0.75
63,staged_robust_learning,10,30,2494244005.080967,83772.0,40,232268958.70151043,hyderabad,sigma=0.75
63,oracle_all_now,40,0,2726512963.7824774,83772.0,40,0.0,hyderabad,sigma=0.75
64,v1_point_all_now,34,0,1290215606.3308153,63335.499999999985,34,359302456.3719034,hyderabad,sigma=0.75
64,robust_all_now,26,0,1116729668.6649547,51396.09999999999,26,532788394.0377641,hyderabad,sigma=0.75
64,staged_no_learning,10,16,1030664625.4480965,51396.09999999999,26,618853437.2546222,hyderabad,sigma=0.75
64,staged_point_learning,10,26,1364691454.2031422,70194.7,36,284826608.49957657,hyderabad,sigma=0.75
64,staged_robust_learning,10,30,1326232402.1569796,73439.8,40,323285660.5457392,hyderabad,sigma=0.75
64,oracle_all_now,35,0,1649518062.7027187,72517.59999999999,35,0.0,hyderabad,sigma=0.75
65,v1_point_all_now,34,0,1359764237.764955,53746.2,34,983591383.7818742,hyderabad,sigma=0.75
65,robust_all_now,26,0,1552061112.6438065,50438.09999999999,26,791294508.9030228,hyderabad,sigma=0.75
65,staged_no_learning,10,16,1446481759.836012,50438.09999999999,26,896873861.7108173,hyderabad,sigma=0.75
65,staged_point_learning,10,26,1622166232.2780666,62861.2,36,721189389.2687626,hyderabad,sigma=0.75
65,staged_robust_learning,10,30,1872323287.133173,71406.90000000001,40,471032334.41365623,hyderabad,sigma=0.75
65,oracle_all_now,37,0,2343355621.546829,74232.00000000001,37,0.0,hyderabad,sigma=0.75
66,v1_point_all_now,34,0,-67799639.30785441,48372.100000000006,34,538938327.6244707,hyderabad,sigma=0.75
66,robust_all_now,26,0,152250388.62719083,43183.600000000006,26,318888299.68942547,hyderabad,sigma=0.75
66,staged_no_learning,10,16,118542232.66809702,43183.600000000006,26,352596455.6485193,hyderabad,sigma=0.75
66,staged_point_learning,10,7,246052321.45093668,33435.7,17,225086366.86567962,hyderabad,sigma=0.75
66,staged_robust_learning,10,7,257108522.99317265,33801.600000000006,17,214030165.32344365,hyderabad,sigma=0.75
66,oracle_all_now,25,0,471138688.3166163,51376.79999999999,25,0.0,hyderabad,sigma=0.75
67,v1_point_all_now,34,0,1280672941.6166162,67860.59999999999,34,388037172.1658621,hyderabad,sigma=0.75
67,robust_all_now,26,0,1025491239.6170702,53014.500000000015,26,643218874.1654081,hyderabad,sigma=0.75
67,staged_no_learning,10,16,941695305.6293061,53014.500000000015,26,727014808.1531723,hyderabad,sigma=0.75
67,staged_point_learning,10,16,860664986.821934,50867.8,26,808045126.9605443,hyderabad,sigma=0.75
67,staged_robust_learning,10,23,1224946143.2470703,68470.40000000001,33,443763970.535408,hyderabad,sigma=0.75
67,oracle_all_now,40,0,1668710113.7824783,83772.00000000001,40,0.0,hyderabad,sigma=0.75
68,v1_point_all_now,34,0,824716834.4448643,47672.5,34,585109879.892447,hyderabad,sigma=0.75
68,robust_all_now,26,0,1221527238.372357,47792.5,26,188299475.96495438,hyderabad,sigma=0.75
68,staged_no_learning,10,16,1136907908.2323265,47792.5,26,272918806.10498476,hyderabad,sigma=0.75
68,staged_point_learning,10,15,1260918269.314743,49407.399999999994,25,148908445.02256823,hyderabad,sigma=0.75
68,staged_robust_learning,10,22,1216722486.093595,55343.899999999994,32,193104228.24371624,hyderabad,sigma=0.75
68,oracle_all_now,28,0,1409826714.3373113,53278.899999999994,28,0.0,hyderabad,sigma=0.75
69,v1_point_all_now,34,0,1746560908.3601222,61896.80000000002,34,961771551.4223561,hyderabad,sigma=0.75
69,robust_all_now,26,0,1456625808.0546832,49360.899999999994,26,1251706651.7277951,hyderabad,sigma=0.75
69,staged_no_learning,10,16,1352912244.967795,49360.899999999994,26,1355420214.8146834,hyderabad,sigma=0.75
69,staged_point_learning,10,30,2408757477.093959,82625.1,40,299574982.6885195,hyderabad,sigma=0.75
69,staged_robust_learning,10,30,2408757477.093959,82625.1,40,299574982.6885195,hyderabad,sigma=0.75
69,oracle_all_now,40,0,2708332459.7824783,83772.0,40,0.0,hyderabad,sigma=0.75
70,v1_point_all_now,34,0,845766133.9401813,55309.79999999999,34,450282074.03927517,hyderabad,sigma=0.75
70,robust_all_now,26,0,651043673.9105749,42383.600000000006,26,645004534.0688815,hyderabad,sigma=0.75
70,staged_no_learning,10,16,594410545.6312997,42383.600000000006,26,701637662.3481567,hyderabad,sigma=0.75
70,staged_point_learning,10,16,944994673.756012,50231.19999999998,26,351053534.22344446,hyderabad,sigma=0.75
70,staged_robust_learning,10,25,1062051208.7353477,63315.899999999994,35,233996999.24410868,hyderabad,sigma=0.75
70,oracle_all_now,31,0,1296048207.9794564,61202.79999999999,31,0.0,hyderabad,sigma=0.75
71,v1_point_all_now,34,0,1393906256.715106,71206.2,34,245983457.06737137,hyderabad,sigma=0.75
71,robust_all_now,26,0,1065928313.9586105,54451.8,26,573961399.8238668,hyderabad,sigma=0.75
71,staged_no_learning,10,16,978173075.9844718,54451.8,26,661716637.7980056,hyderabad,sigma=0.75
71,staged_point_learning,10,30,1367480592.9905143,80914.3,40,272409120.7919631,hyderabad,sigma=0.75
71,staged_robust_learning,10,30,1411696792.483203,82085.7,40,228192921.29927444,hyderabad,sigma=0.75
71,oracle_all_now,40,0,1639889713.7824774,83771.99999999999,40,0.0,hyderabad,sigma=0.75
72,v1_point_all_now,34,0,-703372041.859063,26792.90000000001,34,882716262.0549848,hyderabad,sigma=0.75
72,robust_all_now,26,0,-346328429.45996964,26827.5,26,525672649.6558914,hyderabad,sigma=0.75
72,staged_no_learning,10,16,-350132842.69824755,26827.5,26,529477062.89416933,hyderabad,sigma=0.75
72,staged_point_learning,10,2,-13167925.267915368,17322.699999999997,12,192512145.46383715,hyderabad,sigma=0.75
72,staged_robust_learning,10,3,-35802049.2859211,18053.40000000001,13,215146269.48184288,hyderabad,sigma=0.75
72,oracle_all_now,11,0,179344220.19592178,22134.100000000006,11,0.0,hyderabad,sigma=0.75
73,v1_point_all_now,34,0,99460537.32749248,48247.399999999994,34,452037375.7936561,hyderabad,sigma=0.75
73,robust_all_now,26,0,323476777.7305145,44402.80000000002,26,228021135.39063406,hyderabad,sigma=0.75
73,staged_no_learning,10,16,281600057.11009145,44402.80000000002,26,269897856.01105714,hyderabad,sigma=0.75
73,staged_point_learning,10,8,363775643.6012089,35930.100000000006,18,187722269.51993966,hyderabad,sigma=0.75
73,staged_robust_learning,10,15,388518964.7828405,46542.20000000001,25,162978948.3383081,hyderabad,sigma=0.75
73,oracle_all_now,23,0,551497913.1211486,47331.100000000006,23,0.0,hyderabad,sigma=0.75
74,v1_point_all_now,34,0,2208594101.711934,67884.9,34,579403609.7827797,hyderabad,sigma=0.75
74,robust_all_now,26,0,1727237541.859064,52647.100000000006,26,1060760169.6356497,hyderabad,sigma=0.75
74,staged_no_learning,10,16,1606388772.4224477,52647.100000000006,26,1181608939.072266,hyderabad,sigma=0.75
74,staged_point_learning,10,27,2294724419.7258925,75782.30000000002,37,493273291.76882124,hyderabad,sigma=0.75
74,staged_robust_learning,10,30,2292591952.0334454,78118.80000000002,40,495405759.4612684,hyderabad,sigma=0.75
74,oracle_all_now,40,0,2787997711.494714,83503.5,40,0.0,hyderabad,sigma=0.75
75,v1_point_all_now,34,0,1023857390.2012091,57459.600000000006,34,846464123.5812688,hyderabad,sigma=0.75
75,robust_all_now,26,0,1113024391.3557405,51957.5,26,757297122.4267373,hyderabad,sigma=0.75
75,staged_no_learning,10,16,1026142742.79426,51957.5,26,844178770.9882178,hyderabad,sigma=0.75
75,staged_point_learning,10,16,1120293729.984471,54451.79999999999,26,750027783.7980068,hyderabad,sigma=0.75
75,staged_robust_learning,10,26,1374188735.2139583,71313.6,36,496132778.5685196,hyderabad,sigma=0.75
75,oracle_all_now,40,0,1870321513.7824779,83772.0,40,0.0,hyderabad,sigma=0.75
76,v1_point_all_now,34,0,673877825.6734142,67534.9,34,261258938.10906363,hyderabad,sigma=0.75
76,robust_all_now,26,0,569907461.9540784,53300.79999999999,26,365229301.8283994,hyderabad,sigma=0.75
76,staged_no_learning,10,16,508731920.71045303,53300.79999999999,26,426404843.0720248,hyderabad,sigma=0.75
76,staged_point_learning,10,30,814522075.0809674,83772.0,40,120614688.70151043,hyderabad,sigma=0.75
76,staged_robust_learning,10,30,811615251.9370394,83675.79999999999,40,123521511.84543848,hyderabad,sigma=0.75
76,oracle_all_now,40,0,935136763.7824779,83772.0,40,0.0,hyderabad,sigma=0.75
77,v1_point_all_now,34,0,708733831.2354994,67448.70000000001,34,258650682.54697847,hyderabad,sigma=0.75
77,robust_all_now,26,0,576898013.4764357,52734.20000000001,26,390486500.3060422,hyderabad,sigma=0.75
77,staged_no_learning,10,16,515596296.29827857,52734.20000000001,26,451788217.4841993,hyderabad,sigma=0.75
77,staged_point_learning,10,27,746195686.6196074,76115.5,37,221188827.1628704,hyderabad,sigma=0.75
77,staged_robust_learning,10,30,842170205.7427492,83686.29999999999,40,125214308.03972864,hyderabad,sigma=0.75
77,oracle_all_now,40,0,967384513.7824779,83772.0,40,0.0,hyderabad,sigma=0.75
78,v1_point_all_now,34,0,-379942352.85075474,47218.40000000001,34,651556989.8096676,hyderabad,sigma=0.75
78,robust_all_now,26,0,60724871.71842933,47732.8,26,210889765.24048352,hyderabad,sigma=0.75
78,staged_no_learning,10,16,29045273.380785942,47732.8,26,242569363.5781269,hyderabad,sigma=0.75
78,staged_point_learning,10,10,120355634.58996964,40026.999999999985,20,151259002.3689432,hyderabad,sigma=0.75
78,staged_robust_learning,10,21,84013158.29607272,58884.59999999999,31,187601478.66284013,hyderabad,sigma=0.75
78,oracle_all_now,27,0,271614636.95891285,56470.40000000001,27,0.0,hyderabad,sigma=0.75
79,v1_point_all_now,34,0,1109740760.719184,50793.29999999999,34,849190158.644865,hyderabad,sigma=0.75
79,robust_all_now,26,0,1202242038.560876,45626.899999999994,26,756688880.8031731,hyderabad,sigma=0.75
79,staged_no_learning,10,16,1117333532.4862843,45626.899999999994,26,841597386.8777647,hyderabad,sigma=0.75
79,staged_point_learning,10,13,1258518710.08423,45848.0,23,700412209.279819,hyderabad,sigma=0.75
79,staged_robust_learning,10,20,1152473978.614018,50006.79999999999,30,806456940.750031,hyderabad,sigma=0.75
79,oracle_all_now,34,0,1958930919.364049,67087.0,34,0.0,hyderabad,sigma=0.75
0,v1_point_all_now,33,0,665248485.9217534,54876.90000000001,33,735727125.9368577,hyderabad,"misspecified: planner sigma=0.5/2km, truth sigma=0.75/1km"
0,robust_all_now,29,0,910143960.3039284,54906.40000000001,29,490831651.55468273,hyderabad,"misspecified: planner sigma=0.5/2km, truth sigma=0.75/1km"
0,staged_no_learning,14,15,849070789.3261037,54906.40000000001,29,551904822.5325074,hyderabad,"misspecified: planner sigma=0.5/2km, truth sigma=0.75/1km"
0,staged_point_learning,14,26,782812025.6028409,67675.90000000001,40,618163586.2557702,hyderabad,"misspecified: planner sigma=0.5/2km, truth sigma=0.75/1km"
0,staged_robust_learning,14,25,1125376997.139759,74048.3,39,275598614.71885204,hyderabad,"misspecified: planner sigma=0.5/2km, truth sigma=0.75/1km"
0,oracle_all_now,37,0,1400975611.858611,74973.8,37,0.0,hyderabad,"misspecified: planner sigma=0.5/2km, truth sigma=0.75/1km"
1,v1_point_all_now,33,0,203204268.5664661,49705.500000000015,33,397975519.48640466,hyderabad,"misspecified: planner sigma=0.5/2km, truth sigma=0.75/1km"
1,robust_all_now,29,0,417258370.3906348,50923.3,29,183921417.66223598,hyderabad,"misspecified: planner sigma=0.5/2km, truth sigma=0.75/1km"
1,staged_no_learning,14,15,373274335.89909387,50923.3,29,227905452.15377688,hyderabad,"misspecified: planner sigma=0.5/2km, truth sigma=0.75/1km"
1,staged_point_learning,14,12,397792080.2567978,47570.3,26,203387707.79607296,hyderabad,"misspecified: planner sigma=0.5/2km, truth sigma=0.75/1km"
1,staged_robust_learning,14,12,387461073.67770433,47228.40000000001,26,213718714.37516642,hyderabad,"misspecified: planner sigma=0.5/2km, truth sigma=0.75/1km"
1,oracle_all_now,27,0,601179788.0528708,53865.500000000015,27,0.0,hyderabad,"misspecified: planner sigma=0.5/2km, truth sigma=0.75/1km"
2,v1_point_all_now,33,0,1793573835.3462238,60132.399999999994,33,1029952624.4362545,hyderabad,"misspecified: planner sigma=0.5/2km, truth sigma=0.75/1km"
2,robust_all_now,29,0,1864367183.3921466,57673.20000000001,29,959159276.3903317,hyderabad,"misspecified: planner sigma=0.5/2km, truth sigma=0.75/1km"
2,staged_no_learning,14,15,1759578453.919639,57673.20000000001,29,1063948005.8628392,hyderabad,"misspecified: planner sigma=0.5/2km, truth sigma=0.75/1km"
2,staged_point_learning,14,26,1654819560.5064664,66201.5,40,1168706899.276012,hyderabad,"misspecified: planner sigma=0.5/2km, truth sigma=0.75/1km"
2,staged_robust_learning,14,26,2390723624.433959,79651.5,40,432802835.3485193,hyderabad,"misspecified: planner sigma=0.5/2km, truth sigma=0.75/1km"
2,oracle_all_now,40,0,2823526459.7824783,83772.0,40,0.0,hyderabad,"misspecified: planner sigma=0.5/2km, truth sigma=0.75/1km"
3,v1_point_all_now,33,0,-709219258.9712989,27425.5,33,886290741.0664653,hyderabad,"misspecified: planner sigma=0.5/2km, truth sigma=0.75/1km"
3,robust_all_now,29,0,-461163040.0945618,29019.699999999997,29,638234522.1897281,hyderabad,"misspecified: planner sigma=0.5/2km, truth sigma=0.75/1km"
3,staged_no_learning,14,15,-447943150.6213292,29019.699999999997,29,625014632.7164955,hyderabad,"misspecified: planner sigma=0.5/2km, truth sigma=0.75/1km"
3,staged_point_learning,14,1,35416561.82604265,23288.600000000006,15,141654920.26912367,hyderabad,"misspecified: planner sigma=0.5/2km, truth sigma=0.75/1km"
3,staged_robust_learning,14,2,1704769.9268282652,23724.90000000001,16,175366712.16833806,hyderabad,"misspecified: planner sigma=0.5/2km, truth sigma=0.75/1km"
3,oracle_all_now,11,0,177071482.09516633,21688.5,11,0.0,hyderabad,"misspecified: planner sigma=0.5/2km, truth sigma=0.75/1km"
4,v1_point_all_now,33,0,833515940.4861035,62217.90000000001,33,543694223.2963738,hyderabad,"misspecified: planner sigma=0.5/2km, truth sigma=0.75/1km"
4,robust_all_now,29,0,839944474.764049,57123.90000000001,29,537265689.0184283,hyderabad,"misspecified: planner sigma=0.5/2km, truth sigma=0.75/1km"
4,staged_no_learning,14,15,777737207.444653,57123.90000000001,29,599472956.3378243,hyderabad,"misspecified: planner sigma=0.5/2km, truth sigma=0.75/1km"
4,staged_point_learning,14,19,753271043.5338368,61962.999999999985,33,623939120.2486405,hyderabad,"misspecified: planner sigma=0.5/2km, truth sigma=0.75/1km"
4,staged_robust_learning,14,26,917988362.0070696,75586.7,40,459221801.7754078,hyderabad,"misspecified: planner sigma=0.5/2km, truth sigma=0.75/1km"
4,oracle_all_now,40,0,1377210163.7824774,83771.99999999999,40,0.0,hyderabad,"misspecified: planner sigma=0.5/2km, truth sigma=0.75/1km"
5,v1_point_all_now,33,0,400046595.3498492,52314.8,33,475158024.1357999,hyderabad,"misspecified: planner sigma=0.5/2km, truth sigma=0.75/1km"
5,robust_all_now,29,0,346990102.0783992,45862.7,29,528214517.4072499,hyderabad,"misspecified: planner sigma=0.5/2km, truth sigma=0.75/1km"
5,staged_no_learning,14,15,303879132.3666465,45862.7,29,571325487.1190026,hyderabad,"misspecified: planner sigma=0.5/2km, truth sigma=0.75/1km"
5,staged_point_learning,14,12,533468475.2263441,47907.499999999985,26,341736144.259305,hyderabad,"misspecified: planner sigma=0.5/2km, truth sigma=0.75/1km"
5,staged_robust_learning,14,17,465742034.16809654,52842.59999999999,31,409462585.31755257,hyderabad,"misspecified: planner sigma=0.5/2km, truth sigma=0.75/1km"
5,oracle_all_now,29,0,875204619.4856491,58693.499999999985,29,0.0,hyderabad,"misspecified: planner sigma=0.5/2km, truth sigma=0.75/1km"
6,v1_point_all_now,33,0,-372032634.6566465,32746.899999999994,33,668803602.0570999,hyderabad,"misspecified: planner sigma=0.5/2km, truth sigma=0.75/1km"
6,robust_all_now,29,0,-104652710.34305072,36133.70000000001,29,401423677.74350417,hyderabad,"misspecified: planner sigma=0.5/2km, truth sigma=0.75/1km"
6,staged_no_learning,14,15,-118423969.88573956,36133.70000000001,29,415194937.286193,hyderabad,"misspecified: planner sigma=0.5/2km, truth sigma=0.75/1km"
6,staged_point_learning,14,2,140872650.51969802,26767.199999999997,16,155898316.88075542,hyderabad,"misspecified: planner sigma=0.5/2km, truth sigma=0.75/1km"
6,staged_robust_learning,14,3,149181801.28453195,28507.5,17,147589166.1159215,hyderabad,"misspecified: planner sigma=0.5/2km, truth sigma=0.75/1km"
6,oracle_all_now,15,0,296770967.40045345,30302.300000000003,15,0.0,hyderabad,"misspecified: planner sigma=0.5/2km, truth sigma=0.75/1km"
7,v1_point_all_now,33,0,890132969.1444111,51330.8,33,352409264.0419941,hyderabad,"misspecified: planner sigma=0.5/2km, truth sigma=0.75/1km"
7,robust_all_now,29,0,926888798.953172,48403.499999999985,29,315653434.2332332,hyderabad,"misspecified: planner sigma=0.5/2km, truth sigma=0.75/1km"
7,staged_no_learning,14,15,864424910.5615706,48403.499999999985,29,378117322.62483454,hyderabad,"misspecified: planner sigma=0.5/2km, truth sigma=0.75/1km"
7,staged_point_learning,14,4,727644815.070816,34085.8,18,514897418.11558914,hyderabad,"misspecified: planner sigma=0.5/2km, truth sigma=0.75/1km"
7,staged_robust_learning,14,9,903797887.6861634,43425.2,23,338744345.50024176,hyderabad,"misspecified: planner sigma=0.5/2km, truth sigma=0.75/1km"
7,oracle_all_now,27,0,1242542233.1864052,53710.7,27,0.0,hyderabad,"misspecified: planner sigma=0.5/2km, truth sigma=0.75/1km"
8,v1_point_all_now,33,0,440811549.0480361,41096.899999999994,33,530374389.84471345,hyderabad,"misspecified: planner sigma=0.5/2km, truth sigma=0.75/1km"
8,robust_all_now,29,0,534068979.9592147,39456.5,29,437116958.93353486,hyderabad,"misspecified: planner sigma=0.5/2km, truth sigma=0.75/1km"
8,staged_no_learning,14,15,496967136.4933536,39456.5,29,474218802.39939594,hyderabad,"misspecified: planner sigma=0.5/2km, truth sigma=0.75/1km"
8,staged_point_learning,14,10,690992312.3601818,39312.600000000006,24,280193626.53256774,hyderabad,"misspecified: planner sigma=0.5/2km, truth sigma=0.75/1km"
8,staged_robust_learning,14,13,697655687.5947435,42456.3,27,273530251.29800606,hyderabad,"misspecified: planner sigma=0.5/2km, truth sigma=0.75/1km"
8,oracle_all_now,21,0,971185938.8927495,41883.5,21,0.0,hyderabad,"misspecified: planner sigma=0.5/2km, truth sigma=0.75/1km"
9,v1_point_all_now,33,0,1840716150.2265868,62515.0,33,649862606.040484,hyderabad,"misspecified: planner sigma=0.5/2km, truth sigma=0.75/1km"
9,robust_all_now,29,0,1652834618.7283993,55527.899999999994,29,837744137.5386715,hyderabad,"misspecified: planner sigma=0.5/2km, truth sigma=0.75/1km"
9,staged_no_learning,14,15,1550855766.125197,55527.899999999994,29,939722990.1418738,hyderabad,"misspecified: planner sigma=0.5/2km, truth sigma=0.75/1km"
9,staged_point_learning,14,20,1784889539.3832026,64793.399999999994,34,705689216.8838682,hyderabad,"misspecified: planner sigma=0.5/2km, truth sigma=0.75/1km"
9,staged_robust_learning,14,25,2031458303.0535355,74288.0,39,459120453.2135353,hyderabad,"misspecified: planner sigma=0.5/2km, truth sigma=0.75/1km"
9,oracle_all_now,38,0,2490578756.267071,78203.6,38,0.0,hyderabad,"misspecified: planner sigma=0.5/2km, truth sigma=0.75/1km"
10,v1_point_all_now,33,0,10680480.789426327,49270.3,33,547774479.0776439,hyderabad,"misspecified: planner sigma=0.5/2km, truth sigma=0.75/1km"
10,robust_all_now,29,0,224064534.3818736,49812.40000000001,29,334390425.4851966,hyderabad,"misspecified: planner sigma=0.5/2km, truth sigma=0.75/1km"
10,staged_no_learning,14,15,194297393.9082179,49812.40000000001,29,364157565.9588523,hyderabad,"misspecified: planner sigma=0.5/2km, truth sigma=0.75/1km"
10,staged_point_learning,14,17,257544877.5309372,55009.500000000015,31,300910082.336133,hyderabad,"misspecified: planner sigma=0.5/2km, truth sigma=0.75/1km"
10,staged_robust_learning,14,19,258504157.11111808,58145.2,33,299950802.7559521,hyderabad,"misspecified: planner sigma=0.5/2km, truth sigma=0.75/1km"
10,oracle_all_now,28,0,558454959.8670702,58476.000000000015,28,0.0,hyderabad,"misspecified: planner sigma=0.5/2km, truth sigma=0.75/1km"
11,v1_point_all_now,33,0,156845441.60211468,57325.69999999998,33,395207033.62537813,hyderabad,"misspecified: planner sigma=0.5/2km, truth sigma=0.75/1km"
11,robust_all_now,29,0,312292027.0099697,54995.69999999998,29,239760448.2175231,hyderabad,"misspecified: planner sigma=0.5/2km, truth sigma=0.75/1km"
11,staged_no_learning,14,15,275513694.5319638,54995.69999999998,29,276538780.695529,hyderabad,"misspecified: planner sigma=0.5/2km, truth sigma=0.75/1km"
11,staged_point_learning,14,15,299137584.6735954,55677.79999999999,29,252914890.55389738,hyderabad,"misspecified: planner sigma=0.5/2km, truth sigma=0.75/1km"
11,staged_robust_learning,14,18,268132838.4058013,59796.5,32,283919636.8216915,hyderabad,"misspecified: planner sigma=0.5/2km, truth sigma=0.75/1km"
11,oracle_all_now,31,0,552052475.2274928,64565.69999999998,31,0.0,hyderabad,"misspecified: planner sigma=0.5/2km, truth sigma=0.75/1km"
12,v1_point_all_now,33,0,763458606.5891247,64894.0,33,334679057.47945595,hyderabad,"misspecified: planner sigma=0.5/2km, truth sigma=0.75/1km"
12,robust_all_now,29,0,803231620.3054385,60530.899999999994,29,294906043.7631421,hyderabad,"misspecified: planner sigma=0.5/2km, truth sigma=0.75/1km"
12,staged_no_learning,14,15,737848887.416194,60530.899999999994,29,360288776.65238667,hyderabad,"misspecified: planner sigma=0.5/2km, truth sigma=0.75/1km"
12,staged_point_learning,14,13,688304772.5436864,56272.399999999994,27,409832891.52489424,hyderabad,"misspecified: planner sigma=0.5/2km, truth sigma=0.75/1km"
12,staged_robust_learning,14,20,833570735.152267,70364.70000000001,34,264566928.91631365,hyderabad,"misspecified: planner sigma=0.5/2km, truth sigma=0.75/1km"
12,oracle_all_now,40,0,1098137664.0685806,83232.29999999999,40,0.0,hyderabad,"misspecified: planner sigma=0.5/2km, truth sigma=0.75/1km"
13,v1_point_all_now,33,0,2094469975.979456,65174.79999999999,33,729056483.8030224,hyderabad,"misspecified: planner sigma=0.5/2km, truth sigma=0.75/1km"
13,robust_all_now,29,0,2042479748.9486413,60658.0,29,781046710.833837,hyderabad,"misspecified: planner sigma=0.5/2km, truth sigma=0.75/1km"
13,staged_no_learning,14,15,1923702270.0351667,60658.0,29,899824189.7473116,hyderabad,"misspecified: planner sigma=0.5/2km, truth sigma=0.75/1km"
13,staged_point_learning,14,26,2520224385.407977,82003.5,40,303302074.3745012,hyderabad,"misspecified: planner sigma=0.5/2km, truth sigma=0.75/1km"
13,staged_robust_learning,14,26,2601562302.243264,83490.1,40,221964157.53921413,hyderabad,"misspecified: planner sigma=0.5/2km, truth sigma=0.75/1km"
13,oracle_all_now,40,0,2823526459.7824783,83772.0,40,0.0,hyderabad,"misspecified: planner sigma=0.5/2km, truth sigma=0.75/1km"
14,v1_point_all_now,33,0,1168738160.041995,61463.40000000001,33,620317538.1463733,hyderabad,"misspecified: planner sigma=0.5/2km, truth sigma=0.75/1km"
14,robust_all_now,29,0,1252808148.8703928,59496.59999999999,29,536247549.3179755,hyderabad,"misspecified: planner sigma=0.5/2km, truth sigma=0.75/1km"
14,staged_no_learning,14,15,1169836248.7304535,59496.59999999999,29,619219449.4579148,hyderabad,"misspecified: planner sigma=0.5/2km, truth sigma=0.75/1km"
14,staged_point_learning,14,26,1001840804.6630211,66675.99999999999,40,787214893.5253472,hyderabad,"misspecified: planner sigma=0.5/2km, truth sigma=0.75/1km"
14,staged_robust_learning,14,26,1436623367.2859817,78194.49999999999,40,352432330.90238667,hyderabad,"misspecified: planner sigma=0.5/2km, truth sigma=0.75/1km"
14,oracle_all_now,40,0,1789055698.1883683,83547.09999999999,40,0.0,hyderabad,"misspecified: planner sigma=0.5/2km, truth sigma=0.75/1km"
15,v1_point_all_now,33,0,-38525903.731722355,43976.19999999998,33,594946398.681874,hyderabad,"misspecified: planner sigma=0.5/2km, truth sigma=0.75/1km"
15,robust_all_now,29,0,294606366.8749249,47341.399999999994,29,261814128.07522678,hyderabad,"misspecified: planner sigma=0.5/2km, truth sigma=0.75/1km"
15,staged_no_learning,14,15,267786195.58435082,47341.399999999994,29,288634299.36580086,hyderabad,"misspecified: planner sigma=0.5/2km, truth sigma=0.75/1km"
15,staged_point_learning,14,10,317417999.71848965,41656.899999999994,24,239002495.23166203,hyderabad,"misspecified: planner sigma=0.5/2km, truth sigma=0.75/1km"
15,staged_robust_learning,14,11,355314344.51776505,44174.600000000006,25,201106150.43238664,hyderabad,"misspecified: planner sigma=0.5/2km, truth sigma=0.75/1km"
15,oracle_all_now,23,0,556420494.9501517,46091.5,23,0.0,hyderabad,"misspecified: planner sigma=0.5/2km, truth sigma=0.75/1km"
16,v1_point_all_now,33,0,1744977952.3613296,63814.600000000006,33,407268577.40996933,hyderabad,"misspecified: planner sigma=0.5/2km, truth sigma=0.75/1km"
16,robust_all_now,29,0,1672188953.2670693,58608.399999999994,29,480057576.50422955,hyderabad,"misspecified: planner sigma=0.5/2km, truth sigma=0.75/1km"
16,staged_no_learning,14,15,1573820330.4345012,58608.399999999994,29,578426199.3367977,hyderabad,"misspecified: planner sigma=0.5/2km, truth sigma=0.75/1km"
16,staged_point_learning,14,14,1604909834.9130511,58215.399999999994,28,547336694.8582478,hyderabad,"misspecified: planner sigma=0.5/2km, truth sigma=0.75/1km"
16,staged_robust_learning,14,17,1693342301.3043509,63007.0,31,458904228.46694803,hyderabad,"misspecified: planner sigma=0.5/2km, truth sigma=0.75/1km"
16,oracle_all_now,37,0,2152246529.771299,75118.29999999999,37,0.0,hyderabad,"misspecified: planner sigma=0.5/2km, truth sigma=0.75/1km"
17,v1_point_all_now,33,0,324291954.02356577,58614.2,33,323148142.9428997,hyderabad,"misspecified: planner sigma=0.5/2km, truth sigma=0.75/1km"
17,robust_all_now,29,0,414294777.7679765,54932.8,29,233145319.19848895,hyderabad,"misspecified: planner sigma=0.5/2km, truth sigma=0.75/1km"
17,staged_no_learning,14,15,372976638.780061,54932.8,29,274463458.18640447,hyderabad,"misspecified: planner sigma=0.5/2km, truth sigma=0.75/1km"
17,staged_point_learning,14,17,374135698.70876193,58118.3,31,273304398.25770354,hyderabad,"misspecified: planner sigma=0.5/2km, truth sigma=0.75/1km"
17,staged_robust_learning,14,24,281481999.960484,66475.2,38,365958097.00598145,hyderabad,"misspecified: planner sigma=0.5/2km, truth sigma=0.75/1km"
17,oracle_all_now,31,0,647440096.9664655,64137.09999999999,31,0.0,hyderabad,"misspecified: planner sigma=0.5/2km, truth sigma=0.75/1km"
18,v1_point_all_now,33,0,442982919.8229618,36901.600000000006,33,870676098.161026,hyderabad,"misspecified: planner sigma=0.5/2km, truth sigma=0.75/1km"
18,robust_all_now,29,0,735167084.5833836,38224.899999999994,29,578491933.4006042,hyderabad,"misspecified: planner sigma=0.5/2km, truth sigma=0.75/1km"
18,staged_no_learning,14,15,702726438.6912389,38224.899999999994,29,610932579.2927489,hyderabad,"misspecified: planner sigma=0.5/2km, truth sigma=0.75/1km"
18,staged_point_learning,14,0,719809862.0350451,24568.399999999994,14,593849155.9489427,hyderabad,"misspecified: planner sigma=0.5/2km, truth sigma=0.75/1km"
18,staged_robust_learning,14,3,810101942.4435046,29012.399999999994,17,503557075.54048324,hyderabad,"misspecified: planner sigma=0.5/2km, truth sigma=0.75/1km"
18,oracle_all_now,22,0,1313659017.9839878,41666.29999999999,22,0.0,hyderabad,"misspecified: planner sigma=0.5/2km, truth sigma=0.75/1km"
19,v1_point_all_now,33,0,220600710.45362592,47955.90000000001,33,647923530.0400302,hyderabad,"misspecified: planner sigma=0.5/2km, truth sigma=0.75/1km"
19,robust_all_now,29,0,458904492.88580084,48581.2,29,409619747.6078553,hyderabad,"misspecified: planner sigma=0.5/2km, truth sigma=0.75/1km"
19,staged_no_learning,14,15,421605872.22410893,48581.2,29,446918368.2695472,hyderabad,"misspecified: planner sigma=0.5/2km, truth sigma=0.75/1km"
19,staged_point_learning,14,12,659499435.5792756,50846.000000000015,26,209024804.91438055,hyderabad,"misspecified: planner sigma=0.5/2km, truth sigma=0.75/1km"
19,staged_robust_learning,14,16,464230331.4438069,51056.3,30,404293909.0498493,hyderabad,"misspecified: planner sigma=0.5/2km, truth sigma=0.75/1km"
19,oracle_all_now,28,0,868524240.4936562,57240.40000000001,28,0.0,hyderabad,"misspecified: planner sigma=0.5/2km, truth sigma=0.75/1km"
20,v1_point_all_now,33,0,2108846784.235649,64816.999999999985,33,620939032.0601225,hyderabad,"misspecified: planner sigma=0.5/2km, truth sigma=0.75/1km"
20,robust_all_now,29,0,1952912193.0048337,58777.59999999999,29,776873623.2909379,hyderabad,"misspecified: planner sigma=0.5/2km, truth sigma=0.75/1km"
20,staged_no_learning,14,15,1842108313.7929912,58777.59999999999,29,887677502.5027804,hyderabad,"misspecified: planner sigma=0.5/2km, truth sigma=0.75/1km"
20,staged_point_learning,14,21,2123413478.6464047,69413.49999999999,35,606372337.6493669,hyderabad,"misspecified: planner sigma=0.5/2km, truth sigma=0.75/1km"
20,staged_robust_learning,14,22,2332511290.429366,74411.3,36,397274525.8664055,hyderabad,"misspecified: planner sigma=0.5/2km, truth sigma=0.75/1km"
20,oracle_all_now,40,0,2729785816.2957716,81730.90000000001,40,0.0,hyderabad,"misspecified: planner sigma=0.5/2km, truth sigma=0.75/1km"
21,v1_point_all_now,33,0,1247070341.3202424,61698.0,33,693530313.1320252,hyderabad,"misspecified: planner sigma=0.5/2km, truth sigma=0.75/1km"
21,robust_all_now,29,0,1258287448.9453182,57552.100000000006,29,682313205.5069494,hyderabad,"misspecified: planner sigma=0.5/2km, truth sigma=0.75/1km"
21,staged_no_learning,14,15,1179256345.027554,57552.100000000006,29,761344309.4247136,hyderabad,"misspecified: planner sigma=0.5/2km, truth sigma=0.75/1km"
21,staged_point_learning,14,20,1534478403.9474335,71206.20000000001,34,406122250.5048342,hyderabad,"misspecified: planner sigma=0.5/2km, truth sigma=0.75/1km"
21,staged_robust_learning,14,26,1689398227.5873127,81517.20000000001,40,251202426.86495495,hyderabad,"misspecified: planner sigma=0.5/2km, truth sigma=0.75/1km"
21,oracle_all_now,40,0,1940600654.4522676,83590.30000000002,40,0.0,hyderabad,"misspecified: planner sigma=0.5/2km, truth sigma=0.75/1km"
22,v1_point_all_now,33,0,2300311443.6172204,68091.29999999999,33,555805720.165257,hyderabad,"misspecified: planner sigma=0.5/2km, truth sigma=0.75/1km"
22,robust_all_now,29,0,2041211245.1069489,60197.399999999994,29,814905918.6755285,hyderabad,"misspecified: planner sigma=0.5/2km, truth sigma=0.75/1km"
22,staged_no_learning,14,15,1923445658.5965562,60197.399999999994,29,932671505.1859212,hyderabad,"misspecified: planner sigma=0.5/2km, truth sigma=0.75/1km"
22,staged_point_learning,14,26,2647317223.26,83762.9,40,208799940.52247715,hyderabad,"misspecified: planner sigma=0.5/2km, truth sigma=0.75/1km"
22,staged_robust_learning,14,26,2647317223.26,83762.9,40,208799940.52247715,hyderabad,"misspecified: planner sigma=0.5/2km, truth sigma=0.75/1km"
22,oracle_all_now,40,0,2856117163.7824774,83772.0,40,0.0,hyderabad,"misspecified: planner sigma=0.5/2km, truth sigma=0.75/1km"
23,v1_point_all_now,33,0,514669162.4211478,36838.399999999994,33,604824264.9359522,hyderabad,"misspecified: planner sigma=0.5/2km, truth sigma=0.75/1km"
23,robust_all_now,29,0,841134912.5160117,39461.79999999999,29,278358514.8410883,hyderabad,"misspecified: planner sigma=0.5/2km, truth sigma=0.75/1km"
23,staged_no_learning,14,15,799645137.9057398,39461.79999999999,29,319848289.4513602,hyderabad,"misspecified: planner sigma=0.5/2km, truth sigma=0.75/1km"
23,staged_point_learning,14,6,844207271.4907553,32488.0,20,275286155.8663447,hyderabad,"misspecified: planner sigma=0.5/2km, truth sigma=0.75/1km"
23,staged_robust_learning,14,8,1044672858.7915404,38220.29999999999,22,74820568.56555963,hyderabad,"misspecified: planner sigma=0.5/2km, truth sigma=0.75/1km"
23,oracle_all_now,19,0,1119493427.3571,36216.2,19,0.0,hyderabad,"misspecified: planner sigma=0.5/2km, truth sigma=0.75/1km"
24,v1_point_all_now,33,0,463284596.8205447,61664.399999999994,33,396339776.4885192,hyderabad,"misspecified: planner sigma=0.5/2km, truth sigma=0.75/1km"
24,robust_all_now,29,0,520515447.88308144,57191.69999999998,29,339108925.4259825,hyderabad,"misspecified: planner sigma=0.5/2km, truth sigma=0.75/1km"
24,staged_no_learning,14,15,472345754.9577038,57191.69999999998,29,387278618.3513601,hyderabad,"misspecified: planner sigma=0.5/2km, truth sigma=0.75/1km"
24,staged_point_learning,14,11,477332008.2125683,51107.899999999994,25,382292365.0964956,hyderabad,"misspecified: planner sigma=0.5/2km, truth sigma=0.75/1km"
24,staged_robust_learning,14,18,574529132.6234446,64812.899999999994,32,285095240.68561935,hyderabad,"misspecified: planner sigma=0.5/2km, truth sigma=0.75/1km"
24,oracle_all_now,40,0,859624373.3090639,82635.69999999998,40,0.0,hyderabad,"misspecified: planner sigma=0.5/2km, truth sigma=0.75/1km"
25,v1_point_all_now,33,0,-450883104.5438063,35986.0,33,709023599.5296068,hyderabad,"misspecified: planner sigma=0.5/2km, truth sigma=0.75/1km"
25,robust_all_now,29,0,-199862457.66858053,37582.69999999998,29,458002952.65438104,hyderabad,"misspecified: planner sigma=0.5/2km, truth sigma=0.75/1km"
25,staged_no_learning,14,15,-210187949.7584293,37582.69999999998,29,468328444.7442298,hyderabad,"misspecified: planner sigma=0.5/2km, truth sigma=0.75/1km"
25,staged_point_learning,14,4,90469977.65208495,30220.600000000006,18,167670517.33371556,hyderabad,"misspecified: planner sigma=0.5/2km, truth sigma=0.75/1km"
25,staged_robust_learning,14,9,-31414122.300785065,34056.100000000006,23,289554617.28658557,hyderabad,"misspecified: planner sigma=0.5/2km, truth sigma=0.75/1km"
25,oracle_all_now,15,0,258140494.9858005,30409.29999999999,15,0.0,hyderabad,"misspecified: planner sigma=0.5/2km, truth sigma=0.75/1km"
26,v1_point_all_now,33,0,-85180343.97552872,37064.59999999999,33,737069320.2137463,hyderabad,"misspecified: planner sigma=0.5/2km, truth sigma=0.75/1km"
26,robust_all_now,29,0,264715441.4151063,40820.40000000001,29,387173534.8231113,hyderabad,"misspecified: planner sigma=0.5/2km, truth sigma=0.75/1km"
26,staged_no_learning,14,15,246533128.11737204,40820.40000000001,29,405355848.12084556,hyderabad,"misspecified: planner sigma=0.5/2km, truth sigma=0.75/1km"
26,staged_point_learning,14,3,489508500.9962847,32366.500000000015,17,162380475.24193287,hyderabad,"misspecified: planner sigma=0.5/2km, truth sigma=0.75/1km"
26,staged_robust_learning,14,5,538898872.1961634,36156.8,19,112990104.04205418,hyderabad,"misspecified: planner sigma=0.5/2km, truth sigma=0.75/1km"
26,oracle_all_now,22,0,651888976.2382176,41924.09999999999,22,0.0,hyderabad,"misspecified: planner sigma=0.5/2km, truth sigma=0.75/1km"
27,v1_point_all_now,33,0,1751645676.016767,59734.29999999999,33,851689666.1874633,hyderabad,"misspecified: planner sigma=0.5/2km, truth sigma=0.75/1km"
27,robust_all_now,29,0,1858911826.2365556,58625.79999999999,29,744423515.9676747,hyderabad,"misspecified: planner sigma=0.5/2km, truth sigma=0.75/1km"
27,staged_no_learning,14,15,1752251048.1511178,58625.79999999999,29,851084294.0531125,hyderabad,"misspecified: planner sigma=0.5/2km, truth sigma=0.75/1km"
27,staged_point_learning,14,22,1938709878.368279,68373.70000000001,36,664625463.8359513,hyderabad,"misspecified: planner sigma=0.5/2km, truth sigma=0.75/1km"
27,staged_robust_learning,14,26,2057021441.685741,74190.1,40,546313900.5184894,hyderabad,"misspecified: planner sigma=0.5/2km, truth sigma=0.75/1km"
27,oracle_all_now,40,0,2603335342.2042303,81617.6,40,0.0,hyderabad,"misspecified: planner sigma=0.5/2km, truth sigma=0.75/1km"
28,v1_point_all_now,33,0,-401408449.5879152,42546.59999999999,33,784529855.9737163,hyderabad,"misspecified: planner sigma=0.5/2km, truth sigma=0.75/1km"
28,robust_all_now,29,0,-228805277.0145011,40670.8,29,611926683.4003022,hyderabad,"misspecified: planner sigma=0.5/2km, truth sigma=0.75/1km"
28,staged_no_learning,14,15,-234306448.30120802,40670.8,29,617427854.6870091,hyderabad,"misspecified: planner sigma=0.5/2km, truth sigma=0.75/1km"
28,staged_point_learning,14,3,62138188.53673816,29174.500000000015,17,320983217.8490629,hyderabad,"misspecified: planner sigma=0.5/2km, truth sigma=0.75/1km"
28,staged_robust_learning,14,9,48152279.15667772,38798.500000000015,23,334969127.22912335,hyderabad,"misspecified: planner sigma=0.5/2km, truth sigma=0.75/1km"
28,oracle_all_now,21,0,383121406.3858011,43980.3,21,0.0,hyderabad,"misspecified: planner sigma=0.5/2km, truth sigma=0.75/1km"
29,v1_point_all_now,33,0,1023478882.4959216,56491.899999999994,33,353770978.24592113,hyderabad,"misspecified: planner sigma=0.5/2km, truth sigma=0.75/1km"
29,robust_all_now,29,0,1092336917.0219035,54330.5,29,284912943.71993923,hyderabad,"misspecified: planner sigma=0.5/2km, truth sigma=0.75/1km"
29,staged_no_learning,14,15,1024576820.866435,54330.5,29,352673039.8754077,hyderabad,"misspecified: planner sigma=0.5/2km, truth sigma=0.75/1km"
29,staged_point_learning,14,26,969587009.4399705,64022.70000000001,40,407662851.30187225,hyderabad,"misspecified: planner sigma=0.5/2km, truth sigma=0.75/1km"
29,staged_robust_learning,14,26,788003904.3695168,59212.100000000006,40,589245956.3723259,hyderabad,"misspecified: planner sigma=0.5/2km, truth sigma=0.75/1km"
29,oracle_all_now,31,0,1377249860.7418427,63168.29999999999,31,0.0,hyderabad,"misspecified: planner sigma=0.5/2km, truth sigma=0.75/1km"
30,v1_point_all_now,33,0,-308596724.77160096,36826.399999999994,33,799166294.390635,hyderabad,"misspecified: planner sigma=0.5/2km, truth sigma=0.75/1km"
30,robust_all_now,29,0,86974644.4362545,41844.600000000006,29,403594925.18277955,hyderabad,"misspecified: planner sigma=0.5/2km, truth sigma=0.75/1km"
30,staged_no_learning,14,15,74338688.97558999,41844.600000000006,29,416230880.64344406,hyderabad,"misspecified: planner sigma=0.5/2km, truth sigma=0.75/1km"
30,staged_point_learning,14,5,266664007.8589735,33162.600000000006,19,223905561.76006055,hyderabad,"misspecified: planner sigma=0.5/2km, truth sigma=0.75/1km"
30,staged_robust_learning,14,10,284409297.81885266,40792.5,24,206160271.8001814,hyderabad,"misspecified: planner sigma=0.5/2km, truth sigma=0.75/1km"
30,oracle_all_now,19,0,490569569.61903405,38894.100000000006,19,0.0,hyderabad,"misspecified: planner sigma=0.5/2km, truth sigma=0.75/1km"
31,v1_point_all_now,33,0,1647936710.7154078,68590.79999999999,33,377294453.06707,hyderabad,"misspecified: planner sigma=0.5/2km, truth sigma=0.75/1km"
31,robust_all_now,29,0,1460240380.1731114,60551.29999999999,29,564990783.6093664,hyderabad,"misspecified: planner sigma=0.5/2km, truth sigma=0.75/1km"
31,staged_no_learning,14,15,1366630095.2148643,60551.29999999999,29,658601068.5676136,hyderabad,"misspecified: planner sigma=0.5/2km, truth sigma=0.75/1km"
31,staged_point_learning,14,26,1861813425.574502,83772.0,40,163417738.20797586,hyderabad,"misspecified: planner sigma=0.5/2km, truth sigma=0.75/1km"
31,staged_robust_learning,14,26,1861813425.574502,83772.0,40,163417738.20797586,hyderabad,"misspecified: planner sigma=0.5/2km, truth sigma=0.75/1km"
31,oracle_all_now,40,0,2025231163.7824779,83772.0,40,0.0,hyderabad,"misspecified: planner sigma=0.5/2km, truth sigma=0.75/1km"
32,v1_point_all_now,33,0,739683534.4114811,67571.20000000001,33,213334579.3709967,hyderabad,"misspecified: planner sigma=0.5/2km, truth sigma=0.75/1km"
32,robust_all_now,29,0,639758415.0256801,59041.0,29,313259698.7567978,hyderabad,"misspecified: planner sigma=0.5/2km, truth sigma=0.75/1km"
32,staged_no_learning,14,15,583147101.0134747,59041.0,29,369871012.76900315,hyderabad,"misspecified: planner sigma=0.5/2km, truth sigma=0.75/1km"
32,staged_point_learning,14,26,653155898.9937778,76756.90000000002,40,299862214.7887001,hyderabad,"misspecified: planner sigma=0.5/2km, truth sigma=0.75/1km"
32,staged_robust_learning,14,26,770850156.8242307,81004.80000000002,40,182167956.95824718,hyderabad,"misspecified: planner sigma=0.5/2km, truth sigma=0.75/1km"
32,oracle_all_now,40,0,953018113.7824779,83772.0,40,0.0,hyderabad,"misspecified: planner sigma=0.5/2km, truth sigma=0.75/1km"
33,v1_point_all_now,33,0,1229761823.9302115,54267.09999999999,33,442629377.62326336,hyderabad,"misspecified: planner sigma=0.5/2km, truth sigma=0.75/1km"
33,robust_all_now,29,0,1466620108.0770407,54156.500000000015,29,205771093.47643423,hyderabad,"misspecified: planner sigma=0.5/2km, truth sigma=0.75/1km"
33,staged_no_learning,14,15,1384083792.7214518,54156.500000000015,29,288307408.83202314,hyderabad,"misspecified: planner sigma=0.5/2km, truth sigma=0.75/1km"
33,staged_point_learning,14,14,1385092542.6803641,53117.000000000015,28,287298658.8731108,hyderabad,"misspecified: planner sigma=0.5/2km, truth sigma=0.75/1km"
33,staged_robust_learning,14,16,1385165119.7322059,55234.2,30,287226081.82126904,hyderabad,"misspecified: planner sigma=0.5/2km, truth sigma=0.75/1km"
33,oracle_all_now,29,0,1672391201.553475,57604.8,29,0.0,hyderabad,"misspecified: planner sigma=0.5/2km, truth sigma=0.75/1km"
34,v1_point_all_now,33,0,571430022.4722052,67007.29999999999,33,205282141.3102727,hyderabad,"misspecified: planner sigma=0.5/2km, truth sigma=0.75/1km"
34,robust_all_now,29,0,563116318.7422957,60734.69999999998,29,213595845.0401821,hyderabad,"misspecified: planner sigma=0.5/2km, truth sigma=0.75/1km"
34,staged_no_learning,14,15,507746179.3915405,60734.69999999998,29,268965984.3909373,hyderabad,"misspecified: planner sigma=0.5/2km, truth sigma=0.75/1km"
34,staged_point_learning,14,26,680737255.574502,83772.0,40,95974908.20797586,hyderabad,"misspecified: planner sigma=0.5/2km, truth sigma=0.75/1km"
34,staged_robust_learning,14,26,668798733.4937768,83376.9,40,107913430.28870106,hyderabad,"misspecified: planner sigma=0.5/2km, truth sigma=0.75/1km"
34,oracle_all_now,40,0,776712163.7824779,83772.0,40,0.0,hyderabad,"misspecified: planner sigma=0.5/2km, truth sigma=0.75/1km"
35,v1_point_all_now,33,0,534058189.3386712,58820.899999999994,33,390872483.9912386,hyderabad,"misspecified: planner sigma=0.5/2km, truth sigma=0.75/1km"
35,robust_all_now,29,0,693092525.5072517,57615.100000000006,29,231838147.82265806,hyderabad,"misspecified: planner sigma=0.5/2km, truth sigma=0.75/1km"
35,staged_no_learning,14,15,635665949.5331125,57615.100000000006,29,289264723.7967973,hyderabad,"misspecified: planner sigma=0.5/2km, truth sigma=0.75/1km"
35,staged_point_learning,14,19,609281918.3118434,62509.29999999999,33,315648755.0180664,hyderabad,"misspecified: planner sigma=0.5/2km, truth sigma=0.75/1km"
35,staged_robust_learning,14,22,619630719.4183092,67050.1,36,305299953.9116006,hyderabad,"misspecified: planner sigma=0.5/2km, truth sigma=0.75/1km"
35,oracle_all_now,35,0,924930673.3299098,71876.79999999999,35,0.0,hyderabad,"misspecified: planner sigma=0.5/2km, truth sigma=0.75/1km"
36,v1_point_all_now,33,0,368908954.3980365,52549.5,33,493496829.1648035,hyderabad,"misspecified: planner sigma=0.5/2km, truth sigma=0.75/1km"
36,robust_all_now,29,0,385469267.16148114,48207.70000000001,29,476936516.40135884,hyderabad,"misspecified: planner sigma=0.5/2km, truth sigma=0.75/1km"
36,staged_no_learning,14,15,345340942.30855036,48207.70000000001,29,517064841.2542896,hyderabad,"misspecified: planner sigma=0.5/2km, truth sigma=0.75/1km"
36,staged_point_learning,14,11,491425500.93139005,48290.5,25,370980282.63144994,hyderabad,"misspecified: planner sigma=0.5/2km, truth sigma=0.75/1km"
36,staged_robust_learning,14,13,477977039.5458915,50400.0,27,384428744.01694846,hyderabad,"misspecified: planner sigma=0.5/2km, truth sigma=0.75/1km"
36,oracle_all_now,35,0,862405783.56284,71325.79999999999,35,0.0,hyderabad,"misspecified: planner sigma=0.5/2km, truth sigma=0.75/1km"
37,v1_point_all_now,33,0,2343275619.630363,68350.9,33,545133094.1521144,hyderabad,"misspecified: planner sigma=0.5/2km, truth sigma=0.75/1km"
37,robust_all_now,29,0,2055800231.976284,59999.899999999994,29,832608481.8061934,hyderabad,"misspecified: planner sigma=0.5/2km, truth sigma=0.75/1km"
37,staged_no_learning,14,15,1937802968.436677,59999.899999999994,29,950605745.3458004,hyderabad,"misspecified: planner sigma=0.5/2km, truth sigma=0.75/1km"
37,staged_point_learning,14,26,2192370577.797402,73601.9,40,696038135.9850755,hyderabad,"misspecified: planner sigma=0.5/2km, truth sigma=0.75/1km"
37,staged_robust_learning,14,26,2506447065.099517,80174.4,40,381961648.6829605,hyderabad,"misspecified: planner sigma=0.5/2km, truth sigma=0.75/1km"
37,oracle_all_now,40,0,2888408713.7824774,83772.0,40,0.0,hyderabad,"misspecified: planner sigma=0.5/2km, truth sigma=0.75/1km"
38,v1_point_all_now,33,0,-191782771.54939532,46967.90000000001,33,505628120.9252267,hyderabad,"misspecified: planner sigma=0.5/2km, truth sigma=0.75/1km"
38,robust_all_now,29,0,110239391.56616354,50500.40000000001,29,203605957.80966783,hyderabad,"misspecified: planner sigma=0.5/2km, truth sigma=0.75/1km"
38,staged_no_learning,14,15,85673826.74120903,50500.40000000001,29,228171522.63462234,hyderabad,"misspecified: planner sigma=0.5/2km, truth sigma=0.75/1km"
38,staged_point_learning,14,9,123226785.75836897,41712.3,23,190618563.6174624,hyderabad,"misspecified: planner sigma=0.5/2km, truth sigma=0.75/1km"
38,staged_robust_learning,14,16,63644946.803444624,51395.90000000001,30,250200402.57238674,hyderabad,"misspecified: planner sigma=0.5/2km, truth sigma=0.75/1km"
38,oracle_all_now,24,0,313845349.37583137,49160.40000000001,24,0.0,hyderabad,"misspecified: planner sigma=0.5/2km, truth sigma=0.75/1km"
39,v1_point_all_now,33,0,98995786.72749305,55794.2,33,453834816.40755296,hyderabad,"misspecified: planner sigma=0.5/2km, truth sigma=0.75/1km"
39,robust_all_now,29,0,215558640.67734194,52434.8,29,337271962.45770407,hyderabad,"misspecified: planner sigma=0.5/2km, truth sigma=0.75/1km"
39,staged_no_learning,14,15,186978179.09450245,52434.8,29,365852424.04054356,hyderabad,"misspecified: planner sigma=0.5/2km, truth sigma=0.75/1km"
39,staged_point_learning,14,11,241568830.91565037,47325.8,25,311261772.21939564,hyderabad,"misspecified: planner sigma=0.5/2km, truth sigma=0.75/1km"
39,staged_robust_learning,14,15,263536761.6455598,54645.3,29,289293841.4894862,hyderabad,"misspecified: planner sigma=0.5/2km, truth sigma=0.75/1km"
39,oracle_all_now,31,0,552830603.135046,64586.3,31,0.0,hyderabad,"misspecified: planner sigma=0.5/2km, truth sigma=0.75/1km"
40,v1_point_all_now,33,0,1596475351.209971,55260.500000000015,33,1259641812.5725074,hyderabad,"misspecified: planner sigma=0.5/2km, truth sigma=0.75/1km"
40,robust_all_now,29,0,1433761223.5580063,49123.7,29,1422355940.224472,hyderabad,"misspecified: planner sigma=0.5/2km, truth sigma=0.75/1km"
40,staged_no_learning,14,15,1352119569.2699094,49123.7,29,1503997594.512569,hyderabad,"misspecified: planner sigma=0.5/2km, truth sigma=0.75/1km"
40,staged_point_learning,14,24,2260920701.994018,74698.09999999999,38,595196461.7884603,hyderabad,"misspecified: planner sigma=0.5/2km, truth sigma=0.75/1km"
40,staged_robust_learning,14,26,2342501999.212388,77988.00000000001,40,513615164.5700903,hyderabad,"misspecified: planner sigma=0.5/2km, truth sigma=0.75/1km"
40,oracle_all_now,40,0,2856117163.7824783,83772.00000000001,40,0.0,hyderabad,"misspecified: planner sigma=0.5/2km, truth sigma=0.75/1km"
41,v1_point_all_now,33,0,653758630.874321,62303.600000000006,33,272165080.7347436,hyderabad,"misspecified: planner sigma=0.5/2km, truth sigma=0.75/1km"
41,robust_all_now,29,0,655264874.7057405,56889.399999999994,29,270658836.9033241,hyderabad,"misspecified: planner sigma=0.5/2km, truth sigma=0.75/1km"
41,staged_no_learning,14,15,597342392.4665866,56889.399999999994,29,328581319.142478,hyderabad,"misspecified: planner sigma=0.5/2km, truth sigma=0.75/1km"
41,staged_point_learning,14,17,689212211.2305746,62389.0,31,236711500.37848997,hyderabad,"misspecified: planner sigma=0.5/2km, truth sigma=0.75/1km"
41,staged_robust_learning,14,22,778137414.7208467,72074.1,36,147786296.88821793,hyderabad,"misspecified: planner sigma=0.5/2km, truth sigma=0.75/1km"
41,oracle_all_now,36,0,925923711.6090646,73599.4,36,0.0,hyderabad,"misspecified: planner sigma=0.5/2km, truth sigma=0.75/1km"
42,v1_point_all_now,33,0,-60524218.124773026,37543.3,33,782088969.0335348,hyderabad,"misspecified: planner sigma=0.5/2km, truth sigma=0.75/1km"
42,robust_all_now,29,0,250421070.77975917,39223.90000000001,29,471143680.1290026,hyderabad,"misspecified: planner sigma=0.5/2km, truth sigma=0.75/1km"
42,staged_no_learning,14,15,222267124.12398887,39223.90000000001,29,499297626.7847729,hyderabad,"misspecified: planner sigma=0.5/2km, truth sigma=0.75/1km"
42,staged_point_learning,14,7,302657965.7575836,31248.800000000003,21,418906785.1511781,hyderabad,"misspecified: planner sigma=0.5/2km, truth sigma=0.75/1km"
42,staged_robust_learning,14,8,328393588.473958,33046.7,22,393171162.4348037,hyderabad,"misspecified: planner sigma=0.5/2km, truth sigma=0.75/1km"
42,oracle_all_now,18,0,721564750.9087617,35965.2,18,0.0,hyderabad,"misspecified: planner sigma=0.5/2km, truth sigma=0.75/1km"
43,v1_point_all_now,33,0,1321808889.6036253,61162.79999999999,33,703422274.1788526,hyderabad,"misspecified: planner sigma=0.5/2km, truth sigma=0.75/1km"
43,robust_all_now,29,0,1323532760.8145022,57437.600000000006,29,701698402.9679756,hyderabad,"misspecified: planner sigma=0.5/2km, truth sigma=0.75/1km"
43,staged_no_learning,14,15,1238540805.8731728,57437.600000000006,29,786690357.9093051,hyderabad,"misspecified: planner sigma=0.5/2km, truth sigma=0.75/1km"
43,staged_point_learning,14,16,1385355072.4769182,62077.29999999999,30,639876091.3055596,hyderabad,"misspecified: planner sigma=0.5/2km, truth sigma=0.75/1km"
43,staged_robust_learning,14,20,1398977757.754744,66386.6,34,626253406.0277338,hyderabad,"misspecified: planner sigma=0.5/2km, truth sigma=0.75/1km"
43,oracle_all_now,40,0,2025231163.7824779,83772.0,40,0.0,hyderabad,"misspecified: planner sigma=0.5/2km, truth sigma=0.75/1km"
44,v1_point_all_now,33,0,1940471358.9661646,60231.80000000002,33,835177231.694562,hyderabad,"misspecified: planner sigma=0.5/2km, truth sigma=0.75/1km"
44,robust_all_now,29,0,1609108360.1966772,51178.100000000006,29,1166540230.4640493,hyderabad,"misspecified: planner sigma=0.5/2km, truth sigma=0.75/1km"
44,staged_no_learning,14,15,1513899136.3148646,51178.100000000006,29,1261749454.345862,hyderabad,"misspecified: planner sigma=0.5/2km, truth sigma=0.75/1km"
44,staged_point_learning,14,21,2046585512.7491846,66536.4,35,729063077.9115419,hyderabad,"misspecified: planner sigma=0.5/2km, truth sigma=0.75/1km"
44,staged_robust_learning,14,26,2066643423.285499,70908.0,40,709005167.3752275,hyderabad,"misspecified: planner sigma=0.5/2km, truth sigma=0.75/1km"
44,oracle_all_now,40,0,2775648590.6607265,80729.70000000001,40,0.0,hyderabad,"misspecified: planner sigma=0.5/2km, truth sigma=0.75/1km"
45,v1_point_all_now,33,0,338274072.34169245,50938.100000000006,33,548337645.4033232,hyderabad,"misspecified: planner sigma=0.5/2km, truth sigma=0.75/1km"
45,robust_all_now,29,0,326297547.0329304,45424.899999999994,29,560314170.7120852,hyderabad,"misspecified: planner sigma=0.5/2km, truth sigma=0.75/1km"
45,staged_no_learning,14,15,291540864.90247726,45424.899999999994,29,595070852.8425384,hyderabad,"misspecified: planner sigma=0.5/2km, truth sigma=0.75/1km"
45,staged_point_learning,14,14,513459187.4235647,49575.79999999999,28,373152530.32145095,hyderabad,"misspecified: planner sigma=0.5/2km, truth sigma=0.75/1km"
45,staged_robust_learning,14,16,552132407.9115405,53259.899999999994,30,334479309.8334751,hyderabad,"misspecified: planner sigma=0.5/2km, truth sigma=0.75/1km"
45,oracle_all_now,27,0,886611717.7450156,55566.600000000006,27,0.0,hyderabad,"misspecified: planner sigma=0.5/2km, truth sigma=0.75/1km"
46,v1_point_all_now,33,0,1041672509.3265867,60164.899999999994,33,577527124.3972812,hyderabad,"misspecified: planner sigma=0.5/2km, truth sigma=0.75/1km"
46,robust_all_now,29,0,1112636551.9271913,56920.100000000006,29,506563081.79667664,hyderabad,"misspecified: planner sigma=0.5/2km, truth sigma=0.75/1km"
46,staged_no_learning,14,15,1037165539.6117835,56920.100000000006,29,582034094.1120844,hyderabad,"misspecified: planner sigma=0.5/2km, truth sigma=0.75/1km"
46,staged_point_learning,14,15,1153438707.2388535,59522.80000000002,29,465760926.48501444,hyderabad,"misspecified: planner sigma=0.5/2km, truth sigma=0.75/1km"
46,staged_robust_learning,14,24,1360332221.2487617,75150.4,38,258867412.47510624,hyderabad,"misspecified: planner sigma=0.5/2km, truth sigma=0.75/1km"
46,oracle_all_now,37,0,1619199633.723868,76719.4,37,0.0,hyderabad,"misspecified: planner sigma=0.5/2km, truth sigma=0.75/1km"
47,v1_point_all_now,33,0,-152639729.7670691,44332.600000000006,33,551498060.2145016,hyderabad,"misspecified: planner sigma=0.5/2km, truth sigma=0.75/1km"
47,robust_all_now,29,0,92399569.59003115,46455.80000000002,29,306458760.8574014,hyderabad,"misspecified: planner sigma=0.5/2km, truth sigma=0.75/1km"
47,staged_no_learning,14,15,65491097.57114887,46455.80000000002,29,333367232.87628365,hyderabad,"misspecified: planner sigma=0.5/2km, truth sigma=0.75/1km"
47,staged_point_learning,14,11,155098759.36196423,43404.100000000006,25,243759571.0854683,hyderabad,"misspecified: planner sigma=0.5/2km, truth sigma=0.75/1km"
47,staged_robust_learning,14,11,241044188.34806705,46506.100000000006,25,157814142.09936547,hyderabad,"misspecified: planner sigma=0.5/2km, truth sigma=0.75/1km"
47,oracle_all_now,23,0,398858330.4474325,47618.600000000006,23,0.0,hyderabad,"misspecified: planner sigma=0.5/2km, truth sigma=0.75/1km"
48,v1_point_all_now,33,0,1366420059.0534744,51282.7,33,437883913.26827765,hyderabad,"misspecified: planner sigma=0.5/2km, truth sigma=0.75/1km"
48,robust_all_now,29,0,1567395337.1712995,51749.7,29,236908635.1504526,hyderabad,"misspecified: planner sigma=0.5/2km, truth sigma=0.75/1km"
48,staged_no_learning,14,15,1475219847.8384295,51749.7,29,329084124.4833226,hyderabad,"misspecified: planner sigma=0.5/2km, truth sigma=0.75/1km"
48,staged_point_learning,14,7,1192364848.2389119,39401.999999999985,21,611939124.0828402,hyderabad,"misspecified: planner sigma=0.5/2km, truth sigma=0.75/1km"
48,staged_robust_learning,14,17,1520044754.013173,54321.90000000001,31,284259218.30857897,hyderabad,"misspecified: planner sigma=0.5/2km, truth sigma=0.75/1km"
48,oracle_all_now,29,0,1804303972.321752,56068.499999999985,29,0.0,hyderabad,"misspecified: planner sigma=0.5/2km, truth sigma=0.75/1km"
49,v1_point_all_now,33,0,536447533.75785494,55628.09999999999,33,523817807.11178255,hyderabad,"misspecified: planner sigma=0.5/2km, truth sigma=0.75/1km"
49,robust_all_now,29,0,533129854.89637494,50384.2,29,527135485.97326255,hyderabad,"misspecified: planner sigma=0.5/2km, truth sigma=0.75/1km"
49,staged_no_learning,14,15,492520497.77241707,50384.2,29,567744843.0972204,hyderabad,"misspecified: planner sigma=0.5/2km, truth sigma=0.75/1km"
49,staged_point_learning,14,12,745150277.8613603,53039.40000000001,26,315115063.0082772,hyderabad,"misspecified: planner sigma=0.5/2km, truth sigma=0.75/1km"
49,staged_robust_learning,14,15,697302575.1906652,55809.40000000001,29,362962765.67897224,hyderabad,"misspecified: planner sigma=0.5/2km, truth sigma=0.75/1km"
49,oracle_all_now,33,0,1060265340.8696375,68352.09999999999,33,0.0,hyderabad,"misspecified: planner sigma=0.5/2km, truth sigma=0.75/1km"
50,v1_point_all_now,33,0,616999634.1081581,54038.80000000002,33,426080817.624773,hyderabad,"misspecified: planner sigma=0.5/2km, truth sigma=0.75/1km"
50,robust_all_now,29,0,792351029.5435047,53185.899999999994,29,250729422.18942642,hyderabad,"misspecified: planner sigma=0.5/2km, truth sigma=0.75/1km"
50,staged_no_learning,14,15,737493773.1373415,53185.899999999994,29,305586678.59558964,hyderabad,"misspecified: planner sigma=0.5/2km, truth sigma=0.75/1km"
50,staged_point_learning,14,14,795173254.5645318,53355.399999999994,28,247907197.16839933,hyderabad,"misspecified: planner sigma=0.5/2km, truth sigma=0.75/1km"
50,staged_robust_learning,14,16,997397479.3862844,60905.399999999994,30,45682972.346646786,hyderabad,"misspecified: planner sigma=0.5/2km, truth sigma=0.75/1km"
50,oracle_all_now,29,0,1043080451.7329311,58896.600000000006,29,0.0,hyderabad,"misspecified: planner sigma=0.5/2km, truth sigma=0.75/1km"
51,v1_point_all_now,33,0,574284313.0549855,37907.8,33,653407971.4362531,hyderabad,"misspecified: planner sigma=0.5/2km, truth sigma=0.75/1km"
51,robust_all_now,29,0,829671335.020544,38759.2,29,398020949.47069454,hyderabad,"misspecified: planner sigma=0.5/2km, truth sigma=0.75/1km"
51,staged_no_learning,14,15,783769635.0621758,38759.2,29,443922649.42906284,hyderabad,"misspecified: planner sigma=0.5/2km, truth sigma=0.75/1km"
51,staged_point_learning,14,3,849183116.1178856,29214.0,17,378509168.373353,hyderabad,"misspecified: planner sigma=0.5/2km, truth sigma=0.75/1km"
51,staged_robust_learning,14,6,938882002.1447139,33538.600000000006,20,288810282.3465247,hyderabad,"misspecified: planner sigma=0.5/2km, truth sigma=0.75/1km"
51,oracle_all_now,20,0,1227692284.4912386,37715.399999999994,20,0.0,hyderabad,"misspecified: planner sigma=0.5/2km, truth sigma=0.75/1km"
52,v1_point_all_now,33,0,-14454103.425679207,49229.100000000006,33,551070545.7232625,hyderabad,"misspecified: planner sigma=0.5/2km, truth sigma=0.75/1km"
52,robust_all_now,29,0,260000985.73987913,51536.899999999994,29,276615456.5577042,hyderabad,"misspecified: planner sigma=0.5/2km, truth sigma=0.75/1km"
52,staged_no_learning,14,15,223468739.6022358,51536.899999999994,29,313147702.69534755,hyderabad,"misspecified: planner sigma=0.5/2km, truth sigma=0.75/1km"
52,staged_point_learning,14,8,208486785.42870164,40024.20000000001,22,328129656.8688817,hyderabad,"misspecified: planner sigma=0.5/2km, truth sigma=0.75/1km"
52,staged_robust_learning,14,12,205856158.16513634,46232.5,26,330760284.132447,hyderabad,"misspecified: planner sigma=0.5/2km, truth sigma=0.75/1km"
52,oracle_all_now,28,0,536616442.29758334,58425.5,28,0.0,hyderabad,"misspecified: planner sigma=0.5/2km, truth sigma=0.75/1km"
53,v1_point_all_now,33,0,1913032186.9377642,61536.59999999999,33,953724872.8447132,hyderabad,"misspecified: planner sigma=0.5/2km, truth sigma=0.75/1km"
53,robust_all_now,29,0,1998323402.0731125,59392.8,29,868433657.7093649,hyderabad,"misspecified: planner sigma=0.5/2km, truth sigma=0.75/1km"
53,staged_no_learning,14,15,1884226010.073475,59392.8,29,982531049.7090025,hyderabad,"misspecified: planner sigma=0.5/2km, truth sigma=0.75/1km"
53,staged_point_learning,14,24,2494028476.131482,78919.3,38,372728583.65099525,hyderabad,"misspecified: planner sigma=0.5/2km, truth sigma=0.75/1km"
53,staged_robust_learning,14,26,2449907199.5154095,79975.40000000001,40,416849860.2670679,hyderabad,"misspecified: planner sigma=0.5/2km, truth sigma=0.75/1km"
53,oracle_all_now,40,0,2866757059.7824774,83771.99999999999,40,0.0,hyderabad,"misspecified: planner sigma=0.5/2km, truth sigma=0.75/1km"
54,v1_point_all_now,33,0,939853111.5879164,67676.4,33,265088148.19456196,hyderabad,"misspecified: planner sigma=0.5/2km, truth sigma=0.75/1km"
54,robust_all_now,29,0,837119943.9655595,59769.399999999994,29,367821315.81691885,hyderabad,"misspecified: planner sigma=0.5/2km, truth sigma=0.75/1km"
54,staged_no_learning,14,15,770005899.3683991,59769.399999999994,29,434935360.4140792,hyderabad,"misspecified: planner sigma=0.5/2km, truth sigma=0.75/1km"
54,staged_point_learning,14,26,1050949036.1916018,82806.0,40,153992223.59087658,hyderabad,"misspecified: planner sigma=0.5/2km, truth sigma=0.75/1km"
54,staged_robust_learning,14,26,1068643575.8094869,83316.9,40,136297683.97299147,hyderabad,"misspecified: planner sigma=0.5/2km, truth sigma=0.75/1km"
54,oracle_all_now,40,0,1204941259.7824783,83772.0,40,0.0,hyderabad,"misspecified: planner sigma=0.5/2km, truth sigma=0.75/1km"
55,v1_point_all_now,33,0,-56957440.38534665,51429.70000000001,33,409469538.0518124,hyderabad,"misspecified: planner sigma=0.5/2km, truth sigma=0.75/1km"
55,robust_all_now,29,0,192213966.48700976,53213.20000000001,29,160298131.179456,hyderabad,"misspecified: planner sigma=0.5/2km, truth sigma=0.75/1km"
55,staged_no_learning,14,15,158843985.11281037,53213.20000000001,29,193668112.5536554,hyderabad,"misspecified: planner sigma=0.5/2km, truth sigma=0.75/1km"
55,staged_point_learning,14,20,97413077.76549864,59448.899999999994,34,255099019.90096712,hyderabad,"misspecified: planner sigma=0.5/2km, truth sigma=0.75/1km"
55,staged_robust_learning,14,22,-10056449.782657862,58951.20000000001,36,362568547.4491236,hyderabad,"misspecified: planner sigma=0.5/2km, truth sigma=0.75/1km"
55,oracle_all_now,25,0,352512097.66646576,52055.600000000006,25,0.0,hyderabad,"misspecified: planner sigma=0.5/2km, truth sigma=0.75/1km"
56,v1_point_all_now,33,0,157406467.26706982,63242.399999999994,33,248374446.51540804,hyderabad,"misspecified: planner sigma=0.5/2km, truth sigma=0.75/1km"
56,robust_all_now,29,0,267756719.06087637,59859.899999999994,29,138024194.7216015,hyderabad,"misspecified: planner sigma=0.5/2km, truth sigma=0.75/1km"
56,staged_no_learning,14,15,224402967.36447144,59859.899999999994,29,181377946.41800642,hyderabad,"misspecified: planner sigma=0.5/2km, truth sigma=0.75/1km"
56,staged_point_learning,14,19,107867121.51867104,62988.100000000006,33,297913792.2638068,hyderabad,"misspecified: planner sigma=0.5/2km, truth sigma=0.75/1km"
56,staged_robust_learning,14,20,124591502.02574039,65425.29999999999,34,281189411.7567375,hyderabad,"misspecified: planner sigma=0.5/2km, truth sigma=0.75/1km"
56,oracle_all_now,40,0,405780913.78247786,83772.0,40,0.0,hyderabad,"misspecified: planner sigma=0.5/2km, truth sigma=0.75/1km"
57,v1_point_all_now,33,0,1189253631.1250768,57585.600000000006,33,694007183.2685804,hyderabad,"misspecified: planner sigma=0.5/2km, truth sigma=0.75/1km"
57,robust_all_now,29,0,1175244884.9287019,53276.600000000006,29,708015929.4649553,hyderabad,"misspecified: planner sigma=0.5/2km, truth sigma=0.75/1km"
57,staged_no_learning,14,15,1100194117.9262848,53276.600000000006,29,783066696.4673724,hyderabad,"misspecified: planner sigma=0.5/2km, truth sigma=0.75/1km"
57,staged_point_learning,14,21,1607072112.4239283,70934.0,35,276188701.96972895,hyderabad,"misspecified: planner sigma=0.5/2km, truth sigma=0.75/1km"
57,staged_robust_learning,14,22,1537667522.1285815,70432.30000000002,36,345593292.2650757,hyderabad,"misspecified: planner sigma=0.5/2km, truth sigma=0.75/1km"
57,oracle_all_now,39,0,1883260814.3936572,77861.70000000001,39,0.0,hyderabad,"misspecified: planner sigma=0.5/2km, truth sigma=0.75/1km"
58,v1_point_all_now,33,0,380760722.7584603,55693.30000000002,33,457392641.05694795,hyderabad,"misspecified: planner sigma=0.5/2km, truth sigma=0.75/1km"
58,robust_all_now,29,0,542254964.3853483,55814.30000000002,29,295898399.4300599,hyderabad,"misspecified: planner sigma=0.5/2km, truth sigma=0.75/1km"
58,staged_no_learning,14,15,492265797.10456276,55814.30000000002,29,345887566.7108455,hyderabad,"misspecified: planner sigma=0.5/2km, truth sigma=0.75/1km"
58,staged_point_learning,14,23,507318300.7428708,67404.20000000001,37,330835063.0725374,hyderabad,"misspecified: planner sigma=0.5/2km, truth sigma=0.75/1km"
58,staged_robust_learning,14,26,581048490.2109072,74207.80000000002,40,257104873.604501,hyderabad,"misspecified: planner sigma=0.5/2km, truth sigma=0.75/1km"
58,oracle_all_now,36,0,838153363.8154082,74747.4,36,0.0,hyderabad,"misspecified: planner sigma=0.5/2km, truth sigma=0.75/1km"
59,v1_point_all_now,33,0,1181813239.7084599,67841.0,33,314105874.074018,hyderabad,"misspecified: planner sigma=0.5/2km, truth sigma=0.75/1km"
59,robust_all_now,29,0,1065460128.8223577,60271.20000000001,29,430458984.9601202,hyderabad,"misspecified: planner sigma=0.5/2km, truth sigma=0.75/1km"
59,staged_no_learning,14,15,989262094.1658621,60271.20000000001,29,506657019.6166158,hyderabad,"misspecified: planner sigma=0.5/2km, truth sigma=0.75/1km"
59,staged_point_learning,14,26,1361093894.074502,83772.0,40,134825219.70797586,hyderabad,"misspecified: planner sigma=0.5/2km, truth sigma=0.75/1km"
59,staged_robust_learning,14,26,1361093894.074502,83772.0,40,134825219.70797586,hyderabad,"misspecified: planner sigma=0.5/2km, truth sigma=0.75/1km"
59,oracle_all_now,40,0,1495919113.7824779,83772.0,40,0.0,hyderabad,"misspecified: planner sigma=0.5/2km, truth sigma=0.75/1km"
60,v1_point_all_now,33,0,1596938393.8268895,57450.20000000001,33,206099445.29320145,hyderabad,"misspecified: planner sigma=0.5/2km, truth sigma=0.75/1km"
60,robust_all_now,29,0,1642921844.0472808,55082.899999999994,29,160115995.07281017,hyderabad,"misspecified: planner sigma=0.5/2km, truth sigma=0.75/1km"
60,staged_no_learning,14,15,1550515857.0287008,55082.899999999994,29,252521982.09139013,hyderabad,"misspecified: planner sigma=0.5/2km, truth sigma=0.75/1km"
60,staged_point_learning,14,9,1386338978.4622965,46512.0,23,416698860.6577945,hyderabad,"misspecified: planner sigma=0.5/2km, truth sigma=0.75/1km"
60,staged_robust_learning,14,15,1694721047.706768,58100.600000000006,29,108316791.41332293,hyderabad,"misspecified: planner sigma=0.5/2km, truth sigma=0.75/1km"
60,oracle_all_now,30,0,1803037839.120091,58967.5,30,0.0,hyderabad,"misspecified: planner sigma=0.5/2km, truth sigma=0.75/1km"
61,v1_point_all_now,33,0,558868005.0226598,44647.500000000015,33,723808685.2287002,hyderabad,"misspecified: planner sigma=0.5/2km, truth sigma=0.75/1km"
61,robust_all_now,29,0,819053935.7459216,45966.09999999999,29,463622754.5054383,hyderabad,"misspecified: planner sigma=0.5/2km, truth sigma=0.75/1km"
61,staged_no_learning,14,15,766883253.9088221,45966.09999999999,29,515793436.3425379,hyderabad,"misspecified: planner sigma=0.5/2km, truth sigma=0.75/1km"
61,staged_point_learning,14,10,954509170.7317827,44906.59999999999,24,328167519.51957726,hyderabad,"misspecified: planner sigma=0.5/2km, truth sigma=0.75/1km"
61,staged_robust_learning,14,7,892270669.1709373,40357.8,21,390406021.08042264,hyderabad,"misspecified: planner sigma=0.5/2km, truth sigma=0.75/1km"
61,oracle_all_now,27,0,1282676690.25136,53470.8,27,0.0,hyderabad,"misspecified: planner sigma=0.5/2km, truth sigma=0.75/1km"
62,v1_point_all_now,33,0,739589594.4607253,51039.0,33,549491371.120544,hyderabad,"misspecified: planner sigma=0.5/2km, truth sigma=0.75/1km"
62,robust_all_now,29,0,955066879.7604237,52264.20000000001,29,334014085.8208456,hyderabad,"misspecified: planner sigma=0.5/2km, truth sigma=0.75/1km"
62,staged_no_learning,14,15,889765697.6401217,52264.20000000001,29,399315267.94114757,hyderabad,"misspecified: planner sigma=0.5/2km, truth sigma=0.75/1km"
62,staged_point_learning,14,10,776683973.1511786,43982.0,24,512396992.43009067,hyderabad,"misspecified: planner sigma=0.5/2km, truth sigma=0.75/1km"
62,staged_robust_learning,14,13,784402147.2368591,47358.30000000002,27,504678818.3444102,hyderabad,"misspecified: planner sigma=0.5/2km, truth sigma=0.75/1km"
62,oracle_all_now,32,0,1289080965.5812693,63384.399999999994,32,0.0,hyderabad,"misspecified: planner sigma=0.5/2km, truth sigma=0.75/1km"
63,v1_point_all_now,33,0,2207249887.5045323,68344.0,33,519263076.27794504,hyderabad,"misspecified: planner sigma=0.5/2km, truth sigma=0.75/1km"
63,robust_all_now,29,0,1938997978.117825,60047.0,29,787514985.6646523,hyderabad,"misspecified: planner sigma=0.5/2km, truth sigma=0.75/1km"
63,staged_no_learning,14,15,1823993155.1829004,60047.0,29,902519808.599577,hyderabad,"misspecified: planner sigma=0.5/2km, truth sigma=0.75/1km"
63,staged_point_learning,14,26,2085326855.825801,75066.0,40,641186107.9566765,hyderabad,"misspecified: planner sigma=0.5/2km, truth sigma=0.75/1km"
63,staged_robust_learning,14,26,2409457342.012145,81510.4,40,317055621.77033234,hyderabad,"misspecified: planner sigma=0.5/2km, truth sigma=0.75/1km"
63,oracle_all_now,40,0,2726512963.7824774,83772.0,40,0.0,hyderabad,"misspecified: planner sigma=0.5/2km, truth sigma=0.75/1km"
64,v1_point_all_now,33,0,1361860244.1081567,63968.79999999999,33,357598534.4253783,hyderabad,"misspecified: planner sigma=0.5/2km, truth sigma=0.75/1km"
64,robust_all_now,29,0,1231141827.5604234,56997.5,29,488316950.9731116,hyderabad,"misspecified: planner sigma=0.5/2km, truth sigma=0.75/1km"
64,staged_no_learning,14,15,1151772247.4601212,56997.5,29,567686531.0734138,hyderabad,"misspecified: planner sigma=0.5/2km, truth sigma=0.75/1km"
64,staged_point_learning,14,25,1521703810.0329309,76688.0,39,197754968.50060415,hyderabad,"misspecified: planner sigma=0.5/2km, truth sigma=0.75/1km"
64,staged_robust_learning,14,26,1606213675.071239,79837.4,40,113245103.46229601,hyderabad,"misspecified: planner sigma=0.5/2km, truth sigma=0.75/1km"
64,oracle_all_now,37,0,1719458778.533535,76107.6,37,0.0,hyderabad,"misspecified: planner sigma=0.5/2km, truth sigma=0.75/1km"
65,v1_point_all_now,33,0,1408870858.938671,53789.7,33,715102857.0138974,hyderabad,"misspecified: planner sigma=0.5/2km, truth sigma=0.75/1km"
65,robust_all_now,29,0,1603646202.131722,53933.59999999999,29,520327513.82084656,hyderabad,"misspecified: planner sigma=0.5/2km, truth sigma=0.75/1km"
65,staged_no_learning,14,15,1512439383.1821146,53933.59999999999,29,611534332.7704539,hyderabad,"misspecified: planner sigma=0.5/2km, truth sigma=0.75/1km"
65,staged_point_learning,14,22,1517645839.5480366,60288.2,36,606327876.404532,hyderabad,"misspecified: planner sigma=0.5/2km, truth sigma=0.75/1km"
65,staged_robust_learning,14,17,1575484775.6183686,56973.09999999999,31,548488940.3341999,hyderabad,"misspecified: planner sigma=0.5/2km, truth sigma=0.75/1km"
65,oracle_all_now,35,0,2123973715.9525685,68529.3,35,0.0,hyderabad,"misspecified: planner sigma=0.5/2km, truth sigma=0.75/1km"
66,v1_point_all_now,33,0,97227425.44259858,51896.5,33,420508698.3072512,hyderabad,"misspecified: planner sigma=0.5/2km, truth sigma=0.75/1km"
66,robust_all_now,29,0,283285027.6960726,51609.399999999994,29,234451096.05377722,hyderabad,"misspecified: planner sigma=0.5/2km, truth sigma=0.75/1km"
66,staged_no_learning,14,15,248632518.17577052,51609.399999999994,29,269103605.5740793,hyderabad,"misspecified: planner sigma=0.5/2km, truth sigma=0.75/1km"
66,staged_point_learning,14,8,364498602.40852,44580.100000000006,22,153237521.3413298,hyderabad,"misspecified: planner sigma=0.5/2km, truth sigma=0.75/1km"
66,staged_robust_learning,14,10,367863111.9497886,47795.399999999994,24,149873011.80006123,hyderabad,"misspecified: planner sigma=0.5/2km, truth sigma=0.75/1km"
66,oracle_all_now,27,0,517736123.7498498,55757.20000000001,27,0.0,hyderabad,"misspecified: planner sigma=0.5/2km, truth sigma=0.75/1km"
67,v1_point_all_now,33,0,1274063002.8167672,66619.09999999999,33,358604790.1447129,hyderabad,"misspecified: planner sigma=0.5/2km, truth sigma=0.75/1km"
67,robust_all_now,29,0,1156918455.538671,59449.8,29,475749337.4228091,hyderabad,"misspecified: planner sigma=0.5/2km, truth sigma=0.75/1km"
67,staged_no_learning,14,15,1078145704.5523267,59449.8,29,554522088.4091535,hyderabad,"misspecified: planner sigma=0.5/2km, truth sigma=0.75/1km"
67,staged_point_learning,14,19,1081447716.564653,64081.2,33,551220076.3968272,hyderabad,"misspecified: planner sigma=0.5/2km, truth sigma=0.75/1km"
67,staged_robust_learning,14,26,1117210135.5433836,72980.49999999999,40,515457657.41809654,hyderabad,"misspecified: planner sigma=0.5/2km, truth sigma=0.75/1km"
67,oracle_all_now,40,0,1632667792.9614801,82896.49999999999,40,0.0,hyderabad,"misspecified: planner sigma=0.5/2km, truth sigma=0.75/1km"
68,v1_point_all_now,33,0,370204475.7602725,38014.90000000001,33,656277588.4793048,hyderabad,"misspecified: planner sigma=0.5/2km, truth sigma=0.75/1km"
68,robust_all_now,29,0,729580404.0777955,41163.500000000015,29,296901660.1617818,hyderabad,"misspecified: planner sigma=0.5/2km, truth sigma=0.75/1km"
68,staged_no_learning,14,15,698059797.4376142,41163.500000000015,29,328422266.8019631,hyderabad,"misspecified: planner sigma=0.5/2km, truth sigma=0.75/1km"
68,staged_point_learning,14,2,818205737.3748944,30935.199999999997,16,208276326.8646829,hyderabad,"misspecified: planner sigma=0.5/2km, truth sigma=0.75/1km"
68,staged_robust_learning,14,6,780904721.0106652,34075.40000000001,20,245577343.22891212,hyderabad,"misspecified: planner sigma=0.5/2km, truth sigma=0.75/1km"
68,oracle_all_now,20,0,1026482064.2395773,38429.8,20,0.0,hyderabad,"misspecified: planner sigma=0.5/2km, truth sigma=0.75/1km"
69,v1_point_all_now,33,0,1873172403.3779473,63058.90000000001,33,835160056.404532,hyderabad,"misspecified: planner sigma=0.5/2km, truth sigma=0.75/1km"
69,robust_all_now,29,0,1714512837.6238685,56561.500000000015,29,993819622.1586108,hyderabad,"misspecified: planner sigma=0.5/2km, truth sigma=0.75/1km"
69,staged_no_learning,14,15,1615757923.6237473,56561.500000000015,29,1092574536.158732,hyderabad,"misspecified: planner sigma=0.5/2km, truth sigma=0.75/1km"
69,staged_point_learning,14,26,2461296627.047553,82989.09999999999,40,247035832.73492622,hyderabad,"misspecified: planner sigma=0.5/2km, truth sigma=0.75/1km"
69,staged_robust_learning,14,26,2461296627.047553,82989.09999999999,40,247035832.73492622,hyderabad,"misspecified: planner sigma=0.5/2km, truth sigma=0.75/1km"
69,oracle_all_now,40,0,2708332459.7824793,83772.00000000001,40,0.0,hyderabad,"misspecified: planner sigma=0.5/2km, truth sigma=0.75/1km"
70,v1_point_all_now,33,0,601064194.4492445,49171.29999999999,33,487904765.29939556,hyderabad,"misspecified: planner sigma=0.5/2km, truth sigma=0.75/1km"
70,robust_all_now,29,0,847026116.6567984,49754.600000000006,29,241942843.0918417,hyderabad,"misspecified: planner sigma=0.5/2km, truth sigma=0.75/1km"
70,staged_no_learning,14,15,792256770.616436,49754.600000000006,29,296712189.13220406,hyderabad,"misspecified: planner sigma=0.5/2km, truth sigma=0.75/1km"
70,staged_point_learning,14,10,923218391.5201211,46872.5,24,165750568.22851896,hyderabad,"misspecified: planner sigma=0.5/2km, truth sigma=0.75/1km"
70,staged_robust_learning,14,15,890892620.6198192,51962.5,29,198076339.1288209,hyderabad,"misspecified: planner sigma=0.5/2km, truth sigma=0.75/1km"
70,oracle_all_now,24,0,1088968959.74864,49139.19999999998,24,0.0,hyderabad,"misspecified: planner sigma=0.5/2km, truth sigma=0.75/1km"
71,v1_point_all_now,33,0,1352909013.870545,69111.90000000001,33,286980699.91193247,hyderabad,"misspecified: planner sigma=0.5/2km, truth sigma=0.75/1km"
71,robust_all_now,29,0,1188920042.4922962,60734.7,29,450969671.29018116,hyderabad,"misspecified: planner sigma=0.5/2km, truth sigma=0.75/1km"
71,staged_no_learning,14,15,1106649506.891541,60734.7,29,533240206.8909364,hyderabad,"misspecified: planner sigma=0.5/2km, truth sigma=0.75/1km"
71,staged_point_learning,14,26,1327892677.9039884,79284.3,40,311997035.878489,hyderabad,"misspecified: planner sigma=0.5/2km, truth sigma=0.75/1km"
71,staged_robust_learning,14,26,1343259260.4662848,79691.40000000001,40,296630453.3161926,hyderabad,"misspecified: planner sigma=0.5/2km, truth sigma=0.75/1km"
71,oracle_all_now,40,0,1639889713.7824774,83771.99999999999,40,0.0,hyderabad,"misspecified: planner sigma=0.5/2km, truth sigma=0.75/1km"
72,v1_point_all_now,33,0,-802926098.4185796,22025.70000000001,33,957805399.1533232,hyderabad,"misspecified: planner sigma=0.5/2km, truth sigma=0.75/1km"
72,robust_all_now,29,0,-542595914.6448638,24750.300000000003,29,697475215.3796074,hyderabad,"misspecified: planner sigma=0.5/2km, truth sigma=0.75/1km"
72,staged_no_learning,14,15,-540691543.2360723,24750.300000000003,29,695570843.9708159,hyderabad,"misspecified: planner sigma=0.5/2km, truth sigma=0.75/1km"
72,staged_point_learning,14,0,-144680676.26435035,15829.0,14,299559976.99909395,hyderabad,"misspecified: planner sigma=0.5/2km, truth sigma=0.75/1km"
72,staged_robust_learning,14,1,-171509557.84151042,16408.300000000003,15,326388858.576254,hyderabad,"misspecified: planner sigma=0.5/2km, truth sigma=0.75/1km"
72,oracle_all_now,9,0,154879300.7347436,18379.20000000001,9,0.0,hyderabad,"misspecified: planner sigma=0.5/2km, truth sigma=0.75/1km"
73,v1_point_all_now,33,0,392180973.6842904,55799.5,33,293099409.645015,hyderabad,"misspecified: planner sigma=0.5/2km, truth sigma=0.75/1km"
73,robust_all_now,29,0,496325983.3099704,53638.600000000006,29,188954400.01933503,hyderabad,"misspecified: planner sigma=0.5/2km, truth sigma=0.75/1km"
73,staged_no_learning,14,15,447676436.3876138,53638.600000000006,29,237603946.94169164,hyderabad,"misspecified: planner sigma=0.5/2km, truth sigma=0.75/1km"
73,staged_point_learning,14,9,475004138.2650764,46148.80000000002,23,210276245.064229,hyderabad,"misspecified: planner sigma=0.5/2km, truth sigma=0.75/1km"
73,staged_robust_learning,14,12,476995433.593173,50411.80000000002,26,208284949.73613238,hyderabad,"misspecified: planner sigma=0.5/2km, truth sigma=0.75/1km"
73,oracle_all_now,28,0,685280383.3293054,58042.0,28,0.0,hyderabad,"misspecified: planner sigma=0.5/2km, truth sigma=0.75/1km"
74,v1_point_all_now,33,0,1942524439.66994,62029.5,33,541930983.9172206,hyderabad,"misspecified: planner sigma=0.5/2km, truth sigma=0.75/1km"
74,robust_all_now,29,0,1768520332.5805135,55689.899999999994,29,715935091.0066471,hyderabad,"misspecified: planner sigma=0.5/2km, truth sigma=0.75/1km"
74,staged_no_learning,14,15,1667476830.2954383,55689.899999999994,29,816978593.2917223,hyderabad,"misspecified: planner sigma=0.5/2km, truth sigma=0.75/1km"
74,staged_point_learning,14,26,1768125074.610846,66526.9,40,716330348.9763145,hyderabad,"misspecified: planner sigma=0.5/2km, truth sigma=0.75/1km"
74,staged_robust_learning,14,26,1997089103.7107868,71318.30000000002,40,487366319.87637377,hyderabad,"misspecified: planner sigma=0.5/2km, truth sigma=0.75/1km"
74,oracle_all_now,39,0,2484455423.5871606,76929.1,39,0.0,hyderabad,"misspecified: planner sigma=0.5/2km, truth sigma=0.75/1km"
75,v1_point_all_now,33,0,1229494400.5821757,61496.2,33,640827113.2003026,hyderabad,"misspecified: planner sigma=0.5/2km, truth sigma=0.75/1km"
75,robust_all_now,29,0,1257489376.6879158,58342.2,29,612832137.0945625,hyderabad,"misspecified: planner sigma=0.5/2km, truth sigma=0.75/1km"
75,staged_no_learning,14,15,1176222899.0033236,58342.2,29,694098614.7791548,hyderabad,"misspecified: planner sigma=0.5/2km, truth sigma=0.75/1km"
75,staged_point_learning,14,20,1394580996.044774,69194.8,34,475740517.7377043,hyderabad,"misspecified: planner sigma=0.5/2km, truth sigma=0.75/1km"
75,staged_robust_learning,14,23,1572916322.3693666,76960.00000000001,37,297405191.4131117,hyderabad,"misspecified: planner sigma=0.5/2km, truth sigma=0.75/1km"
75,oracle_all_now,40,0,1870321513.7824783,83772.00000000001,40,0.0,hyderabad,"misspecified: planner sigma=0.5/2km, truth sigma=0.75/1km"
76,v1_point_all_now,33,0,683332671.7368584,66436.9,33,251804092.0456195,hyderabad,"misspecified: planner sigma=0.5/2km, truth sigma=0.75/1km"
76,robust_all_now,29,0,657311243.721149,60107.70000000001,29,277825520.0613289,hyderabad,"misspecified: planner sigma=0.5/2km, truth sigma=0.75/1km"
76,staged_no_learning,14,15,598721090.9794569,60107.70000000001,29,336415672.80302095,hyderabad,"misspecified: planner sigma=0.5/2km, truth sigma=0.75/1km"
76,staged_point_learning,14,26,830604033.574502,83772.0,40,104532730.20797586,hyderabad,"misspecified: planner sigma=0.5/2km, truth sigma=0.75/1km"
76,staged_robust_learning,14,26,823515252.8097887,83537.4,40,111621510.97268915,hyderabad,"misspecified: planner sigma=0.5/2km, truth sigma=0.75/1km"
76,oracle_all_now,40,0,935136763.7824779,83772.0,40,0.0,hyderabad,"misspecified: planner sigma=0.5/2km, truth sigma=0.75/1km"
77,v1_point_all_now,33,0,603296846.4856498,62665.5,33,157704539.39471316,hyderabad,"misspecified: planner sigma=0.5/2km, truth sigma=0.75/1km"
77,robust_all_now,29,0,647146241.5462234,58940.79999999999,29,113855144.33413959,hyderabad,"misspecified: planner sigma=0.5/2km, truth sigma=0.75/1km"
77,staged_no_learning,14,15,589534985.2866769,58940.79999999999,29,171466400.5936861,hyderabad,"misspecified: planner sigma=0.5/2km, truth sigma=0.75/1km"
77,staged_point_learning,14,14,549539083.5434744,56128.29999999999,28,211462302.33688855,hyderabad,"misspecified: planner sigma=0.5/2km, truth sigma=0.75/1km"
77,staged_robust_learning,14,21,540631794.5915711,65389.399999999994,35,220369591.2887919,hyderabad,"misspecified: planner sigma=0.5/2km, truth sigma=0.75/1km"
77,oracle_all_now,34,0,761001385.880363,69178.4,34,0.0,hyderabad,"misspecified: planner sigma=0.5/2km, truth sigma=0.75/1km"
78,v1_point_all_now,33,0,-306042388.36586046,47905.40000000001,33,565297986.2719033,hyderabad,"misspecified: planner sigma=0.5/2km, truth sigma=0.75/1km"
78,robust_all_now,29,0,-42068374.613897085,49606.8,29,301323972.5199399,hyderabad,"misspecified: planner sigma=0.5/2km, truth sigma=0.75/1km"
78,staged_no_learning,14,15,-61342825.53332281,49606.8,29,320598423.4393656,hyderabad,"misspecified: planner sigma=0.5/2km, truth sigma=0.75/1km"
78,staged_point_learning,14,9,153272351.00782537,46351.40000000001,23,105983246.89821744,hyderabad,"misspecified: planner sigma=0.5/2km, truth sigma=0.75/1km"
78,staged_robust_learning,14,13,182167696.89253783,54728.59999999999,27,77087901.01350498,hyderabad,"misspecified: planner sigma=0.5/2km, truth sigma=0.75/1km"
78,oracle_all_now,27,0,259255597.9060428,56061.40000000001,27,0.0,hyderabad,"misspecified: planner sigma=0.5/2km, truth sigma=0.75/1km"
79,v1_point_all_now,33,0,1457947276.156497,56606.80000000002,33,386343293.8509059,hyderabad,"misspecified: planner sigma=0.5/2km, truth sigma=0.75/1km"
79,robust_all_now,29,0,1568193238.1654081,55251.5,29,276097331.84199476,hyderabad,"misspecified: planner sigma=0.5/2km, truth sigma=0.75/1km"
79,staged_no_learning,14,15,1473716267.0709972,55251.5,29,370574302.93640566,hyderabad,"misspecified: planner sigma=0.5/2km, truth sigma=0.75/1km"
79,staged_point_learning,14,14,1340732959.6607256,51557.5,28,503557610.3466773,hyderabad,"misspecified: planner sigma=0.5/2km, truth sigma=0.75/1km"
79,staged_robust_learning,14,14,1480928866.6134753,54491.30000000002,28,363361703.3939276,hyderabad,"misspecified: planner sigma=0.5/2km, truth sigma=0.75/1km"
79,oracle_all_now,33,0,1844290570.007403,64019.70000000001,33,0.0,hyderabad,"misspecified: planner sigma=0.5/2km, truth sigma=0.75/1km"
0,v1_point_all_now,40,0,1428759235.335197,82840.7,40,38339478.44728041,bengaluru,sigma=0.25
0,robust_all_now,40,0,1467098713.7824774,83771.99999999999,40,0.0,bengaluru,sigma=0.25
0,staged_no_learning,40,0,1467098713.7824774,83771.99999999999,40,0.0,bengaluru,sigma=0.25
0,staged_point_learning,40,0,1467098713.7824774,83771.99999999999,40,0.0,bengaluru,sigma=0.25
0,staged_robust_learning,40,0,1467098713.7824774,83771.99999999999,40,0.0,bengaluru,sigma=0.25
0,oracle_all_now,40,0,1467098713.7824774,83771.99999999999,40,0.0,bengaluru,sigma=0.25
1,v1_point_all_now,40,0,787033038.4465256,67049.79999999999,40,734191525.3359523,bengaluru,sigma=0.25
1,robust_all_now,40,0,1521224563.7824779,83772.0,40,0.0,bengaluru,sigma=0.25
1,staged_no_learning,40,0,1521224563.7824779,83772.0,40,0.0,bengaluru,sigma=0.25
1,staged_point_learning,40,0,1521224563.7824779,83772.0,40,0.0,bengaluru,sigma=0.25
1,staged_robust_learning,40,0,1521224563.7824779,83772.0,40,0.0,bengaluru,sigma=0.25
1,oracle_all_now,40,0,1521224563.7824779,83772.0,40,0.0,bengaluru,sigma=0.25
2,v1_point_all_now,40,0,2564361859.7824783,83772.0,40,0.0,bengaluru,sigma=0.25
2,robust_all_now,40,0,2564361859.7824783,83772.0,40,0.0,bengaluru,sigma=0.25
2,staged_no_learning,40,0,2564361859.7824783,83772.0,40,0.0,bengaluru,sigma=0.25
2,staged_point_learning,40,0,2564361859.7824783,83772.0,40,0.0,bengaluru,sigma=0.25
2,staged_robust_learning,40,0,2564361859.7824783,83772.0,40,0.0,bengaluru,sigma=0.25
2,oracle_all_now,40,0,2564361859.7824783,83772.0,40,0.0,bengaluru,sigma=0.25
3,v1_point_all_now,40,0,822734025.5036254,67617.29999999999,40,964002634.2788529,bengaluru,sigma=0.25
3,robust_all_now,40,0,1786736659.7824783,83772.0,40,0.0,bengaluru,sigma=0.25
3,staged_no_learning,40,0,1786736659.7824783,83772.0,40,0.0,bengaluru,sigma=0.25
3,staged_point_learning,40,0,1786736659.7824783,83772.0,40,0.0,bengaluru,sigma=0.25
3,staged_robust_learning,40,0,1786736659.7824783,83772.0,40,0.0,bengaluru,sigma=0.25
3,oracle_all_now,40,0,1786736659.7824783,83772.0,40,0.0,bengaluru,sigma=0.25
4,v1_point_all_now,40,0,2326805113.7824774,83771.99999999999,40,0.0,bengaluru,sigma=0.25
4,robust_all_now,40,0,2326805113.7824774,83771.99999999999,40,0.0,bengaluru,sigma=0.25
4,staged_no_learning,40,0,2326805113.7824774,83771.99999999999,40,0.0,bengaluru,sigma=0.25
4,staged_point_learning,40,0,2326805113.7824774,83771.99999999999,40,0.0,bengaluru,sigma=0.25
4,staged_robust_learning,40,0,2326805113.7824774,83771.99999999999,40,0.0,bengaluru,sigma=0.25
4,oracle_all_now,40,0,2326805113.7824774,83771.99999999999,40,0.0,bengaluru,sigma=0.25
5,v1_point_all_now,40,0,790154698.1235662,67120.90000000001,40,731069865.6589112,bengaluru,sigma=0.25
5,robust_all_now,40,0,1521224563.7824774,83771.99999999999,40,0.0,bengaluru,sigma=0.25
5,staged_no_learning,40,0,1521224563.7824774,83771.99999999999,40,0.0,bengaluru,sigma=0.25
5,staged_point_learning,40,0,1521224563.7824774,83771.99999999999,40,0.0,bengaluru,sigma=0.25
5,staged_robust_learning,40,0,1521224563.7824774,83771.99999999999,40,0.0,bengaluru,sigma=0.25
5,oracle_all_now,40,0,1521224563.7824774,83771.99999999999,40,0.0,bengaluru,sigma=0.25
6,v1_point_all_now,40,0,195736322.71873188,56536.90000000001,40,1492736142.5175228,bengaluru,sigma=0.25
6,robust_all_now,40,0,1186530934.2051373,74598.90000000001,40,501941531.03111744,bengaluru,sigma=0.25
6,staged_no_learning,40,0,1186530934.2051373,74598.90000000001,40,501941531.03111744,bengaluru,sigma=0.25
6,staged_point_learning,40,0,1186530934.2051373,74598.90000000001,40,501941531.03111744,bengaluru,sigma=0.25
6,staged_robust_learning,40,0,1186530934.2051373,74598.90000000001,40,501941531.03111744,bengaluru,sigma=0.25
6,oracle_all_now,40,0,1688472465.2362547,83749.2,40,0.0,bengaluru,sigma=0.25
7,v1_point_all_now,40,0,598296789.3740187,82726.8,40,34444774.40845871,bengaluru,sigma=0.25
7,robust_all_now,40,0,632741563.7824774,83771.99999999999,40,0.0,bengaluru,sigma=0.25
7,staged_no_learning,40,0,632741563.7824774,83771.99999999999,40,0.0,bengaluru,sigma=0.25
7,staged_point_learning,40,0,632741563.7824774,83771.99999999999,40,0.0,bengaluru,sigma=0.25
7,staged_robust_learning,40,0,632741563.7824774,83771.99999999999,40,0.0,bengaluru,sigma=0.25
7,oracle_all_now,40,0,632741563.7824774,83771.99999999999,40,0.0,bengaluru,sigma=0.25
8,v1_point_all_now,40,0,734794632.2054386,65860.0,40,775984884.6407857,bengaluru,sigma=0.25
8,robust_all_now,40,0,1508834516.512991,83489.79999999999,40,1945000.3332333565,bengaluru,sigma=0.25
8,staged_no_learning,40,0,1508834516.512991,83489.79999999999,40,1945000.3332333565,bengaluru,sigma=0.25
8,staged_point_learning,40,0,1508834516.512991,83489.79999999999,40,1945000.3332333565,bengaluru,sigma=0.25
8,staged_robust_learning,40,0,1508834516.512991,83489.79999999999,40,1945000.3332333565,bengaluru,sigma=0.25
8,oracle_all_now,40,0,1510779516.8462243,83534.1,40,0.0,bengaluru,sigma=0.25
9,v1_point_all_now,40,0,1992640459.7824788,83772.00000000001,40,0.0,bengaluru,sigma=0.25
9,robust_all_now,40,0,1992640459.7824788,83772.00000000001,40,0.0,bengaluru,sigma=0.25
9,staged_no_learning,40,0,1992640459.7824788,83772.00000000001,40,0.0,bengaluru,sigma=0.25
9,staged_point_learning,40,0,1992640459.7824788,83772.00000000001,40,0.0,bengaluru,sigma=0.25
9,staged_robust_learning,40,0,1992640459.7824788,83772.00000000001,40,0.0,bengaluru,sigma=0.25
9,oracle_all_now,40,0,1992640459.7824788,83772.00000000001,40,0.0,bengaluru,sigma=0.25
10,v1_point_all_now,40,0,1160725306.333838,77729.00000000001,40,248776407.44864035,bengaluru,sigma=0.25
10,robust_all_now,40,0,1409501713.7824783,83772.00000000001,40,0.0,bengaluru,sigma=0.25
10,staged_no_learning,40,0,1409501713.7824783,83772.00000000001,40,0.0,bengaluru,sigma=0.25
10,staged_point_learning,40,0,1409501713.7824783,83772.00000000001,40,0.0,bengaluru,sigma=0.25
10,staged_robust_learning,40,0,1409501713.7824783,83772.00000000001,40,0.0,bengaluru,sigma=0.25
10,oracle_all_now,40,0,1409501713.7824783,83772.00000000001,40,0.0,bengaluru,sigma=0.25
11,v1_point_all_now,40,0,2132362459.7824783,83772.0,40,0.0,bengaluru,sigma=0.25
11,robust_all_now,40,0,2132362459.7824783,83772.0,40,0.0,bengaluru,sigma=0.25
11,staged_no_learning,40,0,2132362459.7824783,83772.0,40,0.0,bengaluru,sigma=0.25
11,staged_point_learning,40,0,2132362459.7824783,83772.0,40,0.0,bengaluru,sigma=0.25
11,staged_robust_learning,40,0,2132362459.7824783,83772.0,40,0.0,bengaluru,sigma=0.25
11,oracle_all_now,40,0,2132362459.7824783,83772.0,40,0.0,bengaluru,sigma=0.25
12,v1_point_all_now,40,0,551422813.7380672,63058.7,40,1009218246.0444117,bengaluru,sigma=0.25
12,robust_all_now,40,0,1376033729.5918431,79983.09999999999,40,184607330.19063568,bengaluru,sigma=0.25
12,staged_no_learning,40,0,1376033729.5918431,79983.09999999999,40,184607330.19063568,bengaluru,sigma=0.25
12,staged_point_learning,40,0,1376033729.5918431,79983.09999999999,40,184607330.19063568,bengaluru,sigma=0.25
12,staged_robust_learning,40,0,1376033729.5918431,79983.09999999999,40,184607330.19063568,bengaluru,sigma=0.25
12,oracle_all_now,40,0,1560641059.7824788,83772.00000000001,40,0.0,bengaluru,sigma=0.25
13,v1_point_all_now,40,0,2640139363.7824774,83772.0,40,0.0,bengaluru,sigma=0.25
13,robust_all_now,40,0,2640139363.7824774,83772.0,40,0.0,bengaluru,sigma=0.25
13,staged_no_learning,40,0,2640139363.7824774,83772.0,40,0.0,bengaluru,sigma=0.25
13,staged_point_learning,40,0,2640139363.7824774,83772.0,40,0.0,bengaluru,sigma=0.25
13,staged_robust_learning,40,0,2640139363.7824774,83772.0,40,0.0,bengaluru,sigma=0.25
13,oracle_all_now,40,0,2640139363.7824774,83772.0,40,0.0,bengaluru,sigma=0.25
14,v1_point_all_now,40,0,546324163.7824779,83772.0,40,0.0,bengaluru,sigma=0.25
14,robust_all_now,40,0,546324163.7824779,83772.0,40,0.0,bengaluru,sigma=0.25
14,staged_no_learning,40,0,546324163.7824779,83772.0,40,0.0,bengaluru,sigma=0.25
14,staged_point_learning,40,0,546324163.7824779,83772.0,40,0.0,bengaluru,sigma=0.25
14,staged_robust_learning,40,0,546324163.7824779,83772.0,40,0.0,bengaluru,sigma=0.25
14,oracle_all_now,40,0,546324163.7824779,83772.0,40,0.0,bengaluru,sigma=0.25
15,v1_point_all_now,40,0,549795313.7824779,83772.0,40,0.0,bengaluru,sigma=0.25
15,robust_all_now,40,0,549795313.7824779,83772.0,40,0.0,bengaluru,sigma=0.25
15,staged_no_learning,40,0,549795313.7824779,83772.0,40,0.0,bengaluru,sigma=0.25
15,staged_point_learning,40,0,549795313.7824779,83772.0,40,0.0,bengaluru,sigma=0.25
15,staged_robust_learning,40,0,549795313.7824779,83772.0,40,0.0,bengaluru,sigma=0.25
15,oracle_all_now,40,0,549795313.7824779,83772.0,40,0.0,bengaluru,sigma=0.25
16,v1_point_all_now,40,0,2413222513.7824774,83772.0,40,0.0,bengaluru,sigma=0.25
16,robust_all_now,40,0,2413222513.7824774,83772.0,40,0.0,bengaluru,sigma=0.25
16,staged_no_learning,40,0,2413222513.7824774,83772.0,40,0.0,bengaluru,sigma=0.25
16,staged_point_learning,40,0,2413222513.7824774,83772.0,40,0.0,bengaluru,sigma=0.25
16,staged_robust_learning,40,0,2413222513.7824774,83772.0,40,0.0,bengaluru,sigma=0.25
16,oracle_all_now,40,0,2413222513.7824774,83772.0,40,0.0,bengaluru,sigma=0.25
17,v1_point_all_now,40,0,2356925662.661027,83244.79999999999,40,27476451.121450424,bengaluru,sigma=0.25
17,robust_all_now,40,0,2384402113.7824774,83772.0,40,0.0,bengaluru,sigma=0.25
17,staged_no_learning,40,0,2384402113.7824774,83772.0,40,0.0,bengaluru,sigma=0.25
17,staged_point_learning,40,0,2384402113.7824774,83772.0,40,0.0,bengaluru,sigma=0.25
17,staged_robust_learning,40,0,2384402113.7824774,83772.0,40,0.0,bengaluru,sigma=0.25
17,oracle_all_now,40,0,2384402113.7824774,83772.0,40,0.0,bengaluru,sigma=0.25
18,v1_point_all_now,40,0,902546059.7824783,83772.0,40,0.0,bengaluru,sigma=0.25
18,robust_all_now,40,0,902546059.7824783,83772.0,40,0.0,bengaluru,sigma=0.25
18,staged_no_learning,40,0,902546059.7824783,83772.0,40,0.0,bengaluru,sigma=0.25
18,staged_point_learning,40,0,902546059.7824783,83772.0,40,0.0,bengaluru,sigma=0.25
18,staged_robust_learning,40,0,902546059.7824783,83772.0,40,0.0,bengaluru,sigma=0.25
18,oracle_all_now,40,0,902546059.7824783,83772.0,40,0.0,bengaluru,sigma=0.25
19,v1_point_all_now,40,0,1467098713.7824779,83772.0,40,0.0,bengaluru,sigma=0.25
19,robust_all_now,40,0,1467098713.7824779,83772.0,40,0.0,bengaluru,sigma=0.25
19,staged_no_learning,40,0,1467098713.7824779,83772.0,40,0.0,bengaluru,sigma=0.25
19,staged_point_learning,40,0,1467098713.7824779,83772.0,40,0.0,bengaluru,sigma=0.25
19,staged_robust_learning,40,0,1467098713.7824779,83772.0,40,0.0,bengaluru,sigma=0.25
19,oracle_all_now,40,0,1467098713.7824779,83772.0,40,0.0,bengaluru,sigma=0.25
20,v1_point_all_now,40,0,1263853781.8655596,78835.0,40,203244931.91691828,bengaluru,sigma=0.25
20,robust_all_now,40,0,1467098713.7824779,83772.0,40,0.0,bengaluru,sigma=0.25
20,staged_no_learning,40,0,1467098713.7824779,83772.0,40,0.0,bengaluru,sigma=0.25
20,staged_point_learning,40,0,1467098713.7824779,83772.0,40,0.0,bengaluru,sigma=0.25
20,staged_robust_learning,40,0,1467098713.7824779,83772.0,40,0.0,bengaluru,sigma=0.25
20,oracle_all_now,40,0,1467098713.7824779,83772.0,40,0.0,bengaluru,sigma=0.25
21,v1_point_all_now,40,0,2535541459.7824783,83772.0,40,0.0,bengaluru,sigma=0.25
21,robust_all_now,40,0,2535541459.7824783,83772.0,40,0.0,bengaluru,sigma=0.25
21,staged_no_learning,40,0,2535541459.7824783,83772.0,40,0.0,bengaluru,sigma=0.25
21,staged_point_learning,40,0,2535541459.7824783,83772.0,40,0.0,bengaluru,sigma=0.25
21,staged_robust_learning,40,0,2535541459.7824783,83772.0,40,0.0,bengaluru,sigma=0.25
21,oracle_all_now,40,0,2535541459.7824783,83772.0,40,0.0,bengaluru,sigma=0.25
22,v1_point_all_now,40,0,931322659.7824783,83772.0,40,0.0,bengaluru,sigma=0.25
22,robust_all_now,40,0,931322659.7824783,83772.0,40,0.0,bengaluru,sigma=0.25
22,staged_no_learning,40,0,931322659.7824783,83772.0,40,0.0,bengaluru,sigma=0.25
22,staged_point_learning,40,0,931322659.7824783,83772.0,40,0.0,bengaluru,sigma=0.25
22,staged_robust_learning,40,0,931322659.7824783,83772.0,40,0.0,bengaluru,sigma=0.25
22,oracle_all_now,40,0,931322659.7824783,83772.0,40,0.0,bengaluru,sigma=0.25
23,v1_point_all_now,40,0,-92910355.67703867,56927.09999999999,40,1171464070.37855,bengaluru,sigma=0.25
23,robust_all_now,40,0,881158974.3232632,76918.99999999999,40,197394740.3782482,bengaluru,sigma=0.25
23,staged_no_learning,40,0,881158974.3232632,76918.99999999999,40,197394740.3782482,bengaluru,sigma=0.25
23,staged_point_learning,40,0,881158974.3232632,76918.99999999999,40,197394740.3782482,bengaluru,sigma=0.25
23,staged_robust_learning,40,0,881158974.3232632,76918.99999999999,40,197394740.3782482,bengaluru,sigma=0.25
23,oracle_all_now,37,0,1078553714.7015114,76557.8,37,0.0,bengaluru,sigma=0.25
24,v1_point_all_now,40,0,200742163.78247833,83772.00000000001,40,0.0,bengaluru,sigma=0.25
24,robust_all_now,40,0,200742163.78247833,83772.00000000001,40,0.0,bengaluru,sigma=0.25
24,staged_no_learning,40,0,200742163.78247833,83772.00000000001,40,0.0,bengaluru,sigma=0.25
24,staged_point_learning,40,0,200742163.78247833,83772.00000000001,40,0.0,bengaluru,sigma=0.25
24,staged_robust_learning,40,0,200742163.78247833,83772.00000000001,40,0.0,bengaluru,sigma=0.25
24,oracle_all_now,40,0,200742163.78247833,83772.00000000001,40,0.0,bengaluru,sigma=0.25
25,v1_point_all_now,40,0,1257214845.8924484,77102.40000000001,40,292830117.8900299,bengaluru,sigma=0.25
25,robust_all_now,40,0,1550044963.7824783,83772.00000000001,40,0.0,bengaluru,sigma=0.25
25,staged_no_learning,40,0,1550044963.7824783,83772.00000000001,40,0.0,bengaluru,sigma=0.25
25,staged_point_learning,40,0,1550044963.7824783,83772.00000000001,40,0.0,bengaluru,sigma=0.25
25,staged_robust_learning,40,0,1550044963.7824783,83772.00000000001,40,0.0,bengaluru,sigma=0.25
25,oracle_all_now,40,0,1550044963.7824783,83772.00000000001,40,0.0,bengaluru,sigma=0.25
26,v1_point_all_now,40,0,578615713.7824779,83772.0,40,0.0,bengaluru,sigma=0.25
26,robust_all_now,40,0,578615713.7824779,83772.0,40,0.0,bengaluru,sigma=0.25
26,staged_no_learning,40,0,578615713.7824779,83772.0,40,0.0,bengaluru,sigma=0.25
26,staged_point_learning,40,0,578615713.7824779,83772.0,40,0.0,bengaluru,sigma=0.25
26,staged_robust_learning,40,0,578615713.7824779,83772.0,40,0.0,bengaluru,sigma=0.25
26,oracle_all_now,40,0,578615713.7824779,83772.0,40,0.0,bengaluru,sigma=0.25
27,v1_point_all_now,40,0,1797974059.4371605,79444.7,40,237374904.3453169,bengaluru,sigma=0.25
27,robust_all_now,40,0,2035348963.7824774,83771.99999999999,40,0.0,bengaluru,sigma=0.25
27,staged_no_learning,40,0,2035348963.7824774,83771.99999999999,40,0.0,bengaluru,sigma=0.25
27,staged_point_learning,40,0,2035348963.7824774,83771.99999999999,40,0.0,bengaluru,sigma=0.25
27,staged_robust_learning,40,0,2035348963.7824774,83771.99999999999,40,0.0,bengaluru,sigma=0.25
27,oracle_all_now,40,0,2035348963.7824774,83771.99999999999,40,0.0,bengaluru,sigma=0.25
28,v1_point_all_now,40,0,1075337059.7824783,83772.0,40,0.0,bengaluru,sigma=0.25
28,robust_all_now,40,0,1075337059.7824783,83772.0,40,0.0,bengaluru,sigma=0.25
28,staged_no_learning,40,0,1075337059.7824783,83772.0,40,0.0,bengaluru,sigma=0.25
28,staged_point_learning,40,0,1075337059.7824783,83772.0,40,0.0,bengaluru,sigma=0.25
28,staged_robust_learning,40,0,1075337059.7824783,83772.0,40,0.0,bengaluru,sigma=0.25
28,oracle_all_now,40,0,1075337059.7824783,83772.0,40,0.0,bengaluru,sigma=0.25
29,v1_point_all_now,40,0,585782622.0350456,83221.6,40,18138541.747432232,bengaluru,sigma=0.25
29,robust_all_now,40,0,603921163.7824779,83772.0,40,0.0,bengaluru,sigma=0.25
29,staged_no_learning,40,0,603921163.7824779,83772.0,40,0.0,bengaluru,sigma=0.25
29,staged_point_learning,40,0,603921163.7824779,83772.0,40,0.0,bengaluru,sigma=0.25
29,staged_robust_learning,40,0,603921163.7824779,83772.0,40,0.0,bengaluru,sigma=0.25
29,oracle_all_now,40,0,603921163.7824779,83772.0,40,0.0,bengaluru,sigma=0.25
30,v1_point_all_now,40,0,748080143.2157102,66306.4,40,719018570.5667677,bengaluru,sigma=0.25
30,robust_all_now,40,0,1409739758.2143517,82378.70000000001,40,57358955.5681262,bengaluru,sigma=0.25
30,staged_no_learning,40,0,1409739758.2143517,82378.70000000001,40,57358955.5681262,bengaluru,sigma=0.25
30,staged_point_learning,40,0,1409739758.2143517,82378.70000000001,40,57358955.5681262,bengaluru,sigma=0.25
30,staged_robust_learning,40,0,1409739758.2143517,82378.70000000001,40,57358955.5681262,bengaluru,sigma=0.25
30,oracle_all_now,40,0,1467098713.7824779,83772.0,40,0.0,bengaluru,sigma=0.25
31,v1_point_all_now,40,0,2438527963.7824774,83772.0,40,0.0,bengaluru,sigma=0.25
31,robust_all_now,40,0,2438527963.7824774,83772.0,40,0.0,bengaluru,sigma=0.25
31,staged_no_learning,40,0,2438527963.7824774,83772.0,40,0.0,bengaluru,sigma=0.25
31,staged_point_learning,40,0,2438527963.7824774,83772.0,40,0.0,bengaluru,sigma=0.25
31,staged_robust_learning,40,0,2438527963.7824774,83772.0,40,0.0,bengaluru,sigma=0.25
31,oracle_all_now,40,0,2438527963.7824774,83772.0,40,0.0,bengaluru,sigma=0.25
32,v1_point_all_now,40,0,1409501713.7824774,83771.99999999999,40,0.0,bengaluru,sigma=0.25
32,robust_all_now,40,0,1409501713.7824774,83771.99999999999,40,0.0,bengaluru,sigma=0.25
32,staged_no_learning,40,0,1409501713.7824774,83771.99999999999,40,0.0,bengaluru,sigma=0.25
32,staged_point_learning,40,0,1409501713.7824774,83771.99999999999,40,0.0,bengaluru,sigma=0.25
32,staged_robust_learning,40,0,1409501713.7824774,83771.99999999999,40,0.0,bengaluru,sigma=0.25
32,oracle_all_now,40,0,1409501713.7824774,83771.99999999999,40,0.0,bengaluru,sigma=0.25
33,v1_point_all_now,40,0,640395001.9719038,81406.29999999999,40,89360057.81057453,bengaluru,sigma=0.25
33,robust_all_now,40,0,729755059.7824783,83772.0,40,0.0,bengaluru,sigma=0.25
33,staged_no_learning,40,0,729755059.7824783,83772.0,40,0.0,bengaluru,sigma=0.25
33,staged_point_learning,40,0,729755059.7824783,83772.0,40,0.0,bengaluru,sigma=0.25
33,staged_robust_learning,40,0,729755059.7824783,83772.0,40,0.0,bengaluru,sigma=0.25
33,oracle_all_now,40,0,729755059.7824783,83772.0,40,0.0,bengaluru,sigma=0.25
34,v1_point_all_now,40,0,2471764456.041089,78842.40000000001,40,294165003.7413902,bengaluru,sigma=0.25
34,robust_all_now,40,0,2765929459.7824793,83772.00000000001,40,0.0,bengaluru,sigma=0.25
34,staged_no_learning,40,0,2765929459.7824793,83772.00000000001,40,0.0,bengaluru,sigma=0.25
34,staged_point_learning,40,0,2765929459.7824793,83772.00000000001,40,0.0,bengaluru,sigma=0.25
34,staged_robust_learning,40,0,2765929459.7824793,83772.00000000001,40,0.0,bengaluru,sigma=0.25
34,oracle_all_now,40,0,2765929459.7824793,83772.00000000001,40,0.0,bengaluru,sigma=0.25
35,v1_point_all_now,40,0,578615713.7824779,83772.0,40,0.0,bengaluru,sigma=0.25
35,robust_all_now,40,0,578615713.7824779,83772.0,40,0.0,bengaluru,sigma=0.25
35,staged_no_learning,40,0,578615713.7824779,83772.0,40,0.0,bengaluru,sigma=0.25
35,staged_point_learning,40,0,578615713.7824779,83772.0,40,0.0,bengaluru,sigma=0.25
35,staged_robust_learning,40,0,578615713.7824779,83772.0,40,0.0,bengaluru,sigma=0.25
35,oracle_all_now,40,0,578615713.7824779,83772.0,40,0.0,bengaluru,sigma=0.25
36,v1_point_all_now,40,0,2208139963.7824774,83772.0,40,0.0,bengaluru,sigma=0.25
36,robust_all_now,40,0,2208139963.7824774,83772.0,40,0.0,bengaluru,sigma=0.25
36,staged_no_learning,40,0,2208139963.7824774,83772.0,40,0.0,bengaluru,sigma=0.25
36,staged_point_learning,40,0,2208139963.7824774,83772.0,40,0.0,bengaluru,sigma=0.25
36,staged_robust_learning,40,0,2208139963.7824774,83772.0,40,0.0,bengaluru,sigma=0.25
36,oracle_all_now,40,0,2208139963.7824774,83772.0,40,0.0,bengaluru,sigma=0.25
37,v1_point_all_now,40,0,2305153459.7824783,83772.0,40,0.0,bengaluru,sigma=0.25
37,robust_all_now,40,0,2305153459.7824783,83772.0,40,0.0,bengaluru,sigma=0.25
37,staged_no_learning,40,0,2305153459.7824783,83772.0,40,0.0,bengaluru,sigma=0.25
37,staged_point_learning,40,0,2305153459.7824783,83772.0,40,0.0,bengaluru,sigma=0.25
37,staged_robust_learning,40,0,2305153459.7824783,83772.0,40,0.0,bengaluru,sigma=0.25
37,oracle_all_now,40,0,2305153459.7824783,83772.0,40,0.0,bengaluru,sigma=0.25
38,v1_point_all_now,40,0,-80499008.30876136,63003.79999999999,40,672038903.6782477,bengaluru,sigma=0.25
38,robust_all_now,40,0,523250131.1815715,81324.1,40,68289764.18791485,bengaluru,sigma=0.25
38,staged_no_learning,40,0,523250131.1815715,81324.1,40,68289764.18791485,bengaluru,sigma=0.25
38,staged_point_learning,40,0,523250131.1815715,81324.1,40,68289764.18791485,bengaluru,sigma=0.25
38,staged_robust_learning,40,0,523250131.1815715,81324.1,40,68289764.18791485,bengaluru,sigma=0.25
38,oracle_all_now,40,0,591539895.3694863,83396.29999999999,40,0.0,bengaluru,sigma=0.25
39,v1_point_all_now,40,0,52717834.68006086,80664.6,40,93898479.10241699,bengaluru,sigma=0.25
39,robust_all_now,40,0,146616313.78247786,83772.0,40,0.0,bengaluru,sigma=0.25
39,staged_no_learning,40,0,146616313.78247786,83772.0,40,0.0,bengaluru,sigma=0.25
39,staged_point_learning,40,0,146616313.78247786,83772.0,40,0.0,bengaluru,sigma=0.25
39,staged_robust_learning,40,0,146616313.78247786,83772.0,40,0.0,bengaluru,sigma=0.25
39,oracle_all_now,40,0,146616313.78247786,83772.0,40,0.0,bengaluru,sigma=0.25
40,v1_point_all_now,40,0,319407313.78247833,83772.00000000001,40,0.0,bengaluru,sigma=0.25
40,robust_all_now,40,0,319407313.78247833,83772.00000000001,40,0.0,bengaluru,sigma=0.25
40,staged_no_learning,40,0,319407313.78247833,83772.00000000001,40,0.0,bengaluru,sigma=0.25
40,staged_point_learning,40,0,319407313.78247833,83772.00000000001,40,0.0,bengaluru,sigma=0.25
40,staged_robust_learning,40,0,319407313.78247833,83772.00000000001,40,0.0,bengaluru,sigma=0.25
40,oracle_all_now,40,0,319407313.78247833,83772.00000000001,40,0.0,bengaluru,sigma=0.25
41,v1_point_all_now,40,0,1992640459.7824783,83772.0,40,0.0,bengaluru,sigma=0.25
41,robust_all_now,40,0,1992640459.7824783,83772.0,40,0.0,bengaluru,sigma=0.25
41,staged_no_learning,40,0,1992640459.7824783,83772.0,40,0.0,bengaluru,sigma=0.25
41,staged_point_learning,40,0,1992640459.7824783,83772.0,40,0.0,bengaluru,sigma=0.25
41,staged_robust_learning,40,0,1992640459.7824783,83772.0,40,0.0,bengaluru,sigma=0.25
41,oracle_all_now,40,0,1992640459.7824783,83772.0,40,0.0,bengaluru,sigma=0.25
42,v1_point_all_now,40,0,2154014113.7824774,83772.0,40,0.0,bengaluru,sigma=0.25
42,robust_all_now,40,0,2154014113.7824774,83772.0,40,0.0,bengaluru,sigma=0.25
42,staged_no_learning,40,0,2154014113.7824774,83772.0,40,0.0,bengaluru,sigma=0.25
42,staged_point_learning,40,0,2154014113.7824774,83772.0,40,0.0,bengaluru,sigma=0.25
42,staged_robust_learning,40,0,2154014113.7824774,83772.0,40,0.0,bengaluru,sigma=0.25
42,oracle_all_now,40,0,2154014113.7824774,83772.0,40,0.0,bengaluru,sigma=0.25
43,v1_point_all_now,40,0,1397036547.8589125,82255.29999999999,40,66591015.92356539,bengaluru,sigma=0.25
43,robust_all_now,40,0,1463627563.7824779,83772.0,40,0.0,bengaluru,sigma=0.25
43,staged_no_learning,40,0,1463627563.7824779,83772.0,40,0.0,bengaluru,sigma=0.25
43,staged_point_learning,40,0,1463627563.7824779,83772.0,40,0.0,bengaluru,sigma=0.25
43,staged_robust_learning,40,0,1463627563.7824779,83772.0,40,0.0,bengaluru,sigma=0.25
43,oracle_all_now,40,0,1463627563.7824779,83772.0,40,0.0,bengaluru,sigma=0.25
44,v1_point_all_now,40,0,695684613.2743206,83222.8,40,22609300.508156776,bengaluru,sigma=0.25
44,robust_all_now,40,0,718293913.7824774,83771.99999999999,40,0.0,bengaluru,sigma=0.25
44,staged_no_learning,40,0,718293913.7824774,83771.99999999999,40,0.0,bengaluru,sigma=0.25
44,staged_point_learning,40,0,718293913.7824774,83771.99999999999,40,0.0,bengaluru,sigma=0.25
44,staged_robust_learning,40,0,718293913.7824774,83771.99999999999,40,0.0,bengaluru,sigma=0.25
44,oracle_all_now,40,0,718293913.7824774,83771.99999999999,40,0.0,bengaluru,sigma=0.25
45,v1_point_all_now,40,0,934473375.466466,82441.4,40,43850188.316011906,bengaluru,sigma=0.25
45,robust_all_now,40,0,978323563.7824779,83772.0,40,0.0,bengaluru,sigma=0.25
45,staged_no_learning,40,0,978323563.7824779,83772.0,40,0.0,bengaluru,sigma=0.25
45,staged_point_learning,40,0,978323563.7824779,83772.0,40,0.0,bengaluru,sigma=0.25
45,staged_robust_learning,40,0,978323563.7824779,83772.0,40,0.0,bengaluru,sigma=0.25
45,oracle_all_now,40,0,978323563.7824779,83772.0,40,0.0,bengaluru,sigma=0.25
46,v1_point_all_now,40,0,1786736659.7824783,83772.0,40,0.0,bengaluru,sigma=0.25
46,robust_all_now,40,0,1786736659.7824783,83772.0,40,0.0,bengaluru,sigma=0.25
46,staged_no_learning,40,0,1786736659.7824783,83772.0,40,0.0,bengaluru,sigma=0.25
46,staged_point_learning,40,0,1786736659.7824783,83772.0,40,0.0,bengaluru,sigma=0.25
46,staged_robust_learning,40,0,1786736659.7824783,83772.0,40,0.0,bengaluru,sigma=0.25
46,oracle_all_now,40,0,1786736659.7824783,83772.0,40,0.0,bengaluru,sigma=0.25
47,v1_point_all_now,40,0,-271456236.5522647,68702.80000000002,40,569211896.334743,bengaluru,sigma=0.25
47,robust_all_now,40,0,297755659.78247833,83772.0,40,0.0,bengaluru,sigma=0.25
47,staged_no_learning,40,0,297755659.78247833,83772.0,40,0.0,bengaluru,sigma=0.25
47,staged_point_learning,40,0,297755659.78247833,83772.0,40,0.0,bengaluru,sigma=0.25
47,staged_robust_learning,40,0,297755659.78247833,83772.0,40,0.0,bengaluru,sigma=0.25
47,oracle_all_now,40,0,297755659.78247833,83772.0,40,0.0,bengaluru,sigma=0.25
48,v1_point_all_now,40,0,2668915963.7824774,83772.0,40,0.0,bengaluru,sigma=0.25
48,robust_all_now,40,0,2668915963.7824774,83772.0,40,0.0,bengaluru,sigma=0.25
48,staged_no_learning,40,0,2668915963.7824774,83772.0,40,0.0,bengaluru,sigma=0.25
48,staged_point_learning,40,0,2668915963.7824774,83772.0,40,0.0,bengaluru,sigma=0.25
48,staged_robust_learning,40,0,2668915963.7824774,83772.0,40,0.0,bengaluru,sigma=0.25
48,oracle_all_now,40,0,2668915963.7824774,83772.0,40,0.0,bengaluru,sigma=0.25
49,v1_point_all_now,40,0,1215059059.7824783,83772.0,40,0.0,bengaluru,sigma=0.25
49,robust_all_now,40,0,1215059059.7824783,83772.0,40,0.0,bengaluru,sigma=0.25
49,staged_no_learning,40,0,1215059059.7824783,83772.0,40,0.0,bengaluru,sigma=0.25
49,staged_point_learning,40,0,1215059059.7824783,83772.0,40,0.0,bengaluru,sigma=0.25
49,staged_robust_learning,40,0,1215059059.7824783,83772.0,40,0.0,bengaluru,sigma=0.25
49,oracle_all_now,40,0,1215059059.7824783,83772.0,40,0.0,bengaluru,sigma=0.25
50,v1_point_all_now,40,0,578615713.7824779,83772.0,40,0.0,bengaluru,sigma=0.25
50,robust_all_now,40,0,578615713.7824779,83772.0,40,0.0,bengaluru,sigma=0.25
50,staged_no_learning,40,0,578615713.7824779,83772.0,40,0.0,bengaluru,sigma=0.25
50,staged_point_learning,40,0,578615713.7824779,83772.0,40,0.0,bengaluru,sigma=0.25
50,staged_robust_learning,40,0,578615713.7824779,83772.0,40,0.0,bengaluru,sigma=0.25
50,oracle_all_now,40,0,578615713.7824779,83772.0,40,0.0,bengaluru,sigma=0.25
51,v1_point_all_now,40,0,483885730.0546837,61938.899999999994,40,1302850929.7277946,bengaluru,sigma=0.25
51,robust_all_now,40,0,1764806759.0045328,83404.5,40,21929900.77794552,bengaluru,sigma=0.25
51,staged_no_learning,40,0,1764806759.0045328,83404.5,40,21929900.77794552,bengaluru,sigma=0.25
51,staged_point_learning,40,0,1764806759.0045328,83404.5,40,21929900.77794552,bengaluru,sigma=0.25
51,staged_robust_learning,40,0,1764806759.0045328,83404.5,40,21929900.77794552,bengaluru,sigma=0.25
51,oracle_all_now,40,0,1786736659.7824783,83772.0,40,0.0,bengaluru,sigma=0.25
52,v1_point_all_now,40,0,819871387.8450155,67350.2,40,676047725.9374628,bengaluru,sigma=0.25
52,robust_all_now,40,0,1495919113.7824783,83772.00000000001,40,0.0,bengaluru,sigma=0.25
52,staged_no_learning,40,0,1495919113.7824783,83772.00000000001,40,0.0,bengaluru,sigma=0.25
52,staged_point_learning,40,0,1495919113.7824783,83772.00000000001,40,0.0,bengaluru,sigma=0.25
52,staged_robust_learning,40,0,1495919113.7824783,83772.00000000001,40,0.0,bengaluru,sigma=0.25
52,oracle_all_now,40,0,1495919113.7824783,83772.00000000001,40,0.0,bengaluru,sigma=0.25
53,v1_point_all_now,40,0,1618238059.7824779,83771.99999999999,40,0.0,bengaluru,sigma=0.25
53,robust_all_now,40,0,1618238059.7824779,83771.99999999999,40,0.0,bengaluru,sigma=0.25
53,staged_no_learning,40,0,1618238059.7824779,83771.99999999999,40,0.0,bengaluru,sigma=0.25
53,staged_point_learning,40,0,1618238059.7824779,83771.99999999999,40,0.0,bengaluru,sigma=0.25
53,staged_robust_learning,40,0,1618238059.7824779,83771.99999999999,40,0.0,bengaluru,sigma=0.25
53,oracle_all_now,40,0,1618238059.7824779,83771.99999999999,40,0.0,bengaluru,sigma=0.25
54,v1_point_all_now,40,0,2909943859.7824783,83772.0,40,0.0,bengaluru,sigma=0.25
54,robust_all_now,40,0,2909943859.7824783,83772.0,40,0.0,bengaluru,sigma=0.25
54,staged_no_learning,40,0,2909943859.7824783,83772.0,40,0.0,bengaluru,sigma=0.25
54,staged_point_learning,40,0,2909943859.7824783,83772.0,40,0.0,bengaluru,sigma=0.25
54,staged_robust_learning,40,0,2909943859.7824783,83772.0,40,0.0,bengaluru,sigma=0.25
54,oracle_all_now,40,0,2909943859.7824783,83772.0,40,0.0,bengaluru,sigma=0.25
55,v1_point_all_now,40,0,2059377453.431118,79653.29999999999,40,245776006.35136032,bengaluru,sigma=0.25
55,robust_all_now,40,0,2305153459.7824783,83772.0,40,0.0,bengaluru,sigma=0.25
55,staged_no_learning,40,0,2305153459.7824783,83772.0,40,0.0,bengaluru,sigma=0.25
55,staged_point_learning,40,0,2305153459.7824783,83772.0,40,0.0,bengaluru,sigma=0.25
55,staged_robust_learning,40,0,2305153459.7824783,83772.0,40,0.0,bengaluru,sigma=0.25
55,oracle_all_now,40,0,2305153459.7824783,83772.0,40,0.0,bengaluru,sigma=0.25
56,v1_point_all_now,40,0,2909943859.7824783,83772.0,40,0.0,bengaluru,sigma=0.25
56,robust_all_now,40,0,2909943859.7824783,83772.0,40,0.0,bengaluru,sigma=0.25
56,staged_no_learning,40,0,2909943859.7824783,83772.0,40,0.0,bengaluru,sigma=0.25
56,staged_point_learning,40,0,2909943859.7824783,83772.0,40,0.0,bengaluru,sigma=0.25
56,staged_robust_learning,40,0,2909943859.7824783,83772.0,40,0.0,bengaluru,sigma=0.25
56,oracle_all_now,40,0,2909943859.7824783,83772.0,40,0.0,bengaluru,sigma=0.25
57,v1_point_all_now,40,0,2477944459.7824783,83772.0,40,0.0,bengaluru,sigma=0.25
57,robust_all_now,40,0,2477944459.7824783,83772.0,40,0.0,bengaluru,sigma=0.25
57,staged_no_learning,40,0,2477944459.7824783,83772.0,40,0.0,bengaluru,sigma=0.25
57,staged_point_learning,40,0,2477944459.7824783,83772.0,40,0.0,bengaluru,sigma=0.25
57,staged_robust_learning,40,0,2477944459.7824783,83772.0,40,0.0,bengaluru,sigma=0.25
57,oracle_all_now,40,0,2477944459.7824783,83772.0,40,0.0,bengaluru,sigma=0.25
58,v1_point_all_now,40,0,805532563.7824779,83772.0,40,0.0,bengaluru,sigma=0.25
58,robust_all_now,40,0,805532563.7824779,83772.0,40,0.0,bengaluru,sigma=0.25
58,staged_no_learning,40,0,805532563.7824779,83772.0,40,0.0,bengaluru,sigma=0.25
58,staged_point_learning,40,0,805532563.7824779,83772.0,40,0.0,bengaluru,sigma=0.25
58,staged_robust_learning,40,0,805532563.7824779,83772.0,40,0.0,bengaluru,sigma=0.25
58,oracle_all_now,40,0,805532563.7824779,83772.0,40,0.0,bengaluru,sigma=0.25
59,v1_point_all_now,40,0,458685875.1722064,83458.0,40,11860784.61027193,bengaluru,sigma=0.25
59,robust_all_now,40,0,470546659.78247833,83772.0,40,0.0,bengaluru,sigma=0.25
59,staged_no_learning,40,0,470546659.78247833,83772.0,40,0.0,bengaluru,sigma=0.25
59,staged_point_learning,40,0,470546659.78247833,83772.0,40,0.0,bengaluru,sigma=0.25
59,staged_robust_learning,40,0,470546659.78247833,83772.0,40,0.0,bengaluru,sigma=0.25
59,oracle_all_now,40,0,470546659.78247833,83772.0,40,0.0,bengaluru,sigma=0.25
60,v1_point_all_now,40,0,376133698.999094,74410.29999999999,40,353621360.7833843,bengaluru,sigma=0.25
60,robust_all_now,40,0,729755059.7824783,83772.0,40,0.0,bengaluru,sigma=0.25
60,staged_no_learning,40,0,729755059.7824783,83772.0,40,0.0,bengaluru,sigma=0.25
60,staged_point_learning,40,0,729755059.7824783,83772.0,40,0.0,bengaluru,sigma=0.25
60,staged_robust_learning,40,0,729755059.7824783,83772.0,40,0.0,bengaluru,sigma=0.25
60,oracle_all_now,40,0,729755059.7824783,83772.0,40,0.0,bengaluru,sigma=0.25
61,v1_point_all_now,40,0,946648424.4812689,71129.79999999999,40,520450289.301209,bengaluru,sigma=0.25
61,robust_all_now,40,0,1467098713.7824779,83772.0,40,0.0,bengaluru,sigma=0.25
61,staged_no_learning,40,0,1467098713.7824779,83772.0,40,0.0,bengaluru,sigma=0.25
61,staged_point_learning,40,0,1467098713.7824779,83772.0,40,0.0,bengaluru,sigma=0.25
61,staged_robust_learning,40,0,1467098713.7824779,83772.0,40,0.0,bengaluru,sigma=0.25
61,oracle_all_now,40,0,1467098713.7824779,83772.0,40,0.0,bengaluru,sigma=0.25
62,v1_point_all_now,40,0,1865515514.6516619,72800.7,40,601832849.1308165,bengaluru,sigma=0.25
62,robust_all_now,40,0,2467348363.7824783,83772.00000000001,40,0.0,bengaluru,sigma=0.25
62,staged_no_learning,40,0,2467348363.7824783,83772.00000000001,40,0.0,bengaluru,sigma=0.25
62,staged_point_learning,40,0,2467348363.7824783,83772.00000000001,40,0.0,bengaluru,sigma=0.25
62,staged_robust_learning,40,0,2467348363.7824783,83772.00000000001,40,0.0,bengaluru,sigma=0.25
62,oracle_all_now,40,0,2467348363.7824783,83772.00000000001,40,0.0,bengaluru,sigma=0.25
63,v1_point_all_now,40,0,2335900515.6567984,76565.6,40,430028944.12567997,bengaluru,sigma=0.25
63,robust_all_now,40,0,2765929459.7824783,83772.0,40,0.0,bengaluru,sigma=0.25
63,staged_no_learning,40,0,2765929459.7824783,83772.0,40,0.0,bengaluru,sigma=0.25
63,staged_point_learning,40,0,2765929459.7824783,83772.0,40,0.0,bengaluru,sigma=0.25
63,staged_robust_learning,40,0,2765929459.7824783,83772.0,40,0.0,bengaluru,sigma=0.25
63,oracle_all_now,40,0,2765929459.7824783,83772.0,40,0.0,bengaluru,sigma=0.25
64,v1_point_all_now,40,0,978323563.7824779,83772.0,40,0.0,bengaluru,sigma=0.25
64,robust_all_now,40,0,978323563.7824779,83772.0,40,0.0,bengaluru,sigma=0.25
64,staged_no_learning,40,0,978323563.7824779,83772.0,40,0.0,bengaluru,sigma=0.25
64,staged_point_learning,40,0,978323563.7824779,83772.0,40,0.0,bengaluru,sigma=0.25
64,staged_robust_learning,40,0,978323563.7824779,83772.0,40,0.0,bengaluru,sigma=0.25
64,oracle_all_now,40,0,978323563.7824779,83772.0,40,0.0,bengaluru,sigma=0.25
65,v1_point_all_now,40,0,570809454.6141992,71406.29999999999,40,407514109.1682787,bengaluru,sigma=0.25
65,robust_all_now,40,0,978323563.7824779,83772.0,40,0.0,bengaluru,sigma=0.25
65,staged_no_learning,40,0,978323563.7824779,83772.0,40,0.0,bengaluru,sigma=0.25
65,staged_point_learning,40,0,978323563.7824779,83772.0,40,0.0,bengaluru,sigma=0.25
65,staged_robust_learning,40,0,978323563.7824779,83772.0,40,0.0,bengaluru,sigma=0.25
65,oracle_all_now,40,0,978323563.7824779,83772.0,40,0.0,bengaluru,sigma=0.25
66,v1_point_all_now,40,0,1618238059.7824783,83772.0,40,0.0,bengaluru,sigma=0.25
66,robust_all_now,40,0,1618238059.7824783,83772.0,40,0.0,bengaluru,sigma=0.25
66,staged_no_learning,40,0,1618238059.7824783,83772.0,40,0.0,bengaluru,sigma=0.25
66,staged_point_learning,40,0,1618238059.7824783,83772.0,40,0.0,bengaluru,sigma=0.25
66,staged_robust_learning,40,0,1618238059.7824783,83772.0,40,0.0,bengaluru,sigma=0.25
66,oracle_all_now,40,0,1618238059.7824783,83772.0,40,0.0,bengaluru,sigma=0.25
67,v1_point_all_now,40,0,2154014113.7824774,83772.0,40,0.0,bengaluru,sigma=0.25
67,robust_all_now,40,0,2154014113.7824774,83772.0,40,0.0,bengaluru,sigma=0.25
67,staged_no_learning,40,0,2154014113.7824774,83772.0,40,0.0,bengaluru,sigma=0.25
67,staged_point_learning,40,0,2154014113.7824774,83772.0,40,0.0,bengaluru,sigma=0.25
67,staged_robust_learning,40,0,2154014113.7824774,83772.0,40,0.0,bengaluru,sigma=0.25
67,oracle_all_now,40,0,2154014113.7824774,83772.0,40,0.0,bengaluru,sigma=0.25
68,v1_point_all_now,40,0,346786966.3746228,62270.0,40,939566876.5495467,bengaluru,sigma=0.25
68,robust_all_now,40,0,1208154292.2803626,81888.79999999999,40,78199550.64380693,bengaluru,sigma=0.25
68,staged_no_learning,40,0,1208154292.2803626,81888.79999999999,40,78199550.64380693,bengaluru,sigma=0.25
68,staged_point_learning,40,0,1208154292.2803626,81888.79999999999,40,78199550.64380693,bengaluru,sigma=0.25
68,staged_robust_learning,40,0,1208154292.2803626,81888.79999999999,40,78199550.64380693,bengaluru,sigma=0.25
68,oracle_all_now,40,0,1286353842.9241695,83669.9,40,0.0,bengaluru,sigma=0.25
69,v1_point_all_now,40,0,895668743.1033249,77216.80000000002,40,319390316.67915344,bengaluru,sigma=0.25
69,robust_all_now,40,0,1215059059.7824783,83772.0,40,0.0,bengaluru,sigma=0.25
69,staged_no_learning,40,0,1215059059.7824783,83772.0,40,0.0,bengaluru,sigma=0.25
69,staged_point_learning,40,0,1215059059.7824783,83772.0,40,0.0,bengaluru,sigma=0.25
69,staged_robust_learning,40,0,1215059059.7824783,83772.0,40,0.0,bengaluru,sigma=0.25
69,oracle_all_now,40,0,1215059059.7824783,83772.0,40,0.0,bengaluru,sigma=0.25
70,v1_point_all_now,40,0,956401478.7903323,57477.59999999999,40,1370403634.992145,bengaluru,sigma=0.25
70,robust_all_now,40,0,2004405025.3202415,77585.99999999999,40,322400088.4622359,bengaluru,sigma=0.25
70,staged_no_learning,40,0,2004405025.3202415,77585.99999999999,40,322400088.4622359,bengaluru,sigma=0.25
70,staged_point_learning,40,0,2004405025.3202415,77585.99999999999,40,322400088.4622359,bengaluru,sigma=0.25
70,staged_robust_learning,40,0,2004405025.3202415,77585.99999999999,40,322400088.4622359,bengaluru,sigma=0.25
70,oracle_all_now,40,0,2326805113.7824774,83771.99999999999,40,0.0,bengaluru,sigma=0.25
71,v1_point_all_now,40,0,834309163.7824774,83771.99999999999,40,0.0,bengaluru,sigma=0.25
71,robust_all_now,40,0,834309163.7824774,83771.99999999999,40,0.0,bengaluru,sigma=0.25
71,staged_no_learning,40,0,834309163.7824774,83771.99999999999,40,0.0,bengaluru,sigma=0.25
71,staged_point_learning,40,0,834309163.7824774,83771.99999999999,40,0.0,bengaluru,sigma=0.25
71,staged_robust_learning,40,0,834309163.7824774,83771.99999999999,40,0.0,bengaluru,sigma=0.25
71,oracle_all_now,40,0,834309163.7824774,83771.99999999999,40,0.0,bengaluru,sigma=0.25
72,v1_point_all_now,40,0,-426200115.46163106,51473.2,40,975995429.2441084,bengaluru,sigma=0.25
72,robust_all_now,40,0,215161488.90377712,72697.90000000001,40,334633824.87870026,bengaluru,sigma=0.25
72,staged_no_learning,40,0,215161488.90377712,72697.90000000001,40,334633824.87870026,bengaluru,sigma=0.25
72,staged_point_learning,40,0,215161488.90377712,72697.90000000001,40,334633824.87870026,bengaluru,sigma=0.25
72,staged_robust_learning,40,0,215161488.90377712,72697.90000000001,40,334633824.87870026,bengaluru,sigma=0.25
72,oracle_all_now,40,0,549795313.7824774,83771.99999999999,40,0.0,bengaluru,sigma=0.25
73,v1_point_all_now,40,0,751406713.7824774,83771.99999999999,40,0.0,bengaluru,sigma=0.25
73,robust_all_now,40,0,751406713.7824774,83771.99999999999,40,0.0,bengaluru,sigma=0.25
73,staged_no_learning,40,0,751406713.7824774,83771.99999999999,40,0.0,bengaluru,sigma=0.25
73,staged_point_learning,40,0,751406713.7824774,83771.99999999999,40,0.0,bengaluru,sigma=0.25
73,staged_robust_learning,40,0,751406713.7824774,83771.99999999999,40,0.0,bengaluru,sigma=0.25
73,oracle_all_now,40,0,751406713.7824774,83771.99999999999,40,0.0,bengaluru,sigma=0.25
74,v1_point_all_now,40,0,314178574.78338337,61527.29999999999,40,976657988.9990945,bengaluru,sigma=0.25
74,robust_all_now,40,0,1207083005.4151063,81864.4,40,83753558.36737156,bengaluru,sigma=0.25
74,staged_no_learning,40,0,1207083005.4151063,81864.4,40,83753558.36737156,bengaluru,sigma=0.25
74,staged_point_learning,40,0,1207083005.4151063,81864.4,40,83753558.36737156,bengaluru,sigma=0.25
74,staged_robust_learning,40,0,1207083005.4151063,81864.4,40,83753558.36737156,bengaluru,sigma=0.25
74,oracle_all_now,40,0,1290836563.7824779,83772.0,40,0.0,bengaluru,sigma=0.25
75,v1_point_all_now,40,0,1751612563.7824783,83772.00000000001,40,0.0,bengaluru,sigma=0.25
75,robust_all_now,40,0,1751612563.7824783,83772.00000000001,40,0.0,bengaluru,sigma=0.25
75,staged_no_learning,40,0,1751612563.7824783,83772.00000000001,40,0.0,bengaluru,sigma=0.25
75,staged_point_learning,40,0,1751612563.7824783,83772.00000000001,40,0.0,bengaluru,sigma=0.25
75,staged_robust_learning,40,0,1751612563.7824783,83772.00000000001,40,0.0,bengaluru,sigma=0.25
75,oracle_all_now,40,0,1751612563.7824783,83772.00000000001,40,0.0,bengaluru,sigma=0.25
76,v1_point_all_now,40,0,805532563.7824779,83772.0,40,0.0,bengaluru,sigma=0.25
76,robust_all_now,40,0,805532563.7824779,83772.0,40,0.0,bengaluru,sigma=0.25
76,staged_no_learning,40,0,805532563.7824779,83772.0,40,0.0,bengaluru,sigma=0.25
76,staged_point_learning,40,0,805532563.7824779,83772.0,40,0.0,bengaluru,sigma=0.25
76,staged_robust_learning,40,0,805532563.7824779,83772.0,40,0.0,bengaluru,sigma=0.25
76,oracle_all_now,40,0,805532563.7824779,83772.0,40,0.0,bengaluru,sigma=0.25
77,v1_point_all_now,40,0,-386144676.8055892,77579.09999999999,40,386144676.8055892,bengaluru,sigma=0.25
77,robust_all_now,40,0,-199009486.21752167,83772.00000000001,40,199009486.21752167,bengaluru,sigma=0.25
77,staged_no_learning,40,0,-199009486.21752167,83772.00000000001,40,199009486.21752167,bengaluru,sigma=0.25
77,staged_point_learning,40,0,-199009486.21752167,83772.00000000001,40,199009486.21752167,bengaluru,sigma=0.25
77,staged_robust_learning,40,0,-199009486.21752167,83772.00000000001,40,199009486.21752167,bengaluru,sigma=0.25
77,oracle_all_now,0,0,0.0,0.0,0,0.0,bengaluru,sigma=0.25
78,v1_point_all_now,40,0,1075337059.7824783,83772.0,40,0.0,bengaluru,sigma=0.25
78,robust_all_now,40,0,1075337059.7824783,83772.0,40,0.0,bengaluru,sigma=0.25
78,staged_no_learning,40,0,1075337059.7824783,83772.0,40,0.0,bengaluru,sigma=0.25
78,staged_point_learning,40,0,1075337059.7824783,83772.0,40,0.0,bengaluru,sigma=0.25
78,staged_robust_learning,40,0,1075337059.7824783,83772.0,40,0.0,bengaluru,sigma=0.25
78,oracle_all_now,40,0,1075337059.7824783,83772.0,40,0.0,bengaluru,sigma=0.25
79,v1_point_all_now,40,0,854677360.8722062,77930.3,40,220659698.9102726,bengaluru,sigma=0.25
79,robust_all_now,40,0,1075337059.7824788,83772.00000000001,40,0.0,bengaluru,sigma=0.25
79,staged_no_learning,40,0,1075337059.7824788,83772.00000000001,40,0.0,bengaluru,sigma=0.25
79,staged_point_learning,40,0,1075337059.7824788,83772.00000000001,40,0.0,bengaluru,sigma=0.25
79,staged_robust_learning,40,0,1075337059.7824788,83772.00000000001,40,0.0,bengaluru,sigma=0.25
79,oracle_all_now,40,0,1075337059.7824788,83772.00000000001,40,0.0,bengaluru,sigma=0.25
0,v1_point_all_now,40,0,1467098713.7824779,83772.0,40,0.0,bengaluru,sigma=0.5
0,robust_all_now,40,0,1467098713.7824779,83772.0,40,0.0,bengaluru,sigma=0.5
0,staged_no_learning,40,0,1467098713.7824779,83772.0,40,0.0,bengaluru,sigma=0.5
0,staged_point_learning,40,0,1467098713.7824779,83772.0,40,0.0,bengaluru,sigma=0.5
0,staged_robust_learning,40,0,1467098713.7824779,83772.0,40,0.0,bengaluru,sigma=0.5
0,oracle_all_now,40,0,1467098713.7824779,83772.0,40,0.0,bengaluru,sigma=0.5
1,v1_point_all_now,40,0,21207816.945921898,49607.100000000006,40,1500016746.836556,bengaluru,sigma=0.5
1,robust_all_now,40,0,1448280465.5063448,82110.6,40,72944098.27613306,bengaluru,sigma=0.5
1,staged_no_learning,40,0,1448280465.5063448,82110.6,40,72944098.27613306,bengaluru,sigma=0.5
1,staged_point_learning,40,0,1448280465.5063448,82110.6,40,72944098.27613306,bengaluru,sigma=0.5
1,staged_robust_learning,40,0,1448280465.5063448,82110.6,40,72944098.27613306,bengaluru,sigma=0.5
1,oracle_all_now,40,0,1521224563.7824779,83772.0,40,0.0,bengaluru,sigma=0.5
2,v1_point_all_now,40,0,2564361859.7824783,83772.0,40,0.0,bengaluru,sigma=0.5
2,robust_all_now,40,0,2555852461.548641,83629.4,40,8509398.233837128,bengaluru,sigma=0.5
2,staged_no_learning,40,0,2555852461.548641,83629.4,40,8509398.233837128,bengaluru,sigma=0.5
2,staged_point_learning,40,0,2555852461.548641,83629.4,40,8509398.233837128,bengaluru,sigma=0.5
2,staged_robust_learning,40,0,2555852461.548641,83629.4,40,8509398.233837128,bengaluru,sigma=0.5
2,oracle_all_now,40,0,2564361859.7824783,83772.0,40,0.0,bengaluru,sigma=0.5
3,v1_point_all_now,40,0,-696551598.4326277,42157.2,40,2483288258.215107,bengaluru,sigma=0.5
3,robust_all_now,40,0,1402089183.7972813,77326.09999999999,40,384647475.985198,bengaluru,sigma=0.5
3,staged_no_learning,40,0,1402089183.7972813,77326.09999999999,40,384647475.985198,bengaluru,sigma=0.5
3,staged_point_learning,40,0,1402089183.7972813,77326.09999999999,40,384647475.985198,bengaluru,sigma=0.5
3,staged_robust_learning,40,0,1402089183.7972813,77326.09999999999,40,384647475.985198,bengaluru,sigma=0.5
3,oracle_all_now,40,0,1786736659.7824793,83772.00000000001,40,0.0,bengaluru,sigma=0.5
4,v1_point_all_now,40,0,2326805113.7824774,83772.0,40,0.0,bengaluru,sigma=0.5
4,robust_all_now,40,0,2326805113.7824774,83772.0,40,0.0,bengaluru,sigma=0.5
4,staged_no_learning,40,0,2326805113.7824774,83772.0,40,0.0,bengaluru,sigma=0.5
4,staged_point_learning,40,0,2326805113.7824774,83772.0,40,0.0,bengaluru,sigma=0.5
4,staged_robust_learning,40,0,2326805113.7824774,83772.0,40,0.0,bengaluru,sigma=0.5
4,oracle_all_now,40,0,2326805113.7824774,83772.0,40,0.0,bengaluru,sigma=0.5
5,v1_point_all_now,40,0,99170279.51299047,51382.79999999999,40,1422054284.2694874,bengaluru,sigma=0.5
5,robust_all_now,40,0,1361835518.4160118,80141.69999999998,40,159389045.36646605,bengaluru,sigma=0.5
5,staged_no_learning,40,0,1361835518.4160118,80141.69999999998,40,159389045.36646605,bengaluru,sigma=0.5
5,staged_point_learning,40,0,1361835518.4160118,80141.69999999998,40,159389045.36646605,bengaluru,sigma=0.5
5,staged_robust_learning,40,0,1361835518.4160118,80141.69999999998,40,159389045.36646605,bengaluru,sigma=0.5
5,oracle_all_now,40,0,1521224563.7824779,83772.0,40,0.0,bengaluru,sigma=0.5
6,v1_point_all_now,40,0,-944725214.7990942,35746.499999999985,40,2634448378.5815716,bengaluru,sigma=0.5
6,robust_all_now,40,0,1092223875.4039278,72879.7,40,597499288.3785496,bengaluru,sigma=0.5
6,staged_no_learning,40,0,1092223875.4039278,72879.7,40,597499288.3785496,bengaluru,sigma=0.5
6,staged_point_learning,40,0,1092223875.4039278,72879.7,40,597499288.3785496,bengaluru,sigma=0.5
6,staged_robust_learning,40,0,1092223875.4039278,72879.7,40,597499288.3785496,bengaluru,sigma=0.5
6,oracle_all_now,40,0,1689723163.7824774,83771.99999999999,40,0.0,bengaluru,sigma=0.5
7,v1_point_all_now,40,0,593953294.0936561,82595.0,40,38788269.68882179,bengaluru,sigma=0.5
7,robust_all_now,40,0,606295016.2673721,82969.5,40,26446547.515105724,bengaluru,sigma=0.5
7,staged_no_learning,40,0,606295016.2673721,82969.5,40,26446547.515105724,bengaluru,sigma=0.5
7,staged_point_learning,40,0,606295016.2673721,82969.5,40,26446547.515105724,bengaluru,sigma=0.5
7,staged_robust_learning,40,0,606295016.2673721,82969.5,40,26446547.515105724,bengaluru,sigma=0.5
7,oracle_all_now,40,0,632741563.7824779,83772.0,40,0.0,bengaluru,sigma=0.5
8,v1_point_all_now,40,0,466871933.9326296,59757.70000000001,40,1054352629.8498483,bengaluru,sigma=0.5
8,robust_all_now,40,0,1451893863.416617,82192.9,40,69330700.36586094,bengaluru,sigma=0.5
8,staged_no_learning,40,0,1451893863.416617,82192.9,40,69330700.36586094,bengaluru,sigma=0.5
8,staged_point_learning,40,0,1451893863.416617,82192.9,40,69330700.36586094,bengaluru,sigma=0.5
8,staged_robust_learning,40,0,1451893863.416617,82192.9,40,69330700.36586094,bengaluru,sigma=0.5
8,oracle_all_now,40,0,1521224563.7824779,83772.0,40,0.0,bengaluru,sigma=0.5
9,v1_point_all_now,40,0,1955333106.0051374,83006.30000000002,40,37307353.77734089,bengaluru,sigma=0.5
9,robust_all_now,40,0,1992640459.7824783,83772.0,40,0.0,bengaluru,sigma=0.5
9,staged_no_learning,40,0,1992640459.7824783,83772.0,40,0.0,bengaluru,sigma=0.5
9,staged_point_learning,40,0,1992640459.7824783,83772.0,40,0.0,bengaluru,sigma=0.5
9,staged_robust_learning,40,0,1992640459.7824783,83772.0,40,0.0,bengaluru,sigma=0.5
9,oracle_all_now,40,0,1992640459.7824783,83772.0,40,0.0,bengaluru,sigma=0.5
10,v1_point_all_now,40,0,247988009.49033213,55557.79999999999,40,1161513704.2921457,bengaluru,sigma=0.5
10,robust_all_now,40,0,1367967621.8620849,82763.1,40,41534091.92039299,bengaluru,sigma=0.5
10,staged_no_learning,40,0,1367967621.8620849,82763.1,40,41534091.92039299,bengaluru,sigma=0.5
10,staged_point_learning,40,0,1367967621.8620849,82763.1,40,41534091.92039299,bengaluru,sigma=0.5
10,staged_robust_learning,40,0,1367967621.8620849,82763.1,40,41534091.92039299,bengaluru,sigma=0.5
10,oracle_all_now,40,0,1409501713.7824779,83772.0,40,0.0,bengaluru,sigma=0.5
11,v1_point_all_now,40,0,2132362459.7824783,83772.0,40,0.0,bengaluru,sigma=0.5
11,robust_all_now,40,0,2132362459.7824783,83772.0,40,0.0,bengaluru,sigma=0.5
11,staged_no_learning,40,0,2132362459.7824783,83772.0,40,0.0,bengaluru,sigma=0.5
11,staged_point_learning,40,0,2132362459.7824783,83772.0,40,0.0,bengaluru,sigma=0.5
11,staged_robust_learning,40,0,2132362459.7824783,83772.0,40,0.0,bengaluru,sigma=0.5
11,oracle_all_now,40,0,2132362459.7824783,83772.0,40,0.0,bengaluru,sigma=0.5
12,v1_point_all_now,40,0,884372796.8090649,69892.20000000001,40,676268262.9734135,bengaluru,sigma=0.5
12,robust_all_now,40,0,1269008349.7990947,77786.5,40,291632709.98338366,bengaluru,sigma=0.5
12,staged_no_learning,40,0,1269008349.7990947,77786.5,40,291632709.98338366,bengaluru,sigma=0.5
12,staged_point_learning,40,0,1269008349.7990947,77786.5,40,291632709.98338366,bengaluru,sigma=0.5
12,staged_robust_learning,40,0,1269008349.7990947,77786.5,40,291632709.98338366,bengaluru,sigma=0.5
12,oracle_all_now,40,0,1560641059.7824783,83772.0,40,0.0,bengaluru,sigma=0.5
13,v1_point_all_now,40,0,2640139363.7824774,83772.0,40,0.0,bengaluru,sigma=0.5
13,robust_all_now,40,0,2640139363.7824774,83772.0,40,0.0,bengaluru,sigma=0.5
13,staged_no_learning,40,0,2640139363.7824774,83772.0,40,0.0,bengaluru,sigma=0.5
13,staged_point_learning,40,0,2640139363.7824774,83772.0,40,0.0,bengaluru,sigma=0.5
13,staged_robust_learning,40,0,2640139363.7824774,83772.0,40,0.0,bengaluru,sigma=0.5
13,oracle_all_now,40,0,2640139363.7824774,83772.0,40,0.0,bengaluru,sigma=0.5
14,v1_point_all_now,40,0,51600710.45317221,68759.99999999999,40,494723453.3293052,bengaluru,sigma=0.5
14,robust_all_now,40,0,546324163.7824774,83771.99999999999,40,0.0,bengaluru,sigma=0.5
14,staged_no_learning,40,0,546324163.7824774,83771.99999999999,40,0.0,bengaluru,sigma=0.5
14,staged_point_learning,40,0,546324163.7824774,83771.99999999999,40,0.0,bengaluru,sigma=0.5
14,staged_robust_learning,40,0,546324163.7824774,83771.99999999999,40,0.0,bengaluru,sigma=0.5
14,oracle_all_now,40,0,546324163.7824774,83771.99999999999,40,0.0,bengaluru,sigma=0.5
15,v1_point_all_now,40,0,-19880842.30634451,64919.59999999999,40,569676156.0888219,bengaluru,sigma=0.5
15,robust_all_now,40,0,549795313.7824774,83771.99999999999,40,0.0,bengaluru,sigma=0.5
15,staged_no_learning,40,0,549795313.7824774,83771.99999999999,40,0.0,bengaluru,sigma=0.5
15,staged_point_learning,40,0,549795313.7824774,83771.99999999999,40,0.0,bengaluru,sigma=0.5
15,staged_robust_learning,40,0,549795313.7824774,83771.99999999999,40,0.0,bengaluru,sigma=0.5
15,oracle_all_now,40,0,549795313.7824774,83771.99999999999,40,0.0,bengaluru,sigma=0.5
16,v1_point_all_now,40,0,2413222513.7824774,83772.0,40,0.0,bengaluru,sigma=0.5
16,robust_all_now,40,0,2413222513.7824774,83772.0,40,0.0,bengaluru,sigma=0.5
16,staged_no_learning,40,0,2413222513.7824774,83772.0,40,0.0,bengaluru,sigma=0.5
16,staged_point_learning,40,0,2413222513.7824774,83772.0,40,0.0,bengaluru,sigma=0.5
16,staged_robust_learning,40,0,2413222513.7824774,83772.0,40,0.0,bengaluru,sigma=0.5
16,oracle_all_now,40,0,2413222513.7824774,83772.0,40,0.0,bengaluru,sigma=0.5
17,v1_point_all_now,40,0,888061269.9703932,55061.2,40,1496340843.8120852,bengaluru,sigma=0.5
17,robust_all_now,40,0,2267319702.0898805,81525.50000000001,40,117082411.69259787,bengaluru,sigma=0.5
17,staged_no_learning,40,0,2267319702.0898805,81525.50000000001,40,117082411.69259787,bengaluru,sigma=0.5
17,staged_point_learning,40,0,2267319702.0898805,81525.50000000001,40,117082411.69259787,bengaluru,sigma=0.5
17,staged_robust_learning,40,0,2267319702.0898805,81525.50000000001,40,117082411.69259787,bengaluru,sigma=0.5
17,oracle_all_now,40,0,2384402113.7824783,83772.00000000001,40,0.0,bengaluru,sigma=0.5
18,v1_point_all_now,40,0,398696907.68217564,70433.19999999998,40,503849152.1003027,bengaluru,sigma=0.5
18,robust_all_now,40,0,879168226.676436,83153.1,40,23377833.106042385,bengaluru,sigma=0.5
18,staged_no_learning,40,0,879168226.676436,83153.1,40,23377833.106042385,bengaluru,sigma=0.5
18,staged_point_learning,40,0,879168226.676436,83153.1,40,23377833.106042385,bengaluru,sigma=0.5
18,staged_robust_learning,40,0,879168226.676436,83153.1,40,23377833.106042385,bengaluru,sigma=0.5
18,oracle_all_now,40,0,902546059.7824783,83772.0,40,0.0,bengaluru,sigma=0.5
19,v1_point_all_now,40,0,1467098713.7824779,83772.0,40,0.0,bengaluru,sigma=0.5
19,robust_all_now,40,0,1467098713.7824779,83772.0,40,0.0,bengaluru,sigma=0.5
19,staged_no_learning,40,0,1467098713.7824779,83772.0,40,0.0,bengaluru,sigma=0.5
19,staged_point_learning,40,0,1467098713.7824779,83772.0,40,0.0,bengaluru,sigma=0.5
19,staged_robust_learning,40,0,1467098713.7824779,83772.0,40,0.0,bengaluru,sigma=0.5
19,oracle_all_now,40,0,1467098713.7824779,83772.0,40,0.0,bengaluru,sigma=0.5
20,v1_point_all_now,40,0,1196330521.3166175,77194.80000000002,40,270768192.46586037,bengaluru,sigma=0.5
20,robust_all_now,40,0,1463570641.944261,83686.30000000002,40,3528071.8382167816,bengaluru,sigma=0.5
20,staged_no_learning,40,0,1463570641.944261,83686.30000000002,40,3528071.8382167816,bengaluru,sigma=0.5
20,staged_point_learning,40,0,1463570641.944261,83686.30000000002,40,3528071.8382167816,bengaluru,sigma=0.5
20,staged_robust_learning,40,0,1463570641.944261,83686.30000000002,40,3528071.8382167816,bengaluru,sigma=0.5
20,oracle_all_now,40,0,1467098713.7824779,83772.0,40,0.0,bengaluru,sigma=0.5
21,v1_point_all_now,40,0,2532862133.129608,83727.1,40,2679326.652870178,bengaluru,sigma=0.5
21,robust_all_now,40,0,2535541459.7824783,83772.0,40,0.0,bengaluru,sigma=0.5
21,staged_no_learning,40,0,2535541459.7824783,83772.0,40,0.0,bengaluru,sigma=0.5
21,staged_point_learning,40,0,2535541459.7824783,83772.0,40,0.0,bengaluru,sigma=0.5
21,staged_robust_learning,40,0,2535541459.7824783,83772.0,40,0.0,bengaluru,sigma=0.5
21,oracle_all_now,40,0,2535541459.7824783,83772.0,40,0.0,bengaluru,sigma=0.5
22,v1_point_all_now,40,0,797533764.8425994,80230.1,40,133788894.93987894,bengaluru,sigma=0.5
22,robust_all_now,40,0,931322659.7824783,83772.0,40,0.0,bengaluru,sigma=0.5
22,staged_no_learning,40,0,931322659.7824783,83772.0,40,0.0,bengaluru,sigma=0.5
22,staged_point_learning,40,0,931322659.7824783,83772.0,40,0.0,bengaluru,sigma=0.5
22,staged_robust_learning,40,0,931322659.7824783,83772.0,40,0.0,bengaluru,sigma=0.5
22,oracle_all_now,40,0,931322659.7824783,83772.0,40,0.0,bengaluru,sigma=0.5
23,v1_point_all_now,40,0,-1083842784.9882174,36589.09999999999,40,2140225009.9734154,bengaluru,sigma=0.5
23,robust_all_now,40,0,622424168.5719042,71608.7,40,433958056.41329384,bengaluru,sigma=0.5
23,staged_no_learning,40,0,622424168.5719042,71608.7,40,433958056.41329384,bengaluru,sigma=0.5
23,staged_point_learning,40,0,622424168.5719042,71608.7,40,433958056.41329384,bengaluru,sigma=0.5
23,staged_robust_learning,40,0,622424168.5719042,71608.7,40,433958056.41329384,bengaluru,sigma=0.5
23,oracle_all_now,36,0,1056382224.985198,74631.90000000001,36,0.0,bengaluru,sigma=0.5
24,v1_point_all_now,40,0,200742163.78247738,83771.99999999999,40,0.0,bengaluru,sigma=0.5
24,robust_all_now,40,0,200742163.78247738,83771.99999999999,40,0.0,bengaluru,sigma=0.5
24,staged_no_learning,40,0,200742163.78247738,83771.99999999999,40,0.0,bengaluru,sigma=0.5
24,staged_point_learning,40,0,200742163.78247738,83771.99999999999,40,0.0,bengaluru,sigma=0.5
24,staged_robust_learning,40,0,200742163.78247738,83771.99999999999,40,0.0,bengaluru,sigma=0.5
24,oracle_all_now,40,0,200742163.78247738,83771.99999999999,40,0.0,bengaluru,sigma=0.5
25,v1_point_all_now,40,0,895075980.2362542,68854.2,40,654968983.5462232,bengaluru,sigma=0.5
25,robust_all_now,40,0,1401478550.06707,80388.2,40,148566413.71540737,bengaluru,sigma=0.5
25,staged_no_learning,40,0,1401478550.06707,80388.2,40,148566413.71540737,bengaluru,sigma=0.5
25,staged_point_learning,40,0,1401478550.06707,80388.2,40,148566413.71540737,bengaluru,sigma=0.5
25,staged_robust_learning,40,0,1401478550.06707,80388.2,40,148566413.71540737,bengaluru,sigma=0.5
25,oracle_all_now,40,0,1550044963.7824774,83771.99999999999,40,0.0,bengaluru,sigma=0.5
26,v1_point_all_now,40,0,433613061.4619341,78973.4,40,145002652.32054377,bengaluru,sigma=0.5
26,robust_all_now,40,0,578615713.7824779,83772.0,40,0.0,bengaluru,sigma=0.5
26,staged_no_learning,40,0,578615713.7824779,83772.0,40,0.0,bengaluru,sigma=0.5
26,staged_point_learning,40,0,578615713.7824779,83772.0,40,0.0,bengaluru,sigma=0.5
26,staged_robust_learning,40,0,578615713.7824779,83772.0,40,0.0,bengaluru,sigma=0.5
26,oracle_all_now,40,0,578615713.7824779,83772.0,40,0.0,bengaluru,sigma=0.5
27,v1_point_all_now,40,0,973259049.6413894,64410.29999999999,40,1062089914.141088,bengaluru,sigma=0.5
27,robust_all_now,40,0,1981557955.2549858,82791.4,40,53791008.52749157,bengaluru,sigma=0.5
27,staged_no_learning,40,0,1981557955.2549858,82791.4,40,53791008.52749157,bengaluru,sigma=0.5
27,staged_point_learning,40,0,1981557955.2549858,82791.4,40,53791008.52749157,bengaluru,sigma=0.5
27,staged_robust_learning,40,0,1981557955.2549858,82791.4,40,53791008.52749157,bengaluru,sigma=0.5
27,oracle_all_now,40,0,2035348963.7824774,83772.0,40,0.0,bengaluru,sigma=0.5
28,v1_point_all_now,40,0,750279792.3821769,75166.50000000001,40,325057267.40030193,bengaluru,sigma=0.5
28,robust_all_now,40,0,1075337059.7824788,83772.00000000001,40,0.0,bengaluru,sigma=0.5
28,staged_no_learning,40,0,1075337059.7824788,83772.00000000001,40,0.0,bengaluru,sigma=0.5
28,staged_point_learning,40,0,1075337059.7824788,83772.00000000001,40,0.0,bengaluru,sigma=0.5
28,staged_robust_learning,40,0,1075337059.7824788,83772.00000000001,40,0.0,bengaluru,sigma=0.5
28,oracle_all_now,40,0,1075337059.7824788,83772.00000000001,40,0.0,bengaluru,sigma=0.5
29,v1_point_all_now,40,0,422598361.1870098,78269.90000000001,40,181322802.59546852,bengaluru,sigma=0.5
29,robust_all_now,40,0,552191387.290937,82202.3,40,51729776.491541386,bengaluru,sigma=0.5
29,staged_no_learning,40,0,552191387.290937,82202.3,40,51729776.491541386,bengaluru,sigma=0.5
29,staged_point_learning,40,0,552191387.290937,82202.3,40,51729776.491541386,bengaluru,sigma=0.5
29,staged_robust_learning,40,0,552191387.290937,82202.3,40,51729776.491541386,bengaluru,sigma=0.5
29,oracle_all_now,40,0,603921163.7824783,83772.00000000001,40,0.0,bengaluru,sigma=0.5
30,v1_point_all_now,40,0,886024870.3510585,69657.20000000001,40,581073843.4314194,bengaluru,sigma=0.5
30,robust_all_now,40,0,1251104145.36269,78525.30000000002,40,215994568.41978788,bengaluru,sigma=0.5
30,staged_no_learning,40,0,1251104145.36269,78525.30000000002,40,215994568.41978788,bengaluru,sigma=0.5
30,staged_point_learning,40,0,1251104145.36269,78525.30000000002,40,215994568.41978788,bengaluru,sigma=0.5
30,staged_robust_learning,40,0,1251104145.36269,78525.30000000002,40,215994568.41978788,bengaluru,sigma=0.5
30,oracle_all_now,40,0,1467098713.7824779,83772.0,40,0.0,bengaluru,sigma=0.5
31,v1_point_all_now,40,0,2438527963.7824774,83772.0,40,0.0,bengaluru,sigma=0.5
31,robust_all_now,40,0,2438527963.7824774,83772.0,40,0.0,bengaluru,sigma=0.5
31,staged_no_learning,40,0,2438527963.7824774,83772.0,40,0.0,bengaluru,sigma=0.5
31,staged_point_learning,40,0,2438527963.7824774,83772.0,40,0.0,bengaluru,sigma=0.5
31,staged_robust_learning,40,0,2438527963.7824774,83772.0,40,0.0,bengaluru,sigma=0.5
31,oracle_all_now,40,0,2438527963.7824774,83772.0,40,0.0,bengaluru,sigma=0.5
32,v1_point_all_now,40,0,1409501713.7824779,83772.0,40,0.0,bengaluru,sigma=0.5
32,robust_all_now,40,0,1402729627.2318735,83607.5,40,6772086.550604343,bengaluru,sigma=0.5
32,staged_no_learning,40,0,1402729627.2318735,83607.5,40,6772086.550604343,bengaluru,sigma=0.5
32,staged_point_learning,40,0,1402729627.2318735,83607.5,40,6772086.550604343,bengaluru,sigma=0.5
32,staged_robust_learning,40,0,1402729627.2318735,83607.5,40,6772086.550604343,bengaluru,sigma=0.5
32,oracle_all_now,40,0,1409501713.7824779,83772.0,40,0.0,bengaluru,sigma=0.5
33,v1_point_all_now,40,0,207094854.3830824,69935.2,40,522660205.3993964,bengaluru,sigma=0.5
33,robust_all_now,40,0,712862885.0126901,83324.8,40,16892174.769788742,bengaluru,sigma=0.5
33,staged_no_learning,40,0,712862885.0126901,83324.8,40,16892174.769788742,bengaluru,sigma=0.5
33,staged_point_learning,40,0,712862885.0126901,83324.8,40,16892174.769788742,bengaluru,sigma=0.5
33,staged_robust_learning,40,0,712862885.0126901,83324.8,40,16892174.769788742,bengaluru,sigma=0.5
33,oracle_all_now,40,0,729755059.7824788,83772.00000000001,40,0.0,bengaluru,sigma=0.5
34,v1_point_all_now,40,0,2088382051.8830833,72417.70000000001,40,677547407.899395,bengaluru,sigma=0.5
34,robust_all_now,40,0,2628096303.8181286,81462.20000000001,40,137833155.96434975,bengaluru,sigma=0.5
34,staged_no_learning,40,0,2628096303.8181286,81462.20000000001,40,137833155.96434975,bengaluru,sigma=0.5
34,staged_point_learning,40,0,2628096303.8181286,81462.20000000001,40,137833155.96434975,bengaluru,sigma=0.5
34,staged_robust_learning,40,0,2628096303.8181286,81462.20000000001,40,137833155.96434975,bengaluru,sigma=0.5
34,oracle_all_now,40,0,2765929459.7824783,83772.0,40,0.0,bengaluru,sigma=0.5
35,v1_point_all_now,40,0,578615713.7824783,83772.00000000001,40,0.0,bengaluru,sigma=0.5
35,robust_all_now,40,0,578615713.7824783,83772.00000000001,40,0.0,bengaluru,sigma=0.5
35,staged_no_learning,40,0,578615713.7824783,83772.00000000001,40,0.0,bengaluru,sigma=0.5
35,staged_point_learning,40,0,578615713.7824783,83772.00000000001,40,0.0,bengaluru,sigma=0.5
35,staged_robust_learning,40,0,578615713.7824783,83772.00000000001,40,0.0,bengaluru,sigma=0.5
35,oracle_all_now,40,0,578615713.7824783,83772.00000000001,40,0.0,bengaluru,sigma=0.5
36,v1_point_all_now,40,0,2208139963.7824774,83771.99999999999,40,0.0,bengaluru,sigma=0.5
36,robust_all_now,40,0,2208139963.7824774,83771.99999999999,40,0.0,bengaluru,sigma=0.5
36,staged_no_learning,40,0,2208139963.7824774,83771.99999999999,40,0.0,bengaluru,sigma=0.5
36,staged_point_learning,40,0,2208139963.7824774,83771.99999999999,40,0.0,bengaluru,sigma=0.5
36,staged_robust_learning,40,0,2208139963.7824774,83771.99999999999,40,0.0,bengaluru,sigma=0.5
36,oracle_all_now,40,0,2208139963.7824774,83771.99999999999,40,0.0,bengaluru,sigma=0.5
37,v1_point_all_now,40,0,2126718658.9492464,80781.80000000002,40,178434800.83323193,bengaluru,sigma=0.5
37,robust_all_now,40,0,2305153459.7824783,83772.0,40,0.0,bengaluru,sigma=0.5
37,staged_no_learning,40,0,2305153459.7824783,83772.0,40,0.0,bengaluru,sigma=0.5
37,staged_point_learning,40,0,2305153459.7824783,83772.0,40,0.0,bengaluru,sigma=0.5
37,staged_robust_learning,40,0,2305153459.7824783,83772.0,40,0.0,bengaluru,sigma=0.5
37,oracle_all_now,40,0,2305153459.7824783,83772.0,40,0.0,bengaluru,sigma=0.5
38,v1_point_all_now,40,0,-441503444.56978846,52049.399999999994,40,1045424608.3522663,bengaluru,sigma=0.5
38,robust_all_now,40,0,283543897.33655643,74050.4,40,320377266.4459214,bengaluru,sigma=0.5
38,staged_no_learning,40,0,283543897.33655643,74050.4,40,320377266.4459214,bengaluru,sigma=0.5
38,staged_point_learning,40,0,283543897.33655643,74050.4,40,320377266.4459214,bengaluru,sigma=0.5
38,staged_robust_learning,40,0,283543897.33655643,74050.4,40,320377266.4459214,bengaluru,sigma=0.5
38,oracle_all_now,40,0,603921163.7824779,83772.0,40,0.0,bengaluru,sigma=0.5
39,v1_point_all_now,40,0,-212539174.15589094,71886.4,40,359155487.9383688,bengaluru,sigma=0.5
39,robust_all_now,40,0,96152755.7915411,82102.0,40,50463557.990936756,bengaluru,sigma=0.5
39,staged_no_learning,40,0,96152755.7915411,82102.0,40,50463557.990936756,bengaluru,sigma=0.5
39,staged_point_learning,40,0,96152755.7915411,82102.0,40,50463557.990936756,bengaluru,sigma=0.5
39,staged_robust_learning,40,0,96152755.7915411,82102.0,40,50463557.990936756,bengaluru,sigma=0.5
39,oracle_all_now,40,0,146616313.78247786,83772.0,40,0.0,bengaluru,sigma=0.5
40,v1_point_all_now,40,0,189289900.1842909,79466.00000000001,40,130117413.59818745,bengaluru,sigma=0.5
40,robust_all_now,40,0,301334107.7738681,83173.90000000001,40,18073206.00861025,bengaluru,sigma=0.5
40,staged_no_learning,40,0,301334107.7738681,83173.90000000001,40,18073206.00861025,bengaluru,sigma=0.5
40,staged_point_learning,40,0,301334107.7738681,83173.90000000001,40,18073206.00861025,bengaluru,sigma=0.5
40,staged_robust_learning,40,0,301334107.7738681,83173.90000000001,40,18073206.00861025,bengaluru,sigma=0.5
40,oracle_all_now,40,0,319407313.78247833,83772.00000000001,40,0.0,bengaluru,sigma=0.5
41,v1_point_all_now,40,0,1992640459.7824783,83772.0,40,0.0,bengaluru,sigma=0.5
41,robust_all_now,40,0,1992640459.7824783,83772.0,40,0.0,bengaluru,sigma=0.5
41,staged_no_learning,40,0,1992640459.7824783,83772.0,40,0.0,bengaluru,sigma=0.5
41,staged_point_learning,40,0,1992640459.7824783,83772.0,40,0.0,bengaluru,sigma=0.5
41,staged_robust_learning,40,0,1992640459.7824783,83772.0,40,0.0,bengaluru,sigma=0.5
41,oracle_all_now,40,0,1992640459.7824783,83772.0,40,0.0,bengaluru,sigma=0.5
42,v1_point_all_now,40,0,2025137466.7166162,81299.19999999998,40,128876647.06586123,bengaluru,sigma=0.5
42,robust_all_now,40,0,2154014113.7824774,83772.0,40,0.0,bengaluru,sigma=0.5
42,staged_no_learning,40,0,2154014113.7824774,83772.0,40,0.0,bengaluru,sigma=0.5
42,staged_point_learning,40,0,2154014113.7824774,83772.0,40,0.0,bengaluru,sigma=0.5
42,staged_robust_learning,40,0,2154014113.7824774,83772.0,40,0.0,bengaluru,sigma=0.5
42,oracle_all_now,40,0,2154014113.7824774,83772.0,40,0.0,bengaluru,sigma=0.5
43,v1_point_all_now,40,0,1463627563.7824783,83772.00000000001,40,0.0,bengaluru,sigma=0.5
43,robust_all_now,40,0,1463627563.7824783,83772.00000000001,40,0.0,bengaluru,sigma=0.5
43,staged_no_learning,40,0,1463627563.7824783,83772.00000000001,40,0.0,bengaluru,sigma=0.5
43,staged_point_learning,40,0,1463627563.7824783,83772.00000000001,40,0.0,bengaluru,sigma=0.5
43,staged_robust_learning,40,0,1463627563.7824783,83772.00000000001,40,0.0,bengaluru,sigma=0.5
43,oracle_all_now,40,0,1463627563.7824783,83772.00000000001,40,0.0,bengaluru,sigma=0.5
44,v1_point_all_now,40,0,642619448.7531719,81933.79999999999,40,75674465.02930593,bengaluru,sigma=0.5
44,robust_all_now,40,0,693893818.350604,83179.29999999999,40,24400095.4318738,bengaluru,sigma=0.5
44,staged_no_learning,40,0,693893818.350604,83179.29999999999,40,24400095.4318738,bengaluru,sigma=0.5
44,staged_point_learning,40,0,693893818.350604,83179.29999999999,40,24400095.4318738,bengaluru,sigma=0.5
44,staged_robust_learning,40,0,693893818.350604,83179.29999999999,40,24400095.4318738,bengaluru,sigma=0.5
44,oracle_all_now,40,0,718293913.7824779,83772.0,40,0.0,bengaluru,sigma=0.5
45,v1_point_all_now,40,0,368279981.20755386,65260.70000000001,40,610043582.574924,bengaluru,sigma=0.5
45,robust_all_now,40,0,959736831.3232632,83208.0,40,18586732.459214687,bengaluru,sigma=0.5
45,staged_no_learning,40,0,959736831.3232632,83208.0,40,18586732.459214687,bengaluru,sigma=0.5
45,staged_point_learning,40,0,959736831.3232632,83208.0,40,18586732.459214687,bengaluru,sigma=0.5
45,staged_robust_learning,40,0,959736831.3232632,83208.0,40,18586732.459214687,bengaluru,sigma=0.5
45,oracle_all_now,40,0,978323563.7824779,83772.0,40,0.0,bengaluru,sigma=0.5
46,v1_point_all_now,40,0,1786736659.7824783,83772.0,40,0.0,bengaluru,sigma=0.5
46,robust_all_now,40,0,1756016896.7335348,83257.19999999998,40,30719763.04894352,bengaluru,sigma=0.5
46,staged_no_learning,40,0,1756016896.7335348,83257.19999999998,40,30719763.04894352,bengaluru,sigma=0.5
46,staged_point_learning,40,0,1756016896.7335348,83257.19999999998,40,30719763.04894352,bengaluru,sigma=0.5
46,staged_robust_learning,40,0,1756016896.7335348,83257.19999999998,40,30719763.04894352,bengaluru,sigma=0.5
46,oracle_all_now,40,0,1786736659.7824783,83772.0,40,0.0,bengaluru,sigma=0.5
47,v1_point_all_now,40,0,-765178393.894561,55632.100000000006,40,1062934053.6770394,bengaluru,sigma=0.5
47,robust_all_now,40,0,129068105.92084646,79306.19999999998,40,168687553.86163187,bengaluru,sigma=0.5
47,staged_no_learning,40,0,129068105.92084646,79306.19999999998,40,168687553.86163187,bengaluru,sigma=0.5
47,staged_point_learning,40,0,129068105.92084646,79306.19999999998,40,168687553.86163187,bengaluru,sigma=0.5
47,staged_robust_learning,40,0,129068105.92084646,79306.19999999998,40,168687553.86163187,bengaluru,sigma=0.5
47,oracle_all_now,40,0,297755659.78247833,83772.0,40,0.0,bengaluru,sigma=0.5
48,v1_point_all_now,40,0,2145729014.0253797,74234.40000000002,40,523186949.7570977,bengaluru,sigma=0.5
48,robust_all_now,40,0,2649519165.2761345,83418.40000000002,40,19396798.506342888,bengaluru,sigma=0.5
48,staged_no_learning,40,0,2649519165.2761345,83418.40000000002,40,19396798.506342888,bengaluru,sigma=0.5
48,staged_point_learning,40,0,2649519165.2761345,83418.40000000002,40,19396798.506342888,bengaluru,sigma=0.5
48,staged_robust_learning,40,0,2649519165.2761345,83418.40000000002,40,19396798.506342888,bengaluru,sigma=0.5
48,oracle_all_now,40,0,2668915963.7824774,83772.0,40,0.0,bengaluru,sigma=0.5
49,v1_point_all_now,40,0,1215059059.7824783,83772.0,40,0.0,bengaluru,sigma=0.5
49,robust_all_now,40,0,1215059059.7824783,83772.0,40,0.0,bengaluru,sigma=0.5
49,staged_no_learning,40,0,1215059059.7824783,83772.0,40,0.0,bengaluru,sigma=0.5
49,staged_point_learning,40,0,1215059059.7824783,83772.0,40,0.0,bengaluru,sigma=0.5
49,staged_robust_learning,40,0,1215059059.7824783,83772.0,40,0.0,bengaluru,sigma=0.5
49,oracle_all_now,40,0,1215059059.7824783,83772.0,40,0.0,bengaluru,sigma=0.5
50,v1_point_all_now,40,0,475280247.158762,80352.3,40,103335466.6237154,bengaluru,sigma=0.5
50,robust_all_now,40,0,431259102.67900324,78895.49999999999,40,147356611.10347414,bengaluru,sigma=0.5
50,staged_no_learning,40,0,431259102.67900324,78895.49999999999,40,147356611.10347414,bengaluru,sigma=0.5
50,staged_point_learning,40,0,431259102.67900324,78895.49999999999,40,147356611.10347414,bengaluru,sigma=0.5
50,staged_robust_learning,40,0,431259102.67900324,78895.49999999999,40,147356611.10347414,bengaluru,sigma=0.5
50,oracle_all_now,40,0,578615713.7824774,83771.99999999999,40,0.0,bengaluru,sigma=0.5
51,v1_point_all_now,40,0,-129948602.84984922,51652.29999999999,40,1916685262.6323276,bengaluru,sigma=0.5
51,robust_all_now,40,0,1706124134.7187319,82421.1,40,80612525.06374645,bengaluru,sigma=0.5
51,staged_no_learning,40,0,1706124134.7187319,82421.1,40,80612525.06374645,bengaluru,sigma=0.5
51,staged_point_learning,40,0,1706124134.7187319,82421.1,40,80612525.06374645,bengaluru,sigma=0.5
51,staged_robust_learning,40,0,1706124134.7187319,82421.1,40,80612525.06374645,bengaluru,sigma=0.5
51,oracle_all_now,40,0,1786736659.7824783,83772.0,40,0.0,bengaluru,sigma=0.5
52,v1_point_all_now,40,0,108757015.56223631,50076.600000000006,40,1387162098.2202415,bengaluru,sigma=0.5
52,robust_all_now,40,0,1299685041.0726585,79005.29999999999,40,196234072.70981932,bengaluru,sigma=0.5
52,staged_no_learning,40,0,1299685041.0726585,79005.29999999999,40,196234072.70981932,bengaluru,sigma=0.5
52,staged_point_learning,40,0,1299685041.0726585,79005.29999999999,40,196234072.70981932,bengaluru,sigma=0.5
52,staged_robust_learning,40,0,1299685041.0726585,79005.29999999999,40,196234072.70981932,bengaluru,sigma=0.5
52,oracle_all_now,40,0,1495919113.7824779,83772.0,40,0.0,bengaluru,sigma=0.5
53,v1_point_all_now,40,0,1618238059.7824788,83772.00000000001,40,0.0,bengaluru,sigma=0.5
53,robust_all_now,40,0,1608931928.697887,83581.00000000001,40,9306131.084591866,bengaluru,sigma=0.5
53,staged_no_learning,40,0,1608931928.697887,83581.00000000001,40,9306131.084591866,bengaluru,sigma=0.5
53,staged_point_learning,40,0,1608931928.697887,83581.00000000001,40,9306131.084591866,bengaluru,sigma=0.5
53,staged_robust_learning,40,0,1608931928.697887,83581.00000000001,40,9306131.084591866,bengaluru,sigma=0.5
53,oracle_all_now,40,0,1618238059.7824788,83772.00000000001,40,0.0,bengaluru,sigma=0.5
54,v1_point_all_now,40,0,2909943859.7824783,83772.0,40,0.0,bengaluru,sigma=0.5
54,robust_all_now,40,0,2902979997.4129915,83655.29999999999,40,6963862.369486809,bengaluru,sigma=0.5
54,staged_no_learning,40,0,2902979997.4129915,83655.29999999999,40,6963862.369486809,bengaluru,sigma=0.5
54,staged_point_learning,40,0,2902979997.4129915,83655.29999999999,40,6963862.369486809,bengaluru,sigma=0.5
54,staged_robust_learning,40,0,2902979997.4129915,83655.29999999999,40,6963862.369486809,bengaluru,sigma=0.5
54,oracle_all_now,40,0,2909943859.7824783,83772.0,40,0.0,bengaluru,sigma=0.5
55,v1_point_all_now,40,0,647426013.2480373,55991.90000000001,40,1657727446.53444,bengaluru,sigma=0.5
55,robust_all_now,40,0,2305153459.7824774,83771.99999999999,40,0.0,bengaluru,sigma=0.5
55,staged_no_learning,40,0,2305153459.7824774,83771.99999999999,40,0.0,bengaluru,sigma=0.5
55,staged_point_learning,40,0,2305153459.7824774,83771.99999999999,40,0.0,bengaluru,sigma=0.5
55,staged_robust_learning,40,0,2305153459.7824774,83771.99999999999,40,0.0,bengaluru,sigma=0.5
55,oracle_all_now,40,0,2305153459.7824774,83771.99999999999,40,0.0,bengaluru,sigma=0.5
56,v1_point_all_now,40,0,2213796315.631421,72106.0,40,696147544.1510572,bengaluru,sigma=0.5
56,robust_all_now,40,0,2861196823.1960735,82955.1,40,48747036.5864048,bengaluru,sigma=0.5
56,staged_no_learning,40,0,2861196823.1960735,82955.1,40,48747036.5864048,bengaluru,sigma=0.5
56,staged_point_learning,40,0,2861196823.1960735,82955.1,40,48747036.5864048,bengaluru,sigma=0.5
56,staged_robust_learning,40,0,2861196823.1960735,82955.1,40,48747036.5864048,bengaluru,sigma=0.5
56,oracle_all_now,40,0,2909943859.7824783,83772.0,40,0.0,bengaluru,sigma=0.5
57,v1_point_all_now,40,0,2477944459.7824793,83772.00000000001,40,0.0,bengaluru,sigma=0.5
57,robust_all_now,40,0,2441352853.9129915,83158.8,40,36591605.86948776,bengaluru,sigma=0.5
57,staged_no_learning,40,0,2441352853.9129915,83158.8,40,36591605.86948776,bengaluru,sigma=0.5
57,staged_point_learning,40,0,2441352853.9129915,83158.8,40,36591605.86948776,bengaluru,sigma=0.5
57,staged_robust_learning,40,0,2441352853.9129915,83158.8,40,36591605.86948776,bengaluru,sigma=0.5
57,oracle_all_now,40,0,2477944459.7824793,83772.00000000001,40,0.0,bengaluru,sigma=0.5
58,v1_point_all_now,40,0,805532563.7824779,83772.0,40,0.0,bengaluru,sigma=0.5
58,robust_all_now,40,0,805532563.7824779,83772.0,40,0.0,bengaluru,sigma=0.5
58,staged_no_learning,40,0,805532563.7824779,83772.0,40,0.0,bengaluru,sigma=0.5
58,staged_point_learning,40,0,805532563.7824779,83772.0,40,0.0,bengaluru,sigma=0.5
58,staged_robust_learning,40,0,805532563.7824779,83772.0,40,0.0,bengaluru,sigma=0.5
58,oracle_all_now,40,0,805532563.7824779,83772.0,40,0.0,bengaluru,sigma=0.5
59,v1_point_all_now,40,0,470546659.78247833,83772.0,40,0.0,bengaluru,sigma=0.5
59,robust_all_now,40,0,470546659.78247833,83772.0,40,0.0,bengaluru,sigma=0.5
59,staged_no_learning,40,0,470546659.78247833,83772.0,40,0.0,bengaluru,sigma=0.5
59,staged_point_learning,40,0,470546659.78247833,83772.0,40,0.0,bengaluru,sigma=0.5
59,staged_robust_learning,40,0,470546659.78247833,83772.0,40,0.0,bengaluru,sigma=0.5
59,oracle_all_now,40,0,470546659.78247833,83772.0,40,0.0,bengaluru,sigma=0.5
60,v1_point_all_now,40,0,334983575.5773425,73320.9,40,394771484.2051358,bengaluru,sigma=0.5
60,robust_all_now,40,0,699933118.8595176,82982.5,40,29821940.92296076,bengaluru,sigma=0.5
60,staged_no_learning,40,0,699933118.8595176,82982.5,40,29821940.92296076,bengaluru,sigma=0.5
60,staged_point_learning,40,0,699933118.8595176,82982.5,40,29821940.92296076,bengaluru,sigma=0.5
60,staged_robust_learning,40,0,699933118.8595176,82982.5,40,29821940.92296076,bengaluru,sigma=0.5
60,oracle_all_now,40,0,729755059.7824783,83772.0,40,0.0,bengaluru,sigma=0.5
61,v1_point_all_now,40,0,339334289.4549856,56377.600000000006,40,1127764424.3274922,bengaluru,sigma=0.5
61,robust_all_now,40,0,1300933528.7113295,79735.69999999998,40,166165185.0711484,bengaluru,sigma=0.5
61,staged_no_learning,40,0,1300933528.7113295,79735.69999999998,40,166165185.0711484,bengaluru,sigma=0.5
61,staged_point_learning,40,0,1300933528.7113295,79735.69999999998,40,166165185.0711484,bengaluru,sigma=0.5
61,staged_robust_learning,40,0,1300933528.7113295,79735.69999999998,40,166165185.0711484,bengaluru,sigma=0.5
61,oracle_all_now,40,0,1467098713.7824779,83772.0,40,0.0,bengaluru,sigma=0.5
62,v1_point_all_now,40,0,1786337519.8438063,71357.29999999999,40,681010843.9386711,bengaluru,sigma=0.5
62,robust_all_now,40,0,2467348363.7824774,83772.0,40,0.0,bengaluru,sigma=0.5
62,staged_no_learning,40,0,2467348363.7824774,83772.0,40,0.0,bengaluru,sigma=0.5
62,staged_point_learning,40,0,2467348363.7824774,83772.0,40,0.0,bengaluru,sigma=0.5
62,staged_robust_learning,40,0,2467348363.7824774,83772.0,40,0.0,bengaluru,sigma=0.5
62,oracle_all_now,40,0,2467348363.7824774,83772.0,40,0.0,bengaluru,sigma=0.5
63,v1_point_all_now,40,0,2045345740.4788537,71696.50000000001,40,720583719.3036256,bengaluru,sigma=0.5
63,robust_all_now,40,0,2718137194.386405,82971.09999999999,40,47792265.396074295,bengaluru,sigma=0.5
63,staged_no_learning,40,0,2718137194.386405,82971.09999999999,40,47792265.396074295,bengaluru,sigma=0.5
63,staged_point_learning,40,0,2718137194.386405,82971.09999999999,40,47792265.396074295,bengaluru,sigma=0.5
63,staged_robust_learning,40,0,2718137194.386405,82971.09999999999,40,47792265.396074295,bengaluru,sigma=0.5
63,oracle_all_now,40,0,2765929459.7824793,83772.00000000001,40,0.0,bengaluru,sigma=0.5
64,v1_point_all_now,40,0,978323563.7824779,83772.0,40,0.0,bengaluru,sigma=0.5
64,robust_all_now,40,0,961186860.0966773,83252.0,40,17136703.685800552,bengaluru,sigma=0.5
64,staged_no_learning,40,0,961186860.0966773,83252.0,40,17136703.685800552,bengaluru,sigma=0.5
64,staged_point_learning,40,0,961186860.0966773,83252.0,40,17136703.685800552,bengaluru,sigma=0.5
64,staged_robust_learning,40,0,961186860.0966773,83252.0,40,17136703.685800552,bengaluru,sigma=0.5
64,oracle_all_now,40,0,978323563.7824779,83772.0,40,0.0,bengaluru,sigma=0.5
65,v1_point_all_now,40,0,219520211.13504624,60746.70000000001,40,758803352.6474316,bengaluru,sigma=0.5
65,robust_all_now,40,0,978323563.7824779,83772.0,40,0.0,bengaluru,sigma=0.5
65,staged_no_learning,40,0,978323563.7824779,83772.0,40,0.0,bengaluru,sigma=0.5
65,staged_point_learning,40,0,978323563.7824779,83772.0,40,0.0,bengaluru,sigma=0.5
65,staged_robust_learning,40,0,978323563.7824779,83772.0,40,0.0,bengaluru,sigma=0.5
65,oracle_all_now,40,0,978323563.7824779,83772.0,40,0.0,bengaluru,sigma=0.5
66,v1_point_all_now,40,0,1618238059.7824779,83771.99999999999,40,0.0,bengaluru,sigma=0.5
66,robust_all_now,40,0,1578104760.4401822,82948.3,40,40133299.34229565,bengaluru,sigma=0.5
66,staged_no_learning,40,0,1578104760.4401822,82948.3,40,40133299.34229565,bengaluru,sigma=0.5
66,staged_point_learning,40,0,1578104760.4401822,82948.3,40,40133299.34229565,bengaluru,sigma=0.5
66,staged_robust_learning,40,0,1578104760.4401822,82948.3,40,40133299.34229565,bengaluru,sigma=0.5
66,oracle_all_now,40,0,1618238059.7824779,83771.99999999999,40,0.0,bengaluru,sigma=0.5
67,v1_point_all_now,40,0,2154014113.7824774,83772.0,40,0.0,bengaluru,sigma=0.5
67,robust_all_now,40,0,2154014113.7824774,83772.0,40,0.0,bengaluru,sigma=0.5
67,staged_no_learning,40,0,2154014113.7824774,83772.0,40,0.0,bengaluru,sigma=0.5
67,staged_point_learning,40,0,2154014113.7824774,83772.0,40,0.0,bengaluru,sigma=0.5
67,staged_robust_learning,40,0,2154014113.7824774,83772.0,40,0.0,bengaluru,sigma=0.5
67,oracle_all_now,40,0,2154014113.7824774,83772.0,40,0.0,bengaluru,sigma=0.5
68,v1_point_all_now,40,0,199485022.40181303,58915.0,40,1091351541.3806648,bengaluru,sigma=0.5
68,robust_all_now,40,0,1218234926.0616322,82118.4,40,72601637.7208457,bengaluru,sigma=0.5
68,staged_no_learning,40,0,1218234926.0616322,82118.4,40,72601637.7208457,bengaluru,sigma=0.5
68,staged_point_learning,40,0,1218234926.0616322,82118.4,40,72601637.7208457,bengaluru,sigma=0.5
68,staged_robust_learning,40,0,1218234926.0616322,82118.4,40,72601637.7208457,bengaluru,sigma=0.5
68,oracle_all_now,40,0,1290836563.7824779,83772.0,40,0.0,bengaluru,sigma=0.5
69,v1_point_all_now,40,0,839330107.641995,76060.5,40,375728952.1404834,bengaluru,sigma=0.5
69,robust_all_now,40,0,1215059059.7824783,83772.0,40,0.0,bengaluru,sigma=0.5
69,staged_no_learning,40,0,1215059059.7824783,83772.0,40,0.0,bengaluru,sigma=0.5
69,staged_point_learning,40,0,1215059059.7824783,83772.0,40,0.0,bengaluru,sigma=0.5
69,staged_robust_learning,40,0,1215059059.7824783,83772.0,40,0.0,bengaluru,sigma=0.5
69,oracle_all_now,40,0,1215059059.7824783,83772.0,40,0.0,bengaluru,sigma=0.5
70,v1_point_all_now,40,0,80172657.69894242,40665.09999999999,40,2246632456.083535,bengaluru,sigma=0.5
70,robust_all_now,40,0,1772392662.9200912,73134.3,40,554412450.8623862,bengaluru,sigma=0.5
70,staged_no_learning,40,0,1772392662.9200912,73134.3,40,554412450.8623862,bengaluru,sigma=0.5
70,staged_point_learning,40,0,1772392662.9200912,73134.3,40,554412450.8623862,bengaluru,sigma=0.5
70,staged_robust_learning,40,0,1772392662.9200912,73134.3,40,554412450.8623862,bengaluru,sigma=0.5
70,oracle_all_now,40,0,2326805113.7824774,83771.99999999999,40,0.0,bengaluru,sigma=0.5
71,v1_point_all_now,40,0,478910406.9386711,72987.7,40,355398756.8438072,bengaluru,sigma=0.5
71,robust_all_now,40,0,726661004.9561944,80505.50000000001,40,107648158.82628393,bengaluru,sigma=0.5
71,staged_no_learning,40,0,726661004.9561944,80505.50000000001,40,107648158.82628393,bengaluru,sigma=0.5
71,staged_point_learning,40,0,726661004.9561944,80505.50000000001,40,107648158.82628393,bengaluru,sigma=0.5
71,staged_robust_learning,40,0,726661004.9561944,80505.50000000001,40,107648158.82628393,bengaluru,sigma=0.5
71,oracle_all_now,40,0,834309163.7824783,83772.00000000001,40,0.0,bengaluru,sigma=0.5
72,v1_point_all_now,40,0,-785032274.0164654,39598.29999999999,40,1296142164.4836867,bengaluru,sigma=0.5
72,robust_all_now,40,0,208280918.75136042,72470.20000000001,40,302828971.71586084,bengaluru,sigma=0.5
72,staged_no_learning,40,0,208280918.75136042,72470.20000000001,40,302828971.71586084,bengaluru,sigma=0.5
72,staged_point_learning,40,0,208280918.75136042,72470.20000000001,40,302828971.71586084,bengaluru,sigma=0.5
72,staged_robust_learning,40,0,208280918.75136042,72470.20000000001,40,302828971.71586084,bengaluru,sigma=0.5
72,oracle_all_now,38,0,511109890.46722126,79212.9,38,0.0,bengaluru,sigma=0.5
73,v1_point_all_now,40,0,469962083.38021135,74458.09999999999,40,281444630.402267,bengaluru,sigma=0.5
73,robust_all_now,40,0,751406713.7824783,83772.00000000001,40,0.0,bengaluru,sigma=0.5
73,staged_no_learning,40,0,751406713.7824783,83772.00000000001,40,0.0,bengaluru,sigma=0.5
73,staged_point_learning,40,0,751406713.7824783,83772.00000000001,40,0.0,bengaluru,sigma=0.5
73,staged_robust_learning,40,0,751406713.7824783,83772.00000000001,40,0.0,bengaluru,sigma=0.5
73,oracle_all_now,40,0,751406713.7824783,83772.00000000001,40,0.0,bengaluru,sigma=0.5
74,v1_point_all_now,40,0,-580122041.1891239,41158.399999999994,40,1870958604.9716017,bengaluru,sigma=0.5
74,robust_all_now,40,0,909792119.2664661,75093.20000000001,40,381044444.5160117,bengaluru,sigma=0.5
74,staged_no_learning,40,0,909792119.2664661,75093.20000000001,40,381044444.5160117,bengaluru,sigma=0.5
74,staged_point_learning,40,0,909792119.2664661,75093.20000000001,40,381044444.5160117,bengaluru,sigma=0.5
74,staged_robust_learning,40,0,909792119.2664661,75093.20000000001,40,381044444.5160117,bengaluru,sigma=0.5
74,oracle_all_now,40,0,1290836563.7824779,83772.0,40,0.0,bengaluru,sigma=0.5
75,v1_point_all_now,40,0,1751612563.7824779,83772.0,40,0.0,bengaluru,sigma=0.5
75,robust_all_now,40,0,1751612563.7824779,83772.0,40,0.0,bengaluru,sigma=0.5
75,staged_no_learning,40,0,1751612563.7824779,83772.0,40,0.0,bengaluru,sigma=0.5
75,staged_point_learning,40,0,1751612563.7824779,83772.0,40,0.0,bengaluru,sigma=0.5
75,staged_robust_learning,40,0,1751612563.7824779,83772.0,40,0.0,bengaluru,sigma=0.5
75,oracle_all_now,40,0,1751612563.7824779,83772.0,40,0.0,bengaluru,sigma=0.5
76,v1_point_all_now,40,0,805532563.7824779,83772.0,40,0.0,bengaluru,sigma=0.5
76,robust_all_now,40,0,805532563.7824779,83772.0,40,0.0,bengaluru,sigma=0.5
76,staged_no_learning,40,0,805532563.7824779,83772.0,40,0.0,bengaluru,sigma=0.5
76,staged_point_learning,40,0,805532563.7824779,83772.0,40,0.0,bengaluru,sigma=0.5
76,staged_robust_learning,40,0,805532563.7824779,83772.0,40,0.0,bengaluru,sigma=0.5
76,oracle_all_now,40,0,805532563.7824779,83772.0,40,0.0,bengaluru,sigma=0.5
77,v1_point_all_now,40,0,-801447671.9912384,63835.399999999994,40,801447671.9912384,bengaluru,sigma=0.5
77,robust_all_now,40,0,-199326772.06117773,83761.5,40,199326772.06117773,bengaluru,sigma=0.5
77,staged_no_learning,40,0,-199326772.06117773,83761.5,40,199326772.06117773,bengaluru,sigma=0.5
77,staged_point_learning,40,0,-199326772.06117773,83761.5,40,199326772.06117773,bengaluru,sigma=0.5
77,staged_robust_learning,40,0,-199326772.06117773,83761.5,40,199326772.06117773,bengaluru,sigma=0.5
77,oracle_all_now,0,0,0.0,0.0,0,0.0,bengaluru,sigma=0.5
78,v1_point_all_now,40,0,1075337059.7824783,83772.0,40,0.0,bengaluru,sigma=0.5
78,robust_all_now,40,0,1075337059.7824783,83772.0,40,0.0,bengaluru,sigma=0.5
78,staged_no_learning,40,0,1075337059.7824783,83772.0,40,0.0,bengaluru,sigma=0.5
78,staged_point_learning,40,0,1075337059.7824783,83772.0,40,0.0,bengaluru,sigma=0.5
78,staged_robust_learning,40,0,1075337059.7824783,83772.0,40,0.0,bengaluru,sigma=0.5
78,oracle_all_now,40,0,1075337059.7824783,83772.0,40,0.0,bengaluru,sigma=0.5
79,v1_point_all_now,40,0,460566907.6564965,67496.7,40,614770152.1259823,bengaluru,sigma=0.5
79,robust_all_now,40,0,1065353603.1821761,83507.7,40,9983456.600302696,bengaluru,sigma=0.5
79,staged_no_learning,40,0,1065353603.1821761,83507.7,40,9983456.600302696,bengaluru,sigma=0.5
79,staged_point_learning,40,0,1065353603.1821761,83507.7,40,9983456.600302696,bengaluru,sigma=0.5
79,staged_robust_learning,40,0,1065353603.1821761,83507.7,40,9983456.600302696,bengaluru,sigma=0.5
79,oracle_all_now,40,0,1075337059.7824788,83772.00000000001,40,0.0,bengaluru,sigma=0.5
0,v1_point_all_now,40,0,1467098713.7824779,83772.0,40,0.0,bengaluru,sigma=0.75
0,robust_all_now,40,0,1467098713.7824779,83772.0,40,0.0,bengaluru,sigma=0.75
0,staged_no_learning,31,9,1420967347.4220247,83772.0,40,46131366.36045313,bengaluru,sigma=0.75
0,staged_point_learning,31,9,1420967347.4220247,83772.0,40,46131366.36045313,bengaluru,sigma=0.75
0,staged_robust_learning,31,9,1420967347.4220247,83772.0,40,46131366.36045313,bengaluru,sigma=0.75
0,oracle_all_now,40,0,1467098713.7824779,83772.0,40,0.0,bengaluru,sigma=0.75
1,v1_point_all_now,40,0,-176620230.49154043,45101.3,40,1691250233.3247738,bengaluru,sigma=0.75
1,robust_all_now,40,0,1042916931.0450163,72877.90000000001,40,471713071.78821707,bengaluru,sigma=0.75
1,staged_no_learning,31,9,1016697564.7381277,72877.90000000001,40,497932438.09510565,bengaluru,sigma=0.75
1,staged_point_learning,31,9,1195577130.518188,77321.40000000001,40,319052872.31504536,bengaluru,sigma=0.75
1,staged_robust_learning,31,9,1247552241.8895464,78612.49999999999,40,267077760.94368696,bengaluru,sigma=0.75
1,oracle_all_now,40,0,1514630002.8332334,83621.8,40,0.0,bengaluru,sigma=0.75
2,v1_point_all_now,40,0,2298666939.4728107,79319.5,40,265694920.3096676,bengaluru,sigma=0.75
2,robust_all_now,40,0,2541697978.651965,83392.20000000001,40,22663881.13051319,bengaluru,sigma=0.75
2,staged_no_learning,31,9,2475049294.561512,83392.20000000001,40,89312565.22096634,bengaluru,sigma=0.75
2,staged_point_learning,31,9,2475049294.561512,83392.20000000001,40,89312565.22096634,bengaluru,sigma=0.75
2,staged_robust_learning,31,9,2475049294.561512,83392.20000000001,40,89312565.22096634,bengaluru,sigma=0.75
2,oracle_all_now,40,0,2564361859.7824783,83772.0,40,0.0,bengaluru,sigma=0.75
3,v1_point_all_now,40,0,-1438450584.5604234,29724.499999999985,40,3225187244.3429008,bengaluru,sigma=0.75
3,robust_all_now,40,0,471455802.62054396,61730.59999999999,40,1315280857.1619334,bengaluru,sigma=0.75
3,staged_no_learning,31,9,451711505.0401211,61730.59999999999,40,1335025154.7423563,bengaluru,sigma=0.75
3,staged_point_learning,31,9,808780911.1068287,68256.7,40,977955748.6756487,bengaluru,sigma=0.75
3,staged_robust_learning,31,9,808780911.1068287,68256.7,40,977955748.6756487,bengaluru,sigma=0.75
3,oracle_all_now,40,0,1786736659.7824774,83771.99999999999,40,0.0,bengaluru,sigma=0.75
4,v1_point_all_now,40,0,2326805113.7824774,83771.99999999999,40,0.0,bengaluru,sigma=0.75
4,robust_all_now,40,0,2091884583.756042,79264.49999999999,40,234920530.02643538,bengaluru,sigma=0.75
4,staged_no_learning,31,9,2047154882.403535,79264.49999999999,40,279650231.3789425,bengaluru,sigma=0.75
4,staged_point_learning,31,9,2239978014.227463,83299.59999999999,40,86827099.55501461,bengaluru,sigma=0.75
4,staged_robust_learning,31,9,2239978014.227463,83299.59999999999,40,86827099.55501461,bengaluru,sigma=0.75
4,oracle_all_now,40,0,2326805113.7824774,83771.99999999999,40,0.0,bengaluru,sigma=0.75
5,v1_point_all_now,40,0,17510999.15679741,49522.899999999994,40,1503713564.6256804,bengaluru,sigma=0.75
5,robust_all_now,40,0,929948852.9996982,70304.9,40,591275710.7827797,bengaluru,sigma=0.75
5,staged_no_learning,31,9,905396962.0601811,70304.9,40,615827601.7222967,bengaluru,sigma=0.75
5,staged_point_learning,31,9,1154648839.9680972,76496.5,40,366575723.81438065,bengaluru,sigma=0.75
5,staged_robust_learning,31,9,1154648839.9680972,76496.5,40,366575723.81438065,bengaluru,sigma=0.75
5,oracle_all_now,40,0,1521224563.7824779,83772.0,40,0.0,bengaluru,sigma=0.75
6,v1_point_all_now,40,0,-1291245509.382175,29429.5,40,2933140424.81148,bengaluru,sigma=0.75
6,robust_all_now,40,0,352940353.1471305,59402.7,40,1288954562.2821746,bengaluru,sigma=0.75
6,staged_no_learning,31,9,347299554.1601815,59402.7,40,1294595361.2691236,bengaluru,sigma=0.75
6,staged_point_learning,31,9,839958378.1381874,69197.8,40,801936537.2911177,bengaluru,sigma=0.75
6,staged_robust_learning,31,9,839958378.1381874,69197.8,40,801936537.2911177,bengaluru,sigma=0.75
6,oracle_all_now,40,0,1641894915.429305,82900.09999999999,40,0.0,bengaluru,sigma=0.75
7,v1_point_all_now,40,0,540434050.2749248,80971.0,40,92307513.5075531,bengaluru,sigma=0.75
7,robust_all_now,40,0,500050748.93534803,79745.6,40,132690814.84712982,bengaluru,sigma=0.75
7,staged_no_learning,31,9,476579005.74894285,79745.6,40,156162558.033535,bengaluru,sigma=0.75
7,staged_point_learning,31,9,554452858.2076745,82322.80000000002,40,78288705.57480335,bengaluru,sigma=0.75
7,staged_robust_learning,31,9,554452858.2076745,82322.80000000002,40,78288705.57480335,bengaluru,sigma=0.75
7,oracle_all_now,40,0,632741563.7824779,83772.0,40,0.0,bengaluru,sigma=0.75
8,v1_point_all_now,40,0,499076397.6894269,60491.20000000001,40,1022148166.093051,bengaluru,sigma=0.75
8,robust_all_now,40,0,1166022719.6308155,75681.79999999999,40,355201844.15166235,bengaluru,sigma=0.75
8,staged_no_learning,31,9,1130131631.3189125,75681.79999999999,40,391092932.46356535,bengaluru,sigma=0.75
8,staged_point_learning,31,9,1254278518.4369798,78765.70000000001,40,266946045.34549809,bengaluru,sigma=0.75
8,staged_robust_learning,31,9,1254278518.4369798,78765.70000000001,40,266946045.34549809,bengaluru,sigma=0.75
8,oracle_all_now,40,0,1521224563.7824779,83772.0,40,0.0,bengaluru,sigma=0.75
9,v1_point_all_now,40,0,1992640459.7824783,83772.0,40,0.0,bengaluru,sigma=0.75
9,robust_all_now,40,0,1992640459.7824783,83772.0,40,0.0,bengaluru,sigma=0.75
9,staged_no_learning,31,9,1936682182.6920252,83772.0,40,55958277.09045315,bengaluru,sigma=0.75
9,staged_point_learning,31,9,1936682182.6920252,83772.0,40,55958277.09045315,bengaluru,sigma=0.75
9,staged_robust_learning,31,9,1936682182.6920252,83772.0,40,55958277.09045315,bengaluru,sigma=0.75
9,oracle_all_now,40,0,1992640459.7824783,83772.0,40,0.0,bengaluru,sigma=0.75
10,v1_point_all_now,40,0,-80612567.08670712,47575.79999999999,40,1490114280.869185,bengaluru,sigma=0.75
10,robust_all_now,40,0,1219640400.9391246,79160.1,40,189861312.84335327,bengaluru,sigma=0.75
10,staged_no_learning,31,9,1185149790.349094,79160.1,40,224351923.43338394,bengaluru,sigma=0.75
10,staged_point_learning,31,9,1252489469.2759824,80944.1,40,157012244.50649548,bengaluru,sigma=0.75
10,staged_robust_learning,31,9,1289835813.6315107,81933.5,40,119665900.15096712,bengaluru,sigma=0.75
10,oracle_all_now,40,0,1409501713.7824779,83772.0,40,0.0,bengaluru,sigma=0.75
11,v1_point_all_now,40,0,2132362459.7824783,83772.0,40,0.0,bengaluru,sigma=0.75
11,robust_all_now,40,0,2034665497.7317219,82134.79999999999,40,97696962.05075645,bengaluru,sigma=0.75
11,staged_no_learning,31,9,1976094610.6412687,82134.79999999999,40,156267849.1412096,bengaluru,sigma=0.75
11,staged_point_learning,31,9,1976094610.6412687,82134.79999999999,40,156267849.1412096,bengaluru,sigma=0.75
11,staged_robust_learning,31,9,1976094610.6412687,82134.79999999999,40,156267849.1412096,bengaluru,sigma=0.75
11,oracle_all_now,40,0,2132362459.7824783,83772.0,40,0.0,bengaluru,sigma=0.75
12,v1_point_all_now,40,0,561138219.6975837,63258.100000000006,40,999502840.0848947,bengaluru,sigma=0.75
12,robust_all_now,40,0,955196839.4507556,71345.79999999999,40,605444220.3317227,bengaluru,sigma=0.75
12,staged_no_learning,31,9,920590258.62568,71345.79999999999,40,640050801.1567984,bengaluru,sigma=0.75
12,staged_point_learning,31,9,1067040751.6195173,74624.0,40,493600308.162961,bengaluru,sigma=0.75
12,staged_robust_learning,31,9,1067040751.6195173,74624.0,40,493600308.162961,bengaluru,sigma=0.75
12,oracle_all_now,40,0,1560641059.7824783,83772.0,40,0.0,bengaluru,sigma=0.75
13,v1_point_all_now,40,0,2638230402.843504,83737.19999999998,40,1908960.9389734268,bengaluru,sigma=0.75
13,robust_all_now,40,0,2548421470.39275,82100.0,40,91717893.38972759,bengaluru,sigma=0.75
13,staged_no_learning,31,9,2485967207.046406,82100.0,40,154172156.7360716,bengaluru,sigma=0.75
13,staged_point_learning,31,9,2547877115.7185497,83330.9,40,92262248.06392765,bengaluru,sigma=0.75
13,staged_robust_learning,31,9,2547877115.7185497,83330.9,40,92262248.06392765,bengaluru,sigma=0.75
13,oracle_all_now,40,0,2640139363.7824774,83772.0,40,0.0,bengaluru,sigma=0.75
14,v1_point_all_now,40,0,-219903995.28882122,60521.40000000001,40,766228159.0712996,bengaluru,sigma=0.75
14,robust_all_now,40,0,485353749.38036346,81921.90000000001,40,60970414.40211487,bengaluru,sigma=0.75
14,staged_no_learning,31,9,461506553.45081615,81921.90000000001,40,84817610.33166218,bengaluru,sigma=0.75
14,staged_point_learning,31,9,517410020.1720252,83772.00000000001,40,28914143.61045313,bengaluru,sigma=0.75
14,staged_robust_learning,31,9,517410020.1720252,83772.00000000001,40,28914143.61045313,bengaluru,sigma=0.75
14,oracle_all_now,40,0,546324163.7824783,83772.00000000001,40,0.0,bengaluru,sigma=0.75
15,v1_point_all_now,40,0,-285476289.37552905,56130.19999999998,40,835271603.1580069,bengaluru,sigma=0.75
15,robust_all_now,40,0,474532089.8974323,81281.29999999999,40,75263223.88504553,bengaluru,sigma=0.75
15,staged_no_learning,31,9,448167244.08169174,81281.29999999999,40,101628069.70078611,bengaluru,sigma=0.75
15,staged_point_learning,31,9,477009665.60797596,82322.29999999999,40,72785648.1745019,bengaluru,sigma=0.75
15,staged_robust_learning,31,9,477009665.60797596,82322.29999999999,40,72785648.1745019,bengaluru,sigma=0.75
15,oracle_all_now,40,0,549795313.7824779,83772.0,40,0.0,bengaluru,sigma=0.75
16,v1_point_all_now,40,0,2269831087.434894,81020.69999999998,40,143391426.3475833,bengaluru,sigma=0.75
16,robust_all_now,40,0,2413222513.7824774,83772.0,40,0.0,bengaluru,sigma=0.75
16,staged_no_learning,31,9,2349399928.4220247,83772.0,40,63822585.36045265,bengaluru,sigma=0.75
16,staged_point_learning,31,9,2349399928.4220247,83772.0,40,63822585.36045265,bengaluru,sigma=0.75
16,staged_robust_learning,31,9,2349399928.4220247,83772.0,40,63822585.36045265,bengaluru,sigma=0.75
16,oracle_all_now,40,0,2413222513.7824774,83772.0,40,0.0,bengaluru,sigma=0.75
17,v1_point_all_now,40,0,129993696.94909358,40515.899999999994,40,2254408416.8333836,bengaluru,sigma=0.75
17,robust_all_now,40,0,1780373613.095317,72182.29999999999,40,604028500.6871605,bengaluru,sigma=0.75
17,staged_no_learning,31,9,1736509055.9238362,72182.29999999999,40,647893057.8586411,bengaluru,sigma=0.75
17,staged_point_learning,31,9,1870234676.626194,74980.70000000001,40,514167437.1562834,bengaluru,sigma=0.75
17,staged_robust_learning,31,9,1950759634.9758,76665.79999999999,40,433642478.80667734,bengaluru,sigma=0.75
17,oracle_all_now,40,0,2384402113.7824774,83772.0,40,0.0,bengaluru,sigma=0.75
18,v1_point_all_now,40,0,214099282.23504686,65546.20000000001,40,688446777.5474315,bengaluru,sigma=0.75
18,robust_all_now,40,0,345134510.9389744,69015.20000000001,40,557411548.843504,bengaluru,sigma=0.75
18,staged_no_learning,31,9,341760202.79220676,69015.20000000001,40,560785856.9902716,bengaluru,sigma=0.75
18,staged_point_learning,31,9,697029430.6104541,79273.0,40,205516629.17202425,bengaluru,sigma=0.75
18,staged_robust_learning,31,9,697029430.6104541,79273.0,40,205516629.17202425,bengaluru,sigma=0.75
18,oracle_all_now,40,0,902546059.7824783,83772.0,40,0.0,bengaluru,sigma=0.75
19,v1_point_all_now,40,0,1355801838.4660125,81068.5,40,111296875.31646538,bengaluru,sigma=0.75
19,robust_all_now,40,0,1455555290.871904,83491.6,40,11543422.91057396,bengaluru,sigma=0.75
19,staged_no_learning,31,9,1409423924.5114512,83491.6,40,57674789.27102661,bengaluru,sigma=0.75
19,staged_point_learning,31,9,1409423924.5114512,83491.6,40,57674789.27102661,bengaluru,sigma=0.75
19,staged_robust_learning,31,9,1409423924.5114512,83491.6,40,57674789.27102661,bengaluru,sigma=0.75
19,oracle_all_now,40,0,1467098713.7824779,83772.0,40,0.0,bengaluru,sigma=0.75
20,v1_point_all_now,40,0,1206054331.913897,77430.99999999999,40,261044381.86858034,bengaluru,sigma=0.75
20,robust_all_now,40,0,1372219516.985046,81467.3,40,94879196.79743147,bengaluru,sigma=0.75
20,staged_no_learning,31,9,1328049549.0061336,81467.3,40,139049164.77634382,bengaluru,sigma=0.75
20,staged_point_learning,31,9,1349689592.6881876,82040.59999999999,40,117409121.09428978,bengaluru,sigma=0.75
20,staged_robust_learning,31,9,1349689592.6881876,82040.59999999999,40,117409121.09428978,bengaluru,sigma=0.75
20,oracle_all_now,40,0,1467098713.7824774,83771.99999999999,40,0.0,bengaluru,sigma=0.75
21,v1_point_all_now,40,0,2140391500.7036266,77150.1,40,395149959.0788517,bengaluru,sigma=0.75
21,robust_all_now,40,0,2377735683.980364,81127.5,40,157805775.8021145,bengaluru,sigma=0.75
21,staged_no_learning,31,9,2320010324.2806654,81127.5,40,215531135.50181293,bengaluru,sigma=0.75
21,staged_point_learning,31,9,2412515380.1083403,82818.20000000001,40,123026079.67413807,bengaluru,sigma=0.75
21,staged_robust_learning,31,9,2412515380.1083403,82818.20000000001,40,123026079.67413807,bengaluru,sigma=0.75
21,oracle_all_now,40,0,2535541459.7824783,83772.0,40,0.0,bengaluru,sigma=0.75
22,v1_point_all_now,40,0,589463873.290937,74721.69999999998,40,341858786.4915414,bengaluru,sigma=0.75
22,robust_all_now,40,0,852565539.0422969,81687.0,40,78757120.74018145,bengaluru,sigma=0.75
22,staged_no_learning,31,9,822752710.1464057,81687.0,40,108569949.63607264,bengaluru,sigma=0.75
22,staged_point_learning,31,9,892263262.1391549,83694.0,40,39059397.64332342,bengaluru,sigma=0.75
22,staged_robust_learning,31,9,892263262.1391549,83694.0,40,39059397.64332342,bengaluru,sigma=0.75
22,oracle_all_now,40,0,931322659.7824783,83772.0,40,0.0,bengaluru,sigma=0.75
23,v1_point_all_now,40,0,-1595382783.1244705,26090.20000000001,40,2387870432.892144,bengaluru,sigma=0.75
23,robust_all_now,40,0,-69109072.7722044,57415.600000000006,40,861596722.5398784,bengaluru,sigma=0.75
23,staged_no_learning,31,9,-77164732.42489338,57415.600000000006,40,869652382.1925673,bengaluru,sigma=0.75
23,staged_point_learning,31,4,128714844.21486425,54437.29999999999,35,663772805.5528097,bengaluru,sigma=0.75
23,staged_robust_learning,31,7,138267539.5064664,59203.20000000001,38,654220110.2612076,bengaluru,sigma=0.75
23,oracle_all_now,28,0,792487649.767674,57448.899999999994,28,0.0,bengaluru,sigma=0.75
24,v1_point_all_now,40,0,200742163.78247786,83772.0,40,0.0,bengaluru,sigma=0.75
24,robust_all_now,40,0,132455695.11450195,81699.9,40,68286468.6679759,bengaluru,sigma=0.75
24,staged_no_learning,31,9,115548593.64259863,81699.9,40,85193570.13987923,bengaluru,sigma=0.75
24,staged_point_learning,31,9,176727853.72066545,83724.6,40,24014310.0618124,bengaluru,sigma=0.75
24,staged_robust_learning,31,9,176727853.72066545,83724.6,40,24014310.0618124,bengaluru,sigma=0.75
24,oracle_all_now,40,0,200742163.78247786,83772.0,40,0.0,bengaluru,sigma=0.75
25,v1_point_all_now,40,0,764317515.395771,65876.0,40,785727448.3867068,bengaluru,sigma=0.75
25,robust_all_now,40,0,1487967402.3567982,82358.1,40,62077561.42567968,bengaluru,sigma=0.75
25,staged_no_learning,31,9,1445444011.905922,82358.1,40,104600951.87655592,bengaluru,sigma=0.75
25,staged_point_learning,31,9,1502362616.1720247,83772.0,40,47682347.61045313,bengaluru,sigma=0.75
25,staged_robust_learning,31,9,1502362616.1720247,83772.0,40,47682347.61045313,bengaluru,sigma=0.75
25,oracle_all_now,40,0,1550044963.7824779,83772.0,40,0.0,bengaluru,sigma=0.75
26,v1_point_all_now,40,0,-127408745.51993942,60407.399999999994,40,706024459.3024173,bengaluru,sigma=0.75
26,robust_all_now,40,0,578615713.7824779,83772.0,40,0.0,bengaluru,sigma=0.75
26,staged_no_learning,31,9,549097762.4220247,83772.0,40,29517951.36045313,bengaluru,sigma=0.75
26,staged_point_learning,31,9,549097762.4220247,83772.0,40,29517951.36045313,bengaluru,sigma=0.75
26,staged_robust_learning,31,9,549097762.4220247,83772.0,40,29517951.36045313,bengaluru,sigma=0.75
26,oracle_all_now,40,0,578615713.7824779,83772.0,40,0.0,bengaluru,sigma=0.75
27,v1_point_all_now,40,0,506446788.30332327,55900.399999999994,40,1528902175.479154,bengaluru,sigma=0.75
27,robust_all_now,40,0,1720940902.9256802,78040.4,40,314408060.8567972,bengaluru,sigma=0.75
27,staged_no_learning,31,9,1681239203.1235652,78040.4,40,354109760.6589122,bengaluru,sigma=0.75
27,staged_point_learning,31,9,1869408307.2946835,81781.6,40,165940656.48779392,bengaluru,sigma=0.75
27,staged_robust_learning,31,9,1869408307.2946835,81781.6,40,165940656.48779392,bengaluru,sigma=0.75
27,oracle_all_now,40,0,2035348963.7824774,83772.0,40,0.0,bengaluru,sigma=0.75
28,v1_point_all_now,40,0,404333945.71601295,66008.0,40,671003114.0664654,bengaluru,sigma=0.75
28,robust_all_now,40,0,918604723.5296078,79622.69999999998,40,156732336.25287056,bengaluru,sigma=0.75
28,staged_no_learning,31,9,891498033.988339,79622.69999999998,40,183839025.7941394,bengaluru,sigma=0.75
28,staged_point_learning,31,9,1020575700.267252,83349.6,40,54761359.515226364,bengaluru,sigma=0.75
28,staged_robust_learning,31,9,1020575700.267252,83349.6,40,54761359.515226364,bengaluru,sigma=0.75
28,oracle_all_now,40,0,1075337059.7824783,83772.0,40,0.0,bengaluru,sigma=0.75
29,v1_point_all_now,40,0,264943982.79758358,73486.0,40,338977180.9848943,bengaluru,sigma=0.75
29,robust_all_now,40,0,522001129.1244712,81286.19999999998,40,81920034.65800667,bengaluru,sigma=0.75
29,staged_no_learning,31,9,496512767.2196975,81286.19999999998,40,107408396.56278038,bengaluru,sigma=0.75
29,staged_point_learning,31,9,546191643.8406043,82930.29999999999,40,57729519.94187355,bengaluru,sigma=0.75
29,staged_robust_learning,31,9,546191643.8406043,82930.29999999999,40,57729519.94187355,bengaluru,sigma=0.75
29,oracle_all_now,40,0,603921163.7824779,83772.0,40,0.0,bengaluru,sigma=0.75
30,v1_point_all_now,40,0,929316823.0356498,70708.8,40,537781890.7468286,bengaluru,sigma=0.75
30,robust_all_now,40,0,1035228963.2711492,73281.50000000001,40,431869750.5113292,bengaluru,sigma=0.75
30,staged_no_learning,31,9,1004106930.3132038,73281.50000000001,40,462991783.4692745,bengaluru,sigma=0.75
30,staged_point_learning,31,9,1169704410.9298797,77668.59999999999,40,297394302.85259867,bengaluru,sigma=0.75
30,staged_robust_learning,31,9,1169704410.9298797,77668.59999999999,40,297394302.85259867,bengaluru,sigma=0.75
30,oracle_all_now,40,0,1467098713.7824783,83772.00000000001,40,0.0,bengaluru,sigma=0.75
31,v1_point_all_now,40,0,2279897698.1697893,80880.2,40,158630265.61268902,bengaluru,sigma=0.75
31,robust_all_now,40,0,2270495516.993354,80708.8,40,168032446.7891245,bengaluru,sigma=0.75
31,staged_no_learning,31,9,2213234350.0861635,80708.8,40,225293613.6963148,bengaluru,sigma=0.75
31,staged_point_learning,31,9,2290846812.5705147,82251.90000000001,40,147681151.21196365,bengaluru,sigma=0.75
31,staged_robust_learning,31,9,2290846812.5705147,82251.90000000001,40,147681151.21196365,bengaluru,sigma=0.75
31,oracle_all_now,40,0,2438527963.7824783,83772.00000000001,40,0.0,bengaluru,sigma=0.75
32,v1_point_all_now,40,0,1409501713.7824779,83772.0,40,0.0,bengaluru,sigma=0.75
32,robust_all_now,40,0,1287859395.6078548,80817.19999999998,40,121642318.17462301,bengaluru,sigma=0.75
32,staged_no_learning,31,9,1246940612.3000903,80817.19999999998,40,162561101.48238754,bengaluru,sigma=0.75
32,staged_point_learning,31,9,1292568529.2770095,82026.0,40,116933184.50546837,bengaluru,sigma=0.75
32,staged_robust_learning,31,9,1292568529.2770095,82026.0,40,116933184.50546837,bengaluru,sigma=0.75
32,oracle_all_now,40,0,1409501713.7824779,83772.0,40,0.0,bengaluru,sigma=0.75
33,v1_point_all_now,40,0,-76978491.6728096,62414.69999999998,40,806733551.4552879,bengaluru,sigma=0.75
33,robust_all_now,40,0,513767905.6374631,78054.0,40,215987154.14501524,bengaluru,sigma=0.75
33,staged_no_learning,31,9,497375408.65969896,78054.0,40,232379651.12277937,bengaluru,sigma=0.75
33,staged_point_learning,31,9,673368368.276617,83135.5,40,56386691.50586128,bengaluru,sigma=0.75
33,staged_robust_learning,31,9,673368368.276617,83135.5,40,56386691.50586128,bengaluru,sigma=0.75
33,oracle_all_now,40,0,729755059.7824783,83772.0,40,0.0,bengaluru,sigma=0.75
34,v1_point_all_now,40,0,2076328065.6051369,72215.7,40,689601394.1773405,bengaluru,sigma=0.75
34,robust_all_now,40,0,2195769941.515711,74217.3,40,570159518.2667665,bengaluru,sigma=0.75
34,staged_no_learning,31,9,2141611264.3476753,74217.3,40,624318195.434802,bengaluru,sigma=0.75
34,staged_point_learning,31,9,2320996770.9642315,77495.90000000001,40,444932688.8182459,bengaluru,sigma=0.75
34,staged_robust_learning,31,9,2320996770.9642315,77495.90000000001,40,444932688.8182459,bengaluru,sigma=0.75
34,oracle_all_now,40,0,2765929459.7824774,83771.99999999999,40,0.0,bengaluru,sigma=0.75
35,v1_point_all_now,40,0,578615713.7824779,83772.0,40,0.0,bengaluru,sigma=0.75
35,robust_all_now,40,0,482172904.39093685,80580.4,40,96442809.391541,bengaluru,sigma=0.75
35,staged_no_learning,31,9,459889591.83160114,80580.4,40,118726121.95087671,bengaluru,sigma=0.75
35,staged_point_learning,31,9,539709123.2197585,83461.29999999999,40,38906590.562719345,bengaluru,sigma=0.75
35,staged_robust_learning,31,9,539709123.2197585,83461.29999999999,40,38906590.562719345,bengaluru,sigma=0.75
35,oracle_all_now,40,0,578615713.7824779,83772.0,40,0.0,bengaluru,sigma=0.75
36,v1_point_all_now,40,0,2208139963.7824783,83772.00000000001,40,0.0,bengaluru,sigma=0.75
36,robust_all_now,40,0,2064770414.641693,81158.40000000001,40,143369549.14078522,bengaluru,sigma=0.75
36,staged_no_learning,31,9,2014329966.654623,81158.40000000001,40,193809997.1278553,bengaluru,sigma=0.75
36,staged_point_learning,31,9,2119665836.125801,83252.7,40,88474127.65667725,bengaluru,sigma=0.75
36,staged_robust_learning,31,9,2119665836.125801,83252.7,40,88474127.65667725,bengaluru,sigma=0.75
36,oracle_all_now,40,0,2208139963.7824783,83772.00000000001,40,0.0,bengaluru,sigma=0.75
37,v1_point_all_now,40,0,1863577751.573717,76372.1,40,441575708.2087612,bengaluru,sigma=0.75
37,robust_all_now,40,0,2139882566.7359524,81002.4,40,165270893.04652596,bengaluru,sigma=0.75
37,staged_no_learning,31,9,2091379161.436798,81002.4,40,213774298.34568024,bengaluru,sigma=0.75
37,staged_point_learning,31,9,2238100376.145197,83684.0,40,67053083.63728142,bengaluru,sigma=0.75
37,staged_robust_learning,31,9,2238100376.145197,83684.0,40,67053083.63728142,bengaluru,sigma=0.75
37,oracle_all_now,40,0,2305153459.7824783,83772.0,40,0.0,bengaluru,sigma=0.75
38,v1_point_all_now,40,0,-577186591.5220537,47932.20000000001,40,1181107755.3045316,bengaluru,sigma=0.75
38,robust_all_now,40,0,138702500.47220564,69655.29999999999,40,465218663.3102722,bengaluru,sigma=0.75
38,staged_no_learning,31,9,119000280.05462265,69655.29999999999,40,484920883.7278552,bengaluru,sigma=0.75
38,staged_point_learning,31,9,232517464.95178318,73412.1,40,371403698.8306947,bengaluru,sigma=0.75
38,staged_robust_learning,31,9,232517464.95178318,73412.1,40,371403698.8306947,bengaluru,sigma=0.75
38,oracle_all_now,40,0,603921163.7824779,83772.0,40,0.0,bengaluru,sigma=0.75
39,v1_point_all_now,40,0,-504019102.52749205,62240.399999999994,40,650635416.3099699,bengaluru,sigma=0.75
39,robust_all_now,40,0,146616313.78247786,83772.0,40,0.0,bengaluru,sigma=0.75
39,staged_no_learning,31,9,125176159.42202473,83772.0,40,21440154.36045313,bengaluru,sigma=0.75
39,staged_point_learning,31,9,125176159.42202473,83772.0,40,21440154.36045313,bengaluru,sigma=0.75
39,staged_robust_learning,31,9,125176159.42202473,83772.0,40,21440154.36045313,bengaluru,sigma=0.75
39,oracle_all_now,40,0,146616313.78247786,83772.0,40,0.0,bengaluru,sigma=0.75
40,v1_point_all_now,40,0,23826843.602869987,73990.29999999999,40,295580470.17960787,bengaluru,sigma=0.75
40,robust_all_now,40,0,141690980.09607267,77890.79999999999,40,177716333.68640518,bengaluru,sigma=0.75
40,staged_no_learning,31,9,125860951.42679787,77890.79999999999,40,193546362.35568,bengaluru,sigma=0.75
40,staged_point_learning,31,9,223404303.22836876,81411.4,40,96003010.5541091,bengaluru,sigma=0.75
40,staged_robust_learning,31,9,223404303.22836876,81411.4,40,96003010.5541091,bengaluru,sigma=0.75
40,oracle_all_now,40,0,319407313.78247786,83772.0,40,0.0,bengaluru,sigma=0.75
41,v1_point_all_now,40,0,1992640459.7824783,83772.0,40,0.0,bengaluru,sigma=0.75
41,robust_all_now,40,0,1818284490.7447138,80193.5,40,174355969.03776455,bengaluru,sigma=0.75
41,staged_no_learning,31,9,1772202072.4512396,80193.5,40,220438387.33123875,bengaluru,sigma=0.75
41,staged_point_learning,31,9,1881162096.9805446,82632.5,40,111478362.80193377,bengaluru,sigma=0.75
41,staged_robust_learning,31,9,1881162096.9805446,82632.5,40,111478362.80193377,bengaluru,sigma=0.75
41,oracle_all_now,40,0,1992640459.7824783,83772.0,40,0.0,bengaluru,sigma=0.75
42,v1_point_all_now,40,0,2154014113.7824774,83772.0,40,0.0,bengaluru,sigma=0.75
42,robust_all_now,40,0,2092984287.7900305,82601.0,40,61029825.9924469,bengaluru,sigma=0.75
42,staged_no_learning,31,9,2039080429.512055,82601.0,40,114933684.27042246,bengaluru,sigma=0.75
42,staged_point_learning,31,9,2095038370.4220247,83772.0,40,58975743.36045265,bengaluru,sigma=0.75
42,staged_robust_learning,31,9,2095038370.4220247,83772.0,40,58975743.36045265,bengaluru,sigma=0.75
42,oracle_all_now,40,0,2154014113.7824774,83772.0,40,0.0,bengaluru,sigma=0.75
43,v1_point_all_now,40,0,1463627563.7824779,83772.0,40,0.0,bengaluru,sigma=0.75
43,robust_all_now,40,0,1457366682.348641,83629.4,40,6260881.433836937,bengaluru,sigma=0.75
43,staged_no_learning,31,9,1411300221.7381878,83629.4,40,52327342.044290066,bengaluru,sigma=0.75
43,staged_point_learning,31,9,1411300221.7381878,83629.4,40,52327342.044290066,bengaluru,sigma=0.75
43,staged_robust_learning,31,9,1411300221.7381878,83629.4,40,52327342.044290066,bengaluru,sigma=0.75
43,oracle_all_now,40,0,1463627563.7824779,83772.0,40,0.0,bengaluru,sigma=0.75
44,v1_point_all_now,40,0,677031528.6780977,82769.70000000001,40,41262385.10438013,bengaluru,sigma=0.75
44,robust_all_now,40,0,540914647.3959227,79463.30000000002,40,177379266.3865552,bengaluru,sigma=0.75
44,staged_no_learning,31,9,518091369.1510587,79463.30000000002,40,200202544.63141918,bengaluru,sigma=0.75
44,staged_point_learning,31,9,620769280.9318433,82183.5,40,97524632.85063457,bengaluru,sigma=0.75
44,staged_robust_learning,31,9,620769280.9318433,82183.5,40,97524632.85063457,bengaluru,sigma=0.75
44,oracle_all_now,40,0,718293913.7824779,83772.0,40,0.0,bengaluru,sigma=0.75
45,v1_point_all_now,40,0,320102775.210876,63798.79999999999,40,658220788.5716019,bengaluru,sigma=0.75
45,robust_all_now,40,0,588265823.7341394,71936.0,40,390057740.0483384,bengaluru,sigma=0.75
45,staged_no_learning,31,9,567228428.1294265,71936.0,40,411095135.6530514,bengaluru,sigma=0.75
45,staged_point_learning,31,9,743254397.2037468,77761.5,40,235069166.57873106,bengaluru,sigma=0.75
45,staged_robust_learning,31,9,743254397.2037468,77761.5,40,235069166.57873106,bengaluru,sigma=0.75
45,oracle_all_now,40,0,978323563.7824779,83772.0,40,0.0,bengaluru,sigma=0.75
46,v1_point_all_now,40,0,1767420445.1380672,83448.3,40,19316214.644410133,bengaluru,sigma=0.75
46,robust_all_now,40,0,1658117045.8048344,81616.59999999999,40,128619613.97764301,bengaluru,sigma=0.75
46,staged_no_learning,31,9,1613232374.8229008,81616.59999999999,40,173504284.9595766,bengaluru,sigma=0.75
46,staged_point_learning,31,9,1692928869.9542608,83073.2,40,93807789.82821655,bengaluru,sigma=0.75
46,staged_robust_learning,31,9,1692928869.9542608,83073.2,40,93807789.82821655,bengaluru,sigma=0.75
46,oracle_all_now,40,0,1786736659.7824774,83771.99999999999,40,0.0,bengaluru,sigma=0.75
47,v1_point_all_now,40,0,-1047057117.0655584,48169.7,40,1344812776.8480363,bengaluru,sigma=0.75
47,robust_all_now,40,0,-159133850.82900143,71676.40000000001,40,456889510.6114793,bengaluru,sigma=0.75
47,staged_no_learning,31,9,-167119882.57673597,71676.40000000001,40,464875542.3592138,bengaluru,sigma=0.75
47,staged_point_learning,31,9,12499262.786889076,76862.59999999999,40,285256396.9955888,bengaluru,sigma=0.75
47,staged_robust_learning,31,9,12499262.786889076,76862.59999999999,40,285256396.9955888,bengaluru,sigma=0.75
47,oracle_all_now,40,0,297755659.78247786,83771.99999999999,40,0.0,bengaluru,sigma=0.75
48,v1_point_all_now,40,0,1633973887.8223562,64905.19999999998,40,1034942075.9601212,bengaluru,sigma=0.75
48,robust_all_now,40,0,2514723483.800905,80961.09999999998,40,154192479.98157215,bengaluru,sigma=0.75
48,staged_no_learning,31,9,2455724595.9705734,80961.09999999998,40,213191367.81190395,bengaluru,sigma=0.75
48,staged_point_learning,31,9,2561694200.7974024,83068.0,40,107221762.985075,bengaluru,sigma=0.75
48,staged_robust_learning,31,9,2561694200.7974024,83068.0,40,107221762.985075,bengaluru,sigma=0.75
48,oracle_all_now,40,0,2668915963.7824774,83772.0,40,0.0,bengaluru,sigma=0.75
49,v1_point_all_now,40,0,1215059059.7824783,83772.0,40,0.0,bengaluru,sigma=0.75
49,robust_all_now,40,0,1215059059.7824783,83772.0,40,0.0,bengaluru,sigma=0.75
49,staged_no_learning,31,9,1173640489.6920252,83772.0,40,41418570.09045315,bengaluru,sigma=0.75
49,staged_point_learning,31,9,1173640489.6920252,83772.0,40,41418570.09045315,bengaluru,sigma=0.75
49,staged_robust_learning,31,9,1173640489.6920252,83772.0,40,41418570.09045315,bengaluru,sigma=0.75
49,oracle_all_now,40,0,1215059059.7824783,83772.0,40,0.0,bengaluru,sigma=0.75
50,v1_point_all_now,40,0,424723014.29969835,78679.2,40,153892699.48277903,bengaluru,sigma=0.75
50,robust_all_now,40,0,463749173.06933594,79970.7,40,114866540.71314144,bengaluru,sigma=0.75
50,staged_no_learning,31,9,435091573.4230213,79970.7,40,143524140.35945606,bengaluru,sigma=0.75
50,staged_point_learning,31,9,444583805.5218735,80313.3,40,134031908.2606039,bengaluru,sigma=0.75
50,staged_robust_learning,31,9,444583805.5218735,80313.3,40,134031908.2606039,bengaluru,sigma=0.75
50,oracle_all_now,40,0,578615713.7824774,83771.99999999999,40,0.0,bengaluru,sigma=0.75
51,v1_point_all_now,40,0,-318808311.61752224,48487.399999999994,40,2105544971.4000006,bengaluru,sigma=0.75
51,robust_all_now,40,0,1460598755.8048344,78306.6,40,326137903.97764397,bengaluru,sigma=0.75
51,staged_no_learning,31,9,1428346508.7632637,78306.6,40,358390151.01921463,bengaluru,sigma=0.75
51,staged_point_learning,31,9,1647416120.7751064,82310.5,40,139320539.0073719,bengaluru,sigma=0.75
51,staged_robust_learning,31,9,1647416120.7751064,82310.5,40,139320539.0073719,bengaluru,sigma=0.75
51,oracle_all_now,40,0,1786736659.7824783,83772.0,40,0.0,bengaluru,sigma=0.75
52,v1_point_all_now,40,0,-222848803.07069492,42021.59999999999,40,1669004401.8235655,bengaluru,sigma=0.75
52,robust_all_now,40,0,857889758.2370095,68273.7,40,588265840.515861,bengaluru,sigma=0.75
52,staged_no_learning,31,9,838673251.1057105,68273.7,40,607482347.64716,bengaluru,sigma=0.75
52,staged_point_learning,31,9,1116460750.6161633,75632.99999999999,40,329694848.1367073,bengaluru,sigma=0.75
52,staged_robust_learning,31,9,1141569693.6779156,76298.2,40,304585905.074955,bengaluru,sigma=0.75
52,oracle_all_now,40,0,1446155598.7528706,82563.2,40,0.0,bengaluru,sigma=0.75
53,v1_point_all_now,40,0,1618238059.7824783,83772.0,40,0.0,bengaluru,sigma=0.75
53,robust_all_now,40,0,1591342853.716013,83220.0,40,26895206.066465378,bengaluru,sigma=0.75
53,staged_no_learning,31,9,1542385388.6255598,83220.0,40,75852671.15691853,bengaluru,sigma=0.75
53,staged_point_learning,31,9,1542385388.6255598,83220.0,40,75852671.15691853,bengaluru,sigma=0.75
53,staged_robust_learning,31,9,1542385388.6255598,83220.0,40,75852671.15691853,bengaluru,sigma=0.75
53,oracle_all_now,40,0,1618238059.7824783,83772.0,40,0.0,bengaluru,sigma=0.75
54,v1_point_all_now,40,0,2721651046.4090643,80616.6,40,188292813.37341404,bengaluru,sigma=0.75
54,robust_all_now,40,0,2571775838.8066473,78105.0,40,338168020.97583103,bengaluru,sigma=0.75
54,staged_no_learning,31,9,2506038497.931179,78105.0,40,403905361.8512993,bengaluru,sigma=0.75
54,staged_point_learning,31,9,2587387357.5778246,79591.79999999999,40,322556502.20465374,bengaluru,sigma=0.75
54,staged_robust_learning,31,9,2587387357.5778246,79591.79999999999,40,322556502.20465374,bengaluru,sigma=0.75
54,oracle_all_now,40,0,2909943859.7824783,83772.0,40,0.0,bengaluru,sigma=0.75
55,v1_point_all_now,40,0,161596660.36737156,47850.399999999994,40,2143556799.4151068,bengaluru,sigma=0.75
55,robust_all_now,40,0,2090908771.9918451,80181.70000000001,40,214244687.7906332,bengaluru,sigma=0.75
55,staged_no_learning,31,9,2041376840.517826,80181.70000000001,40,263776619.26465225,bengaluru,sigma=0.75
55,staged_point_learning,31,9,2176750359.846406,82655.9,40,128403099.93607235,bengaluru,sigma=0.75
55,staged_robust_learning,31,9,2176750359.846406,82655.9,40,128403099.93607235,bengaluru,sigma=0.75
55,oracle_all_now,40,0,2305153459.7824783,83772.0,40,0.0,bengaluru,sigma=0.75
56,v1_point_all_now,40,0,1374922413.1655583,58048.19999999998,40,1535021446.61692,bengaluru,sigma=0.75
56,robust_all_now,40,0,2666292219.329608,79688.9,40,243651640.45287037,bengaluru,sigma=0.75
56,staged_no_learning,31,9,2597397392.3618736,79688.9,40,312546467.4206047,bengaluru,sigma=0.75
56,staged_point_learning,31,9,2643909812.045499,80539.0,40,266034047.73697948,bengaluru,sigma=0.75
56,staged_robust_learning,31,9,2643909812.045499,80539.0,40,266034047.73697948,bengaluru,sigma=0.75
56,oracle_all_now,40,0,2909943859.7824783,83772.0,40,0.0,bengaluru,sigma=0.75
57,v1_point_all_now,40,0,2211109781.3643513,79300.4,40,266834678.41812706,bengaluru,sigma=0.75
57,robust_all_now,40,0,2142425928.8598194,78149.4,40,335518530.9226589,bengaluru,sigma=0.75
57,staged_no_learning,31,9,2098903908.7032633,78149.4,40,379040551.07921505,bengaluru,sigma=0.75
57,staged_point_learning,31,9,2336231601.46846,82487.0,40,141712858.31401825,bengaluru,sigma=0.75
57,staged_robust_learning,31,9,2336231601.46846,82487.0,40,141712858.31401825,bengaluru,sigma=0.75
57,oracle_all_now,40,0,2477944459.7824783,83772.0,40,0.0,bengaluru,sigma=0.75
58,v1_point_all_now,40,0,805532563.7824779,83772.0,40,0.0,bengaluru,sigma=0.75
58,robust_all_now,40,0,789483381.6767378,83285.0,40,16049182.10574007,bengaluru,sigma=0.75
58,staged_no_learning,31,9,755722396.0662842,83285.0,40,49810167.716193676,bengaluru,sigma=0.75
58,staged_point_learning,31,9,755722396.0662842,83285.0,40,49810167.716193676,bengaluru,sigma=0.75
58,staged_robust_learning,31,9,755722396.0662842,83285.0,40,49810167.716193676,bengaluru,sigma=0.75
58,oracle_all_now,40,0,805532563.7824779,83772.0,40,0.0,bengaluru,sigma=0.75
59,v1_point_all_now,40,0,470546659.78247786,83771.99999999999,40,0.0,bengaluru,sigma=0.75
59,robust_all_now,40,0,470546659.78247786,83771.99999999999,40,0.0,bengaluru,sigma=0.75
59,staged_no_learning,31,9,443049451.6920247,83771.99999999999,40,27497208.090453148,bengaluru,sigma=0.75
59,staged_point_learning,31,9,443049451.6920247,83771.99999999999,40,27497208.090453148,bengaluru,sigma=0.75
59,staged_robust_learning,31,9,443049451.6920247,83771.99999999999,40,27497208.090453148,bengaluru,sigma=0.75
59,oracle_all_now,40,0,470546659.78247786,83771.99999999999,40,0.0,bengaluru,sigma=0.75
60,v1_point_all_now,40,0,267792608.49214602,71542.1,40,461962451.2903323,bengaluru,sigma=0.75
60,robust_all_now,40,0,667553932.3374629,82125.29999999999,40,62201127.44501543,bengaluru,sigma=0.75
60,staged_no_learning,31,9,637957259.8489432,82125.29999999999,40,91797799.9335351,bengaluru,sigma=0.75
60,staged_point_learning,31,9,668268986.3581882,83000.5,40,61486073.42429018,bengaluru,sigma=0.75
60,staged_robust_learning,31,9,668268986.3581882,83000.5,40,61486073.42429018,bengaluru,sigma=0.75
60,oracle_all_now,40,0,729755059.7824783,83772.0,40,0.0,bengaluru,sigma=0.75
61,v1_point_all_now,40,0,171184821.27296114,52293.100000000006,40,1295913892.5095167,bengaluru,sigma=0.75
61,robust_all_now,40,0,1018786584.1324778,72882.1,40,448312129.6500001,bengaluru,sigma=0.75
61,staged_no_learning,31,9,992046478.6942906,72882.1,40,475052235.0881872,bengaluru,sigma=0.75
61,staged_point_learning,31,9,1205989621.1773114,78550.0,40,261109092.60516644,bengaluru,sigma=0.75
61,staged_robust_learning,31,9,1205989621.1773114,78550.0,40,261109092.60516644,bengaluru,sigma=0.75
61,oracle_all_now,40,0,1467098713.7824779,83772.0,40,0.0,bengaluru,sigma=0.75
62,v1_point_all_now,40,0,1719085045.384592,70131.29999999999,40,748263318.3978853,bengaluru,sigma=0.75
62,robust_all_now,40,0,2436168668.445922,83203.6,40,31179695.33655548,bengaluru,sigma=0.75
62,staged_no_learning,31,9,2373925193.1282787,83203.6,40,93423170.65419865,bengaluru,sigma=0.75
62,staged_point_learning,31,9,2402513699.1720247,83772.0,40,64834664.61045265,bengaluru,sigma=0.75
62,staged_robust_learning,31,9,2402513699.1720247,83772.0,40,64834664.61045265,bengaluru,sigma=0.75
62,oracle_all_now,40,0,2467348363.7824774,83772.0,40,0.0,bengaluru,sigma=0.75
63,v1_point_all_now,40,0,1745905625.9108763,66678.49999999999,40,1020023833.8716011,bengaluru,sigma=0.75
63,robust_all_now,40,0,2509448081.4595184,79473.90000000001,40,256481378.32295895,bengaluru,sigma=0.75
63,staged_no_learning,31,9,2439030359.3690653,79473.90000000001,40,326899100.4134121,bengaluru,sigma=0.75
63,staged_point_learning,31,9,2439030359.3690653,79473.90000000001,40,326899100.4134121,bengaluru,sigma=0.75
63,staged_robust_learning,31,9,2439030359.3690653,79473.90000000001,40,326899100.4134121,bengaluru,sigma=0.75
63,oracle_all_now,40,0,2765929459.7824774,83771.99999999999,40,0.0,bengaluru,sigma=0.75
64,v1_point_all_now,40,0,978323563.7824779,83772.0,40,0.0,bengaluru,sigma=0.75
64,robust_all_now,40,0,859819962.2752271,80176.1,40,118503601.50725079,bengaluru,sigma=0.75
64,staged_no_learning,31,9,827015285.2231426,80176.1,40,151308278.55933523,bengaluru,sigma=0.75
64,staged_point_learning,31,9,873213226.020967,81705.0,40,105110337.76151085,bengaluru,sigma=0.75
64,staged_robust_learning,31,9,873213226.020967,81705.0,40,105110337.76151085,bengaluru,sigma=0.75
64,oracle_all_now,40,0,978323563.7824779,83772.0,40,0.0,bengaluru,sigma=0.75
65,v1_point_all_now,40,0,-18508603.060724974,53523.899999999994,40,996832166.8432028,bengaluru,sigma=0.75
65,robust_all_now,40,0,900071442.8172212,81397.5,40,78252120.96525669,bengaluru,sigma=0.75
65,staged_no_learning,31,9,863723106.7173419,81397.5,40,114600457.06513596,bengaluru,sigma=0.75
65,staged_point_learning,31,9,870823974.064774,81632.5,40,107499589.71770382,bengaluru,sigma=0.75
65,staged_robust_learning,31,9,870823974.064774,81632.5,40,107499589.71770382,bengaluru,sigma=0.75
65,oracle_all_now,40,0,978323563.7824779,83772.0,40,0.0,bengaluru,sigma=0.75
66,v1_point_all_now,40,0,1297595556.8788524,77191.09999999999,40,320642502.9036255,bengaluru,sigma=0.75
66,robust_all_now,40,0,1616630194.2024174,83738.99999999999,40,1607865.580060482,bengaluru,sigma=0.75
66,staged_no_learning,31,9,1567672729.1119637,83738.99999999999,40,50565330.67051411,bengaluru,sigma=0.75
66,staged_point_learning,31,9,1567672729.1119637,83738.99999999999,40,50565330.67051411,bengaluru,sigma=0.75
66,staged_robust_learning,31,9,1567672729.1119637,83738.99999999999,40,50565330.67051411,bengaluru,sigma=0.75
66,oracle_all_now,40,0,1618238059.7824779,83771.99999999999,40,0.0,bengaluru,sigma=0.75
67,v1_point_all_now,40,0,2154014113.7824774,83772.0,40,0.0,bengaluru,sigma=0.75
67,robust_all_now,40,0,2132781363.0486412,83364.6,40,21232750.733836174,bengaluru,sigma=0.75
67,staged_no_learning,31,9,2075570167.9226894,83364.6,40,78443945.85978794,bengaluru,sigma=0.75
67,staged_point_learning,31,9,2095038370.4220247,83772.0,40,58975743.36045265,bengaluru,sigma=0.75
67,staged_robust_learning,31,9,2095038370.4220247,83772.0,40,58975743.36045265,bengaluru,sigma=0.75
67,oracle_all_now,40,0,2154014113.7824774,83772.0,40,0.0,bengaluru,sigma=0.75
68,v1_point_all_now,40,0,333510034.07734156,61967.600000000006,40,957326529.7051363,bengaluru,sigma=0.75
68,robust_all_now,40,0,998103037.3311181,77104.6,40,292733526.45135975,bengaluru,sigma=0.75
68,staged_no_learning,31,9,968830637.7066469,77104.6,40,322005926.07583094,bengaluru,sigma=0.75
68,staged_point_learning,31,9,1118471938.9146223,80821.79999999999,40,172364624.86785555,bengaluru,sigma=0.75
68,staged_robust_learning,31,9,1118471938.9146223,80821.79999999999,40,172364624.86785555,bengaluru,sigma=0.75
68,oracle_all_now,40,0,1290836563.7824779,83772.0,40,0.0,bengaluru,sigma=0.75
69,v1_point_all_now,40,0,856753523.7459226,76418.1,40,358305536.03655577,bengaluru,sigma=0.75
69,robust_all_now,40,0,1061844086.9625387,80627.4,40,153214972.8199396,bengaluru,sigma=0.75
69,staged_no_learning,31,9,1030031702.7720246,80627.4,40,185027357.0104537,bengaluru,sigma=0.75
69,staged_point_learning,31,9,1136016435.1186118,82999.80000000002,40,79042624.66386652,bengaluru,sigma=0.75
69,staged_robust_learning,31,9,1136016435.1186118,82999.80000000002,40,79042624.66386652,bengaluru,sigma=0.75
69,oracle_all_now,40,0,1215059059.7824783,83772.0,40,0.0,bengaluru,sigma=0.75
70,v1_point_all_now,40,0,-164191599.45800614,35976.399999999994,40,2490996713.2404833,bengaluru,sigma=0.75
70,robust_all_now,40,0,1298543751.7836862,64042.399999999994,40,1028261361.9987912,bengaluru,sigma=0.75
70,staged_no_learning,31,9,1274259681.1159215,64042.399999999994,40,1052545432.6665559,bengaluru,sigma=0.75
70,staged_point_learning,31,9,1692658782.25284,72798.0,40,634146331.5296373,bengaluru,sigma=0.75
70,staged_robust_learning,31,9,1664125488.899003,72200.9,40,662679624.8834743,bengaluru,sigma=0.75
70,oracle_all_now,40,0,2326805113.7824774,83772.0,40,0.0,bengaluru,sigma=0.75
71,v1_point_all_now,40,0,381363016.727191,70027.7,40,452946147.0552864,bengaluru,sigma=0.75
71,robust_all_now,40,0,637955494.7425985,77813.8,40,196353669.03987885,bengaluru,sigma=0.75
71,staged_no_learning,31,9,611064177.111723,77813.8,40,223244986.67075443,bengaluru,sigma=0.75
71,staged_point_learning,31,9,692793649.4578252,80518.59999999999,40,141515514.3246522,bengaluru,sigma=0.75
71,staged_robust_learning,31,9,692793649.4578252,80518.59999999999,40,141515514.3246522,bengaluru,sigma=0.75
71,oracle_all_now,40,0,834309163.7824774,83771.99999999999,40,0.0,bengaluru,sigma=0.75
72,v1_point_all_now,40,0,-1005225627.7435045,32311.399999999994,40,1471723679.4951663,bengaluru,sigma=0.75
72,robust_all_now,40,0,-9289538.668126583,65270.100000000006,40,475787590.41978836,bengaluru,sigma=0.75
72,staged_no_learning,31,9,-18603047.242174387,65270.100000000006,40,485101098.99383616,bengaluru,sigma=0.75
72,staged_point_learning,31,9,121048577.60036302,70310.5,40,345449474.15129876,bengaluru,sigma=0.75
72,staged_robust_learning,31,9,156041832.53571057,71573.5,40,310456219.2159512,bengaluru,sigma=0.75
72,oracle_all_now,34,0,466498051.7516618,71178.79999999999,34,0.0,bengaluru,sigma=0.75
73,v1_point_all_now,40,0,240380090.45090675,66860.5,40,511026623.3315711,bengaluru,sigma=0.75
73,robust_all_now,40,0,596767637.1246228,78654.5,40,154639076.65785503,bengaluru,sigma=0.75
73,staged_no_learning,31,9,570070323.1772814,78654.5,40,181336390.60519648,bengaluru,sigma=0.75
73,staged_point_learning,31,9,636837342.7680964,81064.29999999999,40,114569371.01438141,bengaluru,sigma=0.75
73,staged_robust_learning,31,9,636837342.7680964,81064.29999999999,40,114569371.01438141,bengaluru,sigma=0.75
73,oracle_all_now,40,0,751406713.7824779,83772.0,40,0.0,bengaluru,sigma=0.75
74,v1_point_all_now,40,0,-815620749.7081566,35794.600000000006,40,2093013541.435649,bengaluru,sigma=0.75
74,robust_all_now,40,0,493158120.12024164,65603.79999999999,40,784234671.6072507,bengaluru,sigma=0.75
74,staged_no_learning,31,9,479924863.20888186,65603.79999999999,40,797467928.5186105,bengaluru,sigma=0.75
74,staged_point_learning,31,9,790519529.9849544,73319.19999999998,40,486873261.742538,bengaluru,sigma=0.75
74,staged_robust_learning,31,9,790519529.9849544,73319.19999999998,40,486873261.742538,bengaluru,sigma=0.75
74,oracle_all_now,40,0,1277392791.7274923,83465.79999999999,40,0.0,bengaluru,sigma=0.75
75,v1_point_all_now,40,0,1751612563.7824779,83772.0,40,0.0,bengaluru,sigma=0.75
75,robust_all_now,40,0,1736592595.0691848,83429.9,40,15019968.713293076,bengaluru,sigma=0.75
75,staged_no_learning,31,9,1685141209.4587317,83429.9,40,66471354.323746204,bengaluru,sigma=0.75
75,staged_point_learning,31,9,1685141209.4587317,83429.9,40,66471354.323746204,bengaluru,sigma=0.75
75,staged_robust_learning,31,9,1685141209.4587317,83429.9,40,66471354.323746204,bengaluru,sigma=0.75
75,oracle_all_now,40,0,1751612563.7824779,83772.0,40,0.0,bengaluru,sigma=0.75
76,v1_point_all_now,40,0,805532563.7824779,83772.0,40,0.0,bengaluru,sigma=0.75
76,robust_all_now,40,0,805532563.7824779,83772.0,40,0.0,bengaluru,sigma=0.75
76,staged_no_learning,31,9,771771578.1720247,83772.0,40,33760985.61045313,bengaluru,sigma=0.75
76,staged_point_learning,31,9,771771578.1720247,83772.0,40,33760985.61045313,bengaluru,sigma=0.75
76,staged_robust_learning,31,9,771771578.1720247,83772.0,40,33760985.61045313,bengaluru,sigma=0.75
76,oracle_all_now,40,0,805532563.7824779,83772.0,40,0.0,bengaluru,sigma=0.75
77,v1_point_all_now,40,0,-919701616.8066461,59922.0,40,919701616.8066461,bengaluru,sigma=0.75
77,robust_all_now,40,0,-208999457.63776398,83441.4,40,208999457.63776398,bengaluru,sigma=0.75
77,staged_no_learning,31,9,-223146666.1952567,83441.4,40,223146666.1952567,bengaluru,sigma=0.75
77,staged_point_learning,31,9,-213986911.57797527,83772.0,40,213986911.57797527,bengaluru,sigma=0.75
77,staged_robust_learning,31,9,-213986911.57797527,83772.0,40,213986911.57797527,bengaluru,sigma=0.75
77,oracle_all_now,0,0,0.0,0.0,0,0.0,bengaluru,sigma=0.75
78,v1_point_all_now,40,0,1075337059.7824783,83772.0,40,0.0,bengaluru,sigma=0.75
78,robust_all_now,40,0,869722426.1915417,78328.6,40,205614633.59093666,bengaluru,sigma=0.75
78,staged_no_learning,31,9,844478503.8680377,78328.6,40,230858555.91444063,bengaluru,sigma=0.75
78,staged_point_learning,31,9,994108019.4506354,82648.9,40,81229040.3318429,bengaluru,sigma=0.75
78,staged_robust_learning,31,9,994108019.4506354,82648.9,40,81229040.3318429,bengaluru,sigma=0.75
78,oracle_all_now,40,0,1075337059.7824783,83772.0,40,0.0,bengaluru,sigma=0.75
79,v1_point_all_now,40,0,36249226.88398886,56263.40000000001,40,1039087832.89849,bengaluru,sigma=0.75
79,robust_all_now,40,0,1017226769.8320246,82233.59999999999,40,58110289.950454235,bengaluru,sigma=0.75
79,staged_no_learning,31,9,980810639.0015717,82233.59999999999,40,94526420.78090715,bengaluru,sigma=0.75
79,staged_point_learning,31,9,1007177546.4415722,82994.90000000001,40,68159513.34090662,bengaluru,sigma=0.75
79,staged_robust_learning,31,9,1007177546.4415722,82994.90000000001,40,68159513.34090662,bengaluru,sigma=0.75
79,oracle_all_now,40,0,1075337059.7824788,83772.00000000001,40,0.0,bengaluru,sigma=0.75
0,v1_point_all_now,23,0,1029841709.3749256,48168.90000000001,23,405114720.8344407,pune,sigma=0.25
0,robust_all_now,23,0,1029841709.3749256,48168.90000000001,23,405114720.8344407,pune,sigma=0.25
0,staged_no_learning,13,10,971854575.9410887,48168.90000000001,23,463101854.26827765,pune,sigma=0.25
0,staged_point_learning,13,18,1141571441.2887611,61742.499999999985,31,293384988.9206052,pune,sigma=0.25
0,staged_robust_learning,13,21,1346586318.5300913,69997.09999999999,34,88370111.67927504,pune,sigma=0.25
0,oracle_all_now,33,0,1434956430.2093663,68236.7,33,0.0,pune,sigma=0.25
1,v1_point_all_now,23,0,634890539.3749254,48168.90000000001,23,162492220.73746228,pune,sigma=0.25
1,robust_all_now,23,0,634890539.3749254,48168.90000000001,23,162492220.73746228,pune,sigma=0.25
1,staged_no_learning,13,10,591174025.9410884,48168.90000000001,23,206208734.17129922,pune,sigma=0.25
1,staged_point_learning,13,17,719723573.5161939,61845.09999999999,30,77659186.59619379,pune,sigma=0.25
1,staged_robust_learning,13,16,730567736.8481579,60734.7,29,66815023.264229774,pune,sigma=0.25
1,oracle_all_now,29,0,797382760.1123877,60651.8,29,0.0,pune,sigma=0.25
2,v1_point_all_now,23,0,629046315.2332327,33773.2,23,354519435.5169184,pune,sigma=0.25
2,robust_all_now,23,0,707961005.0839882,35211.8,23,275604745.66616297,pune,sigma=0.25
2,staged_no_learning,13,10,694990572.5691242,35211.8,23,288575178.18102694,pune,sigma=0.25
2,staged_point_learning,13,7,829844196.4850147,34859.59999999999,20,153721554.26513648,pune,sigma=0.25
2,staged_robust_learning,13,5,933583167.6939576,34899.899999999994,18,49982583.05619359,pune,sigma=0.25
2,oracle_all_now,16,0,983565750.7501512,33447.3,16,0.0,pune,sigma=0.25
3,v1_point_all_now,23,0,1602884325.4249253,48168.90000000001,23,444826834.3705435,pune,sigma=0.25
3,robust_all_now,23,0,1602884325.4249253,48168.90000000001,23,444826834.3705435,pune,sigma=0.25
3,staged_no_learning,13,10,1524191661.6910882,48168.90000000001,23,523519498.1043806,pune,sigma=0.25
3,staged_point_learning,13,14,1771477087.5758004,56546.09999999999,27,276234072.2196684,pune,sigma=0.25
3,staged_robust_learning,13,18,1931571344.3876438,63098.7,31,116139815.407825,pune,sigma=0.25
3,oracle_all_now,30,0,2047711159.7954688,62003.8,30,0.0,pune,sigma=0.25
4,v1_point_all_now,23,0,489685626.0646529,42790.59999999999,23,112785003.82658577,pune,sigma=0.25
4,robust_all_now,23,0,556933252.9489434,44570.90000000001,23,45537376.94229531,pune,sigma=0.25
4,staged_no_learning,13,10,522417464.5833845,44570.90000000001,23,80053165.30785418,pune,sigma=0.25
4,staged_point_learning,13,7,570403333.4875529,41885.999999999985,20,32067296.40368581,pune,sigma=0.25
4,staged_robust_learning,13,6,544860844.336375,39791.7,19,57609785.55486369,pune,sigma=0.25
4,oracle_all_now,20,0,602470629.8912387,41885.999999999985,20,0.0,pune,sigma=0.25
5,v1_point_all_now,23,0,1557291164.3749256,48168.90000000001,23,731663322.5731115,pune,sigma=0.25
5,robust_all_now,23,0,1557291164.3749256,48168.90000000001,23,731663322.5731115,pune,sigma=0.25
5,staged_no_learning,13,10,1480245900.9410887,48168.90000000001,23,808708586.0069485,pune,sigma=0.25
5,staged_point_learning,13,20,2080283752.4528718,69111.90000000001,33,208670734.49516535,pune,sigma=0.25
5,staged_robust_learning,13,24,2057988761.958612,72694.90000000001,37,230965724.98942518,pune,sigma=0.25
5,oracle_all_now,34,0,2288954486.948037,70986.2,34,0.0,pune,sigma=0.25
6,v1_point_all_now,23,0,1029841709.3749256,48168.90000000001,23,714476419.1468277,pune,sigma=0.25
6,robust_all_now,23,0,1029841709.3749256,48168.90000000001,23,714476419.1468277,pune,sigma=0.25
6,staged_no_learning,13,10,971854575.9410887,48168.90000000001,23,772463552.5806646,pune,sigma=0.25
6,staged_point_learning,13,27,1522457004.308219,81264.8,40,221861124.21353436,pune,sigma=0.25
6,staged_robust_learning,13,27,1634463799.5111184,83771.99999999999,40,109854329.0106349,pune,sigma=0.25
6,oracle_all_now,40,0,1744318128.5217533,82813.3,40,0.0,pune,sigma=0.25
7,v1_point_all_now,23,0,498146546.7628405,48056.5,23,4245707.612084389,pune,sigma=0.25
7,robust_all_now,23,0,470088614.25166154,47313.69999999998,23,32303640.12326336,pune,sigma=0.25
7,staged_no_learning,13,10,433844205.56779456,47313.69999999998,23,68548048.80713034,pune,sigma=0.25
7,staged_point_learning,13,7,409612527.48755336,41886.0,20,92779726.88737154,pune,sigma=0.25
7,staged_robust_learning,13,12,460573589.6301515,51237.5,25,41818664.74477339,pune,sigma=0.25
7,oracle_all_now,23,0,502392254.3749249,48168.899999999994,23,0.0,pune,sigma=0.25
8,v1_point_all_now,23,0,-308954362.3719034,25241.899999999994,23,531475076.0190333,pune,sigma=0.25
8,robust_all_now,23,0,-282234286.7018126,26052.699999999997,23,504755000.3489425,pune,sigma=0.25
8,staged_no_learning,13,10,-264354511.39649546,26052.699999999997,23,486875225.04362535,pune,sigma=0.25
8,staged_point_learning,13,0,182912460.10392737,25116.399999999994,13,39608253.54320252,pune,sigma=0.25
8,staged_robust_learning,13,0,182912460.10392737,25116.399999999994,13,39608253.54320252,pune,sigma=0.25
8,oracle_all_now,12,0,222520713.6471299,24813.199999999997,12,0.0,pune,sigma=0.25
9,v1_point_all_now,23,0,333452120.1052871,45454.09999999999,23,82035010.31963801,pune,sigma=0.25
9,robust_all_now,23,0,415487130.4249251,48168.90000000001,23,0.0,pune,sigma=0.25
9,staged_no_learning,13,10,379698236.6910882,48168.90000000001,23,35788893.73383689,pune,sigma=0.25
9,staged_point_learning,13,8,350726699.7487314,43980.3,21,64760430.676193714,pune,sigma=0.25
9,staged_robust_learning,13,15,271954761.1379764,52137.500000000015,28,143532369.28694868,pune,sigma=0.25
9,oracle_all_now,23,0,415487130.4249251,48168.90000000001,23,0.0,pune,sigma=0.25
10,v1_point_all_now,23,0,1164507919.1749244,48168.899999999994,23,756001259.8574028,pune,sigma=0.25
10,robust_all_now,23,0,1164507919.1749244,48168.899999999994,23,756001259.8574028,pune,sigma=0.25
10,staged_no_learning,13,10,1101654942.9410875,48168.899999999994,23,818854236.0912397,pune,sigma=0.25
10,staged_point_learning,13,26,1659270881.108581,77904.1,39,261238297.9237461,pune,sigma=0.25
10,staged_robust_learning,13,25,1766837165.008762,79583.4,38,153672014.0235653,pune,sigma=0.25
10,oracle_all_now,39,0,1920509179.0323272,80445.70000000001,39,0.0,pune,sigma=0.25
11,v1_point_all_now,23,0,1187278563.0039282,40441.7,23,190042963.3749237,pune,sigma=0.25
11,robust_all_now,23,0,1315050817.5501513,42582.899999999994,23,62270708.82870054,pune,sigma=0.25
11,staged_no_learning,13,10,1262415854.6697888,42582.899999999994,23,114905671.70906305,pune,sigma=0.25
11,staged_point_learning,13,9,1231904491.5038676,41094.0,22,145417034.87498426,pune,sigma=0.25
11,staged_robust_learning,13,14,1045425654.3872514,42342.0,27,331895871.9916005,pune,sigma=0.25
11,oracle_all_now,20,0,1377321526.378852,40946.59999999999,20,0.0,pune,sigma=0.25
12,v1_point_all_now,23,0,754153723.3271909,44209.7,23,97006918.6265862,pune,sigma=0.25
12,robust_all_now,23,0,828066816.8105745,45726.7,23,23093825.143202543,pune,sigma=0.25
12,staged_no_learning,13,10,782959669.4300303,45726.7,23,68200972.52374673,pune,sigma=0.25
12,staged_point_learning,13,12,644559768.2563746,45220.09999999999,25,206600873.69740248,pune,sigma=0.25
12,staged_robust_learning,13,9,840843681.4300303,45726.7,22,10316960.523746729,pune,sigma=0.25
12,oracle_all_now,21,0,851160641.9537771,43702.3,21,0.0,pune,sigma=0.25
13,v1_point_all_now,23,0,710567459.7845924,39149.7,23,162568315.4160118,pune,sigma=0.25
13,robust_all_now,23,0,783832066.0163143,40818.399999999994,23,89303709.18428993,pune,sigma=0.25
13,staged_no_learning,13,10,749893082.2504532,40818.399999999994,23,123242692.95015097,pune,sigma=0.25
13,staged_point_learning,13,6,847476792.3952267,39042.0,19,25658982.805377483,pune,sigma=0.25
13,staged_robust_learning,13,6,876880108.4401813,39772.399999999994,19,-3744333.239577055,pune,sigma=0.25
13,oracle_all_now,19,0,873135775.2006042,38858.399999999994,19,0.0,pune,sigma=0.25
14,v1_point_all_now,23,0,1623527714.3749247,48168.899999999994,23,324907072.3259826,pune,sigma=0.25
14,robust_all_now,23,0,1623527714.3749247,48168.899999999994,23,324907072.3259826,pune,sigma=0.25
14,staged_no_learning,13,10,1544089150.9410877,48168.899999999994,23,404345635.7598195,pune,sigma=0.25
14,staged_point_learning,13,22,1550150289.6893663,59672.0,35,398284497.0115409,pune,sigma=0.25
14,staged_robust_learning,13,20,1681667576.3721457,60177.0,33,266767210.32876158,pune,sigma=0.25
14,oracle_all_now,29,0,1948434786.7009072,59082.0,29,0.0,pune,sigma=0.25
15,v1_point_all_now,23,0,594942498.1865561,31053.5,23,342107044.8551359,pune,sigma=0.25
15,robust_all_now,23,0,664952203.7848945,32396.800000000003,23,272097339.25679755,pune,sigma=0.25
15,staged_no_learning,13,10,658761061.4339278,32396.800000000003,23,278288481.60776424,pune,sigma=0.25
15,staged_point_learning,13,3,926205855.7559822,31712.300000000003,16,10843687.285709858,pune,sigma=0.25
15,staged_robust_learning,13,3,927261936.4512084,31734.399999999994,16,9787606.590483665,pune,sigma=0.25
15,oracle_all_now,16,0,937049543.041692,31640.800000000003,16,0.0,pune,sigma=0.25
16,v1_point_all_now,23,0,472348066.23111796,29407.5,23,416028907.38821745,pune,sigma=0.25
16,robust_all_now,23,0,569299145.6432023,31174.899999999994,23,319077827.9761331,pune,sigma=0.25
16,staged_no_learning,13,10,571729790.1407249,31174.899999999994,23,316647183.4786105,pune,sigma=0.25
16,staged_point_learning,13,4,802327340.2079151,30086.59999999999,17,86049633.41142035,pune,sigma=0.25
16,staged_robust_learning,13,0,848547010.7507555,27223.5,13,39829962.868579865,pune,sigma=0.25
16,oracle_all_now,15,0,888376973.6193354,29758.0,15,0.0,pune,sigma=0.25
17,v1_point_all_now,23,0,942936585.4249251,48168.90000000001,23,125373669.34501433,pune,sigma=0.25
17,robust_all_now,23,0,942936585.4249251,48168.90000000001,23,125373669.34501433,pune,sigma=0.25
17,staged_no_learning,13,10,888089561.6910882,48168.90000000001,23,180220693.07885122,pune,sigma=0.25
17,staged_point_learning,13,12,959114642.6334438,52357.499999999985,25,109195612.13649559,pune,sigma=0.25
17,staged_robust_learning,13,15,1018469193.0500007,57390.40000000001,28,49841061.719938755,pune,sigma=0.25
17,oracle_all_now,27,0,1068310254.7699394,55608.09999999999,27,0.0,pune,sigma=0.25
18,v1_point_all_now,23,0,50574887.44108784,31708.0,23,290794546.3175229,pune,sigma=0.25
18,robust_all_now,23,0,91704198.08867109,33069.100000000006,23,249665235.66993964,pune,sigma=0.25
18,staged_no_learning,13,10,89047055.33894289,33069.100000000006,23,252322378.41966784,pune,sigma=0.25
18,staged_point_learning,13,4,308575320.5609367,32707.5,17,32794113.197674036,pune,sigma=0.25
18,staged_robust_learning,13,4,314534979.418097,32922.600000000006,17,26834454.340513706,pune,sigma=0.25
18,oracle_all_now,15,0,341369433.7586107,30884.600000000006,15,0.0,pune,sigma=0.25
19,v1_point_all_now,23,0,-278589325.0691836,19444.90000000001,23,694451444.9015101,pune,sigma=0.25
19,robust_all_now,23,0,-220862078.4250754,20629.699999999997,23,636724198.257402,pune,sigma=0.25
19,staged_no_learning,13,10,-201184959.15057385,20629.699999999997,23,617047078.9829004,pune,sigma=0.25
19,staged_point_learning,13,0,265912049.10876155,19680.0,13,149950070.72356498,pune,sigma=0.25
19,staged_robust_learning,13,0,265912049.10876155,19680.0,13,149950070.72356498,pune,sigma=0.25
19,oracle_all_now,10,0,415862119.83232653,19475.5,10,0.0,pune,sigma=0.25
20,v1_point_all_now,23,0,110104752.1638974,23312.5,23,415827938.0429002,pune,sigma=0.25
20,robust_all_now,23,0,143561741.46283984,24125.199999999997,23,382370948.74395776,pune,sigma=0.25
20,staged_no_learning,13,10,149852390.3206042,24125.199999999997,23,376080299.8861934,pune,sigma=0.25
20,staged_point_learning,13,0,469256911.7842897,23063.59999999999,13,56675778.42250788,pune,sigma=0.25
20,staged_robust_learning,13,0,469256911.7842897,23063.59999999999,13,56675778.42250788,pune,sigma=0.25
20,oracle_all_now,11,0,525932690.2067976,22645.699999999997,11,0.0,pune,sigma=0.25
21,v1_point_all_now,23,0,826982308.3000002,40481.3,23,155062083.25196433,pune,sigma=0.25
21,robust_all_now,23,0,941640736.522054,43092.79999999999,23,40403655.029910564,pune,sigma=0.25
21,staged_no_learning,13,10,897309142.5908759,43092.79999999999,23,84735248.96108866,pune,sigma=0.25
21,staged_point_learning,13,8,951576909.0280967,42455.399999999994,21,30467482.523867846,pune,sigma=0.25
21,staged_robust_learning,13,8,972151984.0973415,42966.5,21,9892407.454622984,pune,sigma=0.25
21,oracle_all_now,20,0,982044391.5519645,41189.70000000001,20,0.0,pune,sigma=0.25
22,v1_point_all_now,23,0,692841224.3749249,48168.899999999994,23,271239617.3054378,pune,sigma=0.25
22,robust_all_now,23,0,692841224.3749249,48168.899999999994,23,271239617.3054378,pune,sigma=0.25
22,staged_no_learning,13,10,647030800.941088,48168.899999999994,23,317050040.73927474,pune,sigma=0.25
22,staged_point_learning,13,21,889239208.6418743,70087.1,34,74841633.03848839,pune,sigma=0.25
22,staged_robust_learning,13,23,839923519.6937165,71376.79999999999,36,124157321.98664618,pune,sigma=0.25
22,oracle_all_now,33,0,964080841.6803627,68317.79999999999,33,0.0,pune,sigma=0.25
23,v1_point_all_now,23,0,-77413091.0371604,23827.29999999999,23,701482651.9175227,pune,sigma=0.25
23,robust_all_now,23,0,-28254309.37492466,24651.09999999999,23,652323870.2552869,pune,sigma=0.25
23,staged_no_learning,13,10,3103077.1029605865,24651.09999999999,23,620966483.7774017,pune,sigma=0.25
23,staged_point_learning,13,0,599068088.3534746,24240.0,13,25001472.526887655,pune,sigma=0.25
23,staged_robust_learning,13,0,599068088.3534746,24240.0,13,25001472.526887655,pune,sigma=0.25
23,oracle_all_now,12,0,624069560.8803623,23566.59999999999,12,0.0,pune,sigma=0.25
24,v1_point_all_now,23,0,1698050129.3749256,48168.90000000001,23,109639321.85619354,pune,sigma=0.25
24,robust_all_now,23,0,1698050129.3749256,48168.90000000001,23,109639321.85619354,pune,sigma=0.25
24,staged_no_learning,13,10,1615918875.9410887,48168.90000000001,23,191770575.29003048,pune,sigma=0.25
24,staged_point_learning,13,9,1550303734.7899103,46074.600000000006,22,257385716.44120884,pune,sigma=0.25
24,staged_robust_learning,13,14,1723516774.1859217,53715.7,27,84172677.04519749,pune,sigma=0.25
24,oracle_all_now,26,0,1807689451.2311192,52577.500000000015,26,0.0,pune,sigma=0.25
25,v1_point_all_now,23,0,1536622590.4249253,48168.90000000001,23,542951759.6673713,pune,sigma=0.25
25,robust_all_now,23,0,1536622590.4249253,48168.90000000001,23,542951759.6673713,pune,sigma=0.25
25,staged_no_learning,13,10,1460324136.6910882,48168.90000000001,23,619250213.4012084,pune,sigma=0.25
25,staged_point_learning,13,15,1756223299.0469794,58640.40000000001,28,323351051.0453172,pune,sigma=0.25
25,staged_robust_learning,13,16,1815403131.518157,60734.7,29,264171218.5741396,pune,sigma=0.25
25,oracle_all_now,32,0,2079574350.0922966,65898.3,32,0.0,pune,sigma=0.25
26,v1_point_all_now,23,0,-35331550.82326245,24532.5,23,746615090.6404834,pune,sigma=0.25
26,robust_all_now,23,0,113201009.79274988,27021.600000000006,23,598082530.024471,pune,sigma=0.25
26,staged_no_learning,13,10,135993461.08930588,27021.600000000006,23,575290078.727915,pune,sigma=0.25
26,staged_point_learning,13,0,637461824.8447139,24883.40000000001,13,73821714.972507,pune,sigma=0.25
26,staged_robust_learning,13,0,637461824.8447139,24883.40000000001,13,73821714.972507,pune,sigma=0.25
26,oracle_all_now,13,0,711283539.8172209,26120.5,13,0.0,pune,sigma=0.25
27,v1_point_all_now,23,0,649261052.2412386,37616.09999999999,23,222228411.3338368,pune,sigma=0.25
27,robust_all_now,23,0,773929196.3214502,40644.399999999994,23,97560267.25362515,pune,sigma=0.25
27,staged_no_learning,13,10,739739322.5176737,40644.399999999994,23,131750141.05740166,pune,sigma=0.25
27,staged_point_learning,13,12,571029797.4412992,38184.5,25,300459666.1337762,pune,sigma=0.25
27,staged_robust_learning,13,7,852199945.8840787,40609.3,20,19289517.690996647,pune,sigma=0.25
27,oracle_all_now,19,0,871489463.5750754,39215.09999999999,19,0.0,pune,sigma=0.25
28,v1_point_all_now,23,0,296832604.4722054,46981.79999999999,23,21508958.429909945,pune,sigma=0.25
28,robust_all_now,23,0,332704035.4249246,48168.899999999994,23,-14362472.522809267,pune,sigma=0.25
28,staged_no_learning,13,10,299906311.6910877,48168.899999999994,23,18435251.211027622,pune,sigma=0.25
28,staged_point_learning,13,11,226046963.0220852,47193.70000000001,24,92294599.88003016,pune,sigma=0.25
28,staged_robust_learning,13,16,54931734.50450182,49470.600000000006,29,263409828.39761353,pune,sigma=0.25
28,oracle_all_now,23,0,318341562.90211535,47693.600000000006,23,0.0,pune,sigma=0.25
29,v1_point_all_now,23,0,506581275.4249251,48168.90000000001,23,220252728.44561958,pune,sigma=0.25
29,robust_all_now,23,0,506581275.4249251,48168.90000000001,23,220252728.44561958,pune,sigma=0.25
29,staged_no_learning,13,10,467500911.6910882,48168.90000000001,23,259333092.17945647,pune,sigma=0.25
29,staged_point_learning,13,20,648673276.4028709,69111.90000000001,33,78160727.46767378,pune,sigma=0.25
29,staged_robust_learning,13,22,665959303.5413599,72616.59999999999,35,60874700.32918477,pune,sigma=0.25
29,oracle_all_now,33,0,726834003.8705447,69111.90000000001,33,0.0,pune,sigma=0.25
30,v1_point_all_now,23,0,1747740134.3749247,48168.899999999994,23,1291807925.4075537,pune,sigma=0.25
30,robust_all_now,23,0,1747740134.3749247,48168.899999999994,23,1291807925.4075537,pune,sigma=0.25
30,staged_no_learning,13,10,1663813450.9410877,48168.899999999994,23,1375734608.8413906,pune,sigma=0.25
30,staged_point_learning,13,27,2812946014.511119,83772.0,40,226602045.27135944,pune,sigma=0.25
30,staged_robust_learning,13,27,2812946014.511119,83772.0,40,226602045.27135944,pune,sigma=0.25
30,oracle_all_now,40,0,3039548059.7824783,83772.0,40,0.0,pune,sigma=0.25
31,v1_point_all_now,23,0,1079117882.9767385,40155.70000000001,23,262928720.1172204,pune,sigma=0.25
31,robust_all_now,23,0,1246459436.0422964,42960.0,23,95587167.05166245,pune,sigma=0.25
31,staged_no_learning,13,10,1195245850.4881577,42960.0,23,146800752.6058011,pune,sigma=0.25
31,staged_point_learning,13,7,1118222764.1447139,38559.40000000001,20,223823838.94924498,pune,sigma=0.25
31,staged_robust_learning,13,6,1240230760.3363757,39791.70000000001,19,101815842.75758314,pune,sigma=0.25
31,oracle_all_now,20,0,1342046603.0939589,41682.90000000001,20,0.0,pune,sigma=0.25
32,v1_point_all_now,23,0,432058860.4249251,48168.90000000001,23,319347853.35755324,pune,sigma=0.25
32,robust_all_now,23,0,432058860.4249251,48168.90000000001,23,319347853.35755324,pune,sigma=0.25
32,staged_no_learning,13,10,395671186.6910882,48168.90000000001,23,355735527.09139013,pune,sigma=0.25
32,staged_point_learning,13,22,577427992.3452275,73300.50000000001,35,173978721.43725085,pune,sigma=0.25
32,staged_robust_learning,13,27,653159994.701119,83772.00000000001,40,98246719.08135939,pune,sigma=0.25
32,oracle_all_now,40,0,751406713.7824783,83772.00000000001,40,0.0,pune,sigma=0.25
33,v1_point_all_now,23,0,184594708.88277984,21973.800000000003,23,565494816.1060419,pune,sigma=0.25
33,robust_all_now,23,0,245180908.22930574,22989.100000000006,23,504908616.759516,pune,sigma=0.25
33,staged_no_learning,13,10,262068138.75975895,22989.100000000006,23,488021386.2290628,pune,sigma=0.25
33,staged_point_learning,13,0,698384396.4803629,22375.0,13,51705128.50845885,pune,sigma=0.25
33,staged_robust_learning,13,0,698384396.4803629,22375.0,13,51705128.50845885,pune,sigma=0.25
33,oracle_all_now,11,0,750089524.9888217,21599.699999999997,11,0.0,pune,sigma=0.25
34,v1_point_all_now,23,0,-78305800.14169097,29163.90000000001,23,557308045.0441084,pune,sigma=0.25
34,robust_all_now,23,0,-33675349.49516535,30079.90000000001,23,512677594.39758277,pune,sigma=0.25
34,staged_no_learning,13,10,-12569622.023443222,30079.90000000001,23,491571866.92586064,pune,sigma=0.25
34,staged_point_learning,13,4,342082970.6977649,29712.300000000003,17,136919274.20465255,pune,sigma=0.25
34,staged_robust_learning,13,2,465944324.11359596,29716.100000000006,15,13057920.788821459,pune,sigma=0.25
34,oracle_all_now,14,0,479002244.9024174,28561.300000000003,14,0.0,pune,sigma=0.25
35,v1_point_all_now,23,0,1267157622.1996984,42236.100000000006,23,123188579.48851919,pune,sigma=0.25
35,robust_all_now,23,0,1361333028.5223565,43952.899999999994,23,29013173.16586113,pune,sigma=0.25
35,staged_no_learning,13,10,1302231531.082477,43952.899999999994,23,88114670.60574055,pune,sigma=0.25
35,staged_point_learning,13,12,1180442690.0354686,43278.100000000006,25,209903511.65274906,pune,sigma=0.25
35,staged_robust_learning,13,9,1341423030.4978242,43858.79999999999,22,48923171.19039345,pune,sigma=0.25
35,oracle_all_now,21,0,1390346201.6882176,42817.8,21,0.0,pune,sigma=0.25
36,v1_point_all_now,23,0,977125318.8283992,44373.2,23,106982603.75196338,pune,sigma=0.25
36,robust_all_now,23,0,1133385555.424925,48168.90000000001,23,-49277632.84456253,pune,sigma=0.25
36,staged_no_learning,13,10,1071657111.6910882,48168.90000000001,23,12450810.889274359,pune,sigma=0.25
36,staged_point_learning,13,11,1007075033.5644414,47410.3,24,77032889.01592112,pune,sigma=0.25
36,staged_robust_learning,13,9,1028552323.2199092,46074.59999999999,22,55555599.36045337,pune,sigma=0.25
36,oracle_all_now,22,0,1084107922.5803626,46074.59999999999,22,0.0,pune,sigma=0.25
37,v1_point_all_now,23,0,360461407.4400301,30600.899999999994,23,299863512.0799093,pune,sigma=0.25
37,robust_all_now,23,0,418372010.1800604,32007.59999999999,23,241952909.33987904,pune,sigma=0.25
37,staged_no_learning,13,10,412002996.93622327,32007.59999999999,23,248321922.58371615,pune,sigma=0.25
37,staged_point_learning,13,5,563083756.6718128,30986.0,18,97241162.84812665,pune,sigma=0.25
37,staged_robust_learning,13,3,665853996.3684895,31699.0,16,-5529076.848550081,pune,sigma=0.25
37,oracle_all_now,15,0,660324919.5199394,30286.59999999999,15,0.0,pune,sigma=0.25
38,v1_point_all_now,23,0,1170600674.3749256,48168.90000000001,23,172214157.61299133,pune,sigma=0.25
38,robust_all_now,23,0,1160149548.1045327,47954.40000000001,23,182665283.88338423,pune,sigma=0.25
38,staged_no_learning,13,10,1097944965.758007,47954.40000000001,23,244869866.2299099,pune,sigma=0.25
38,staged_point_learning,13,10,1107527550.9410887,48168.90000000001,23,235287281.04682827,pune,sigma=0.25
38,staged_robust_learning,13,12,1196704289.2434454,52357.500000000015,25,146110542.74447155,pune,sigma=0.25
38,oracle_all_now,28,0,1342814831.987917,56952.000000000015,28,0.0,pune,sigma=0.25
39,v1_point_all_now,23,0,1418725309.1749244,48168.899999999994,23,70146903.73534727,pune,sigma=0.25
39,robust_all_now,23,0,1402213894.1567974,47867.899999999994,23,86658318.75347424,pune,sigma=0.25
39,staged_no_learning,13,10,1331547559.445015,47867.899999999994,23,157324653.4652567,pune,sigma=0.25
39,staged_point_learning,13,12,1422154097.3019342,51691.600000000006,25,66718115.6083374,pune,sigma=0.25
39,staged_robust_learning,13,14,1374586209.0445323,52768.100000000006,27,114286003.86573935,pune,sigma=0.25
39,oracle_all_now,25,0,1488872212.9102716,51387.29999999999,25,0.0,pune,sigma=0.25
40,v1_point_all_now,23,0,846230108.5353477,35921.2,23,229401388.48519635,pune,sigma=0.25
40,robust_all_now,23,0,899335427.0703931,36889.3,23,176296069.95015097,pune,sigma=0.25
40,staged_no_learning,13,10,874512779.4705744,36889.3,23,201118717.54996967,pune,sigma=0.25
40,staged_point_learning,13,6,1027102462.4764953,36193.59999999999,19,48529034.544048786,pune,sigma=0.25
40,staged_robust_learning,13,7,1012311458.8503926,36831.899999999994,20,63320038.17015147,pune,sigma=0.25
40,oracle_all_now,18,0,1075631497.020544,35647.8,18,0.0,pune,sigma=0.25
41,v1_point_all_now,23,0,853426197.5785501,42403.5,23,78515934.88610268,pune,sigma=0.25
41,robust_all_now,23,0,899886679.5791543,43461.7,23,32055452.885498524,pune,sigma=0.25
41,staged_no_learning,13,10,855309421.8940184,43461.7,23,76632710.57063437,pune,sigma=0.25
41,staged_point_learning,13,8,907120511.226224,42648.5,21,24821621.23842883,pune,sigma=0.25
41,staged_robust_learning,13,8,929032100.6611485,43192.8,21,2910031.8035042286,pune,sigma=0.25
41,oracle_all_now,21,0,931942132.4646528,42194.8,21,0.0,pune,sigma=0.25
42,v1_point_all_now,23,0,592108823.0132928,29635.59999999999,23,436368115.8066468,pune,sigma=0.25
42,robust_all_now,23,0,714761117.0513599,31691.0,23,313715821.7685797,pune,sigma=0.25
42,staged_no_learning,13,10,709532775.630393,31691.0,23,318944163.1895466,pune,sigma=0.25
42,staged_point_learning,13,5,929686447.5806041,31239.399999999994,18,98790491.23933554,pune,sigma=0.25
42,staged_robust_learning,13,5,938254668.8751059,31396.0,18,90222269.94483376,pune,sigma=0.25
42,oracle_all_now,16,0,1028476938.8199396,30948.59999999999,16,0.0,pune,sigma=0.25
43,v1_point_all_now,23,0,593486399.3749249,48168.899999999994,23,43822456.593655586,pune,sigma=0.25
43,robust_all_now,23,0,593486399.3749249,48168.899999999994,23,43822456.593655586,pune,sigma=0.25
43,staged_no_learning,13,10,551265925.941088,48168.899999999994,23,86042930.02749252,pune,sigma=0.25
43,staged_point_learning,13,13,525484555.73710036,51838.0,26,111824300.23148012,pune,sigma=0.25
43,staged_robust_learning,13,13,600238703.9290035,53996.399999999994,26,37070152.03957701,pune,sigma=0.25
43,oracle_all_now,25,0,637308855.9685805,52151.399999999994,25,0.0,pune,sigma=0.25
44,v1_point_all_now,23,0,1058791235.1492445,36626.399999999994,23,207729417.10755324,pune,sigma=0.25
44,robust_all_now,23,0,1116306911.71571,37674.899999999994,23,150213740.54108787,pune,sigma=0.25
44,staged_no_learning,13,10,1082235250.3072505,37674.899999999994,23,184285401.9495473,pune,sigma=0.25
44,staged_point_learning,13,3,1152440493.6428401,33508.8,16,114080158.61395764,pune,sigma=0.25
44,staged_robust_learning,13,6,1196792725.3153477,36774.3,19,69727926.94145012,pune,sigma=0.25
44,oracle_all_now,18,0,1266520652.2567978,36647.0,18,0.0,pune,sigma=0.25
45,v1_point_all_now,23,0,426841014.4262848,37491.90000000001,23,273158830.9812689,pune,sigma=0.25
45,robust_all_now,23,0,503224374.11903405,39059.600000000006,23,196775471.28851962,pune,sigma=0.25
45,staged_no_learning,13,10,485113265.35486484,39059.600000000006,23,214886580.05268884,pune,sigma=0.25
45,staged_point_learning,13,5,660954003.3526897,36517.20000000001,18,39045842.05486393,pune,sigma=0.25
45,staged_robust_learning,13,5,697559925.492629,37336.600000000006,18,2439919.9149246216,pune,sigma=0.25
45,oracle_all_now,17,0,699999845.4075537,35603.100000000006,17,0.0,pune,sigma=0.25
46,v1_point_all_now,23,0,132501673.78308201,29751.800000000003,23,474235815.7903328,pune,sigma=0.25
46,robust_all_now,23,0,197547144.97643542,31086.800000000003,23,409190344.5969794,pune,sigma=0.25
46,staged_no_learning,13,10,208135885.67123938,31086.800000000003,23,398601603.9021754,pune,sigma=0.25
46,staged_point_learning,13,4,493323803.07256866,30139.600000000006,17,113413686.50084615,pune,sigma=0.25
46,staged_robust_learning,13,5,453223268.286345,30463.800000000003,18,153514221.2870698,pune,sigma=0.25
46,oracle_all_now,14,0,606737489.5734148,28907.20000000001,14,0.0,pune,sigma=0.25
47,v1_point_all_now,23,0,1162339994.3749256,48168.90000000001,23,266881366.858006,pune,sigma=0.25
47,robust_all_now,23,0,1162339994.3749256,48168.90000000001,23,266881366.858006,pune,sigma=0.25
47,staged_no_learning,13,10,1099565350.9410887,48168.90000000001,23,329656010.29184294,pune,sigma=0.25
47,staged_point_learning,13,18,1157372865.6859822,58291.59999999999,31,271848495.5469494,pune,sigma=0.25
47,staged_robust_learning,13,17,1367595105.6765566,61893.7,30,61626255.55637503,pune,sigma=0.25
47,oracle_all_now,29,0,1429221361.2329316,59988.90000000001,29,0.0,pune,sigma=0.25
48,v1_point_all_now,23,0,247198317.90211487,30746.399999999994,23,411852138.52809644,pune,sigma=0.25
48,robust_all_now,23,0,281197366.4404838,31444.199999999997,23,377853089.9897275,pune,sigma=0.25
48,staged_no_learning,13,10,287956171.3414502,31444.199999999997,23,371094285.0887611,pune,sigma=0.25
48,staged_point_learning,13,3,587148524.2506948,30002.399999999994,16,71901932.17951655,pune,sigma=0.25
48,staged_robust_learning,13,0,612525842.9960723,27082.29999999999,13,46524613.43413901,pune,sigma=0.25
48,oracle_all_now,15,0,659050456.4302113,30269.59999999999,15,0.0,pune,sigma=0.25
49,v1_point_all_now,23,0,20121843.565861464,24484.300000000003,23,630404080.0655587,pune,sigma=0.25
49,robust_all_now,23,0,148877967.58761334,26831.5,23,501647956.0438068,pune,sigma=0.25
49,staged_no_learning,13,10,166736882.09691858,26831.5,23,483789041.53450155,pune,sigma=0.25
49,staged_point_learning,13,0,613773697.1226583,24820.59999999999,13,36752226.50876188,pune,sigma=0.25
49,staged_robust_learning,13,4,480579869.28604245,26532.0,17,169946054.34537768,pune,sigma=0.25
49,oracle_all_now,12,0,650525923.6314201,24442.0,12,0.0,pune,sigma=0.25
50,v1_point_all_now,23,0,781391149.247432,39442.899999999994,23,164375072.89244676,pune,sigma=0.25
50,robust_all_now,23,0,857588622.7987914,41178.399999999994,23,88177599.34108734,pune,sigma=0.25
50,staged_no_learning,13,10,820242181.697583,41178.399999999994,23,125524040.44229579,pune,sigma=0.25
50,staged_point_learning,13,5,846011470.7332325,36854.899999999994,18,99754751.40664625,pune,sigma=0.25
50,staged_robust_learning,13,9,869847219.100604,41417.899999999994,22,75919003.03927469,pune,sigma=0.25
50,oracle_all_now,19,0,945766222.1398787,39422.29999999999,19,0.0,pune,sigma=0.25
51,v1_point_all_now,23,0,-326829879.69395745,21935.300000000003,23,554886456.984592,pune,sigma=0.25
51,robust_all_now,23,0,-288044905.52507555,23112.199999999997,23,516101482.81571007,pune,sigma=0.25
51,staged_no_learning,13,10,-273266257.60918427,23112.199999999997,23,501322834.8998188,pune,sigma=0.25
51,staged_point_learning,13,0,139786077.63867056,22245.399999999994,13,88270499.65196395,pune,sigma=0.25
51,staged_robust_learning,13,0,139786077.63867056,22245.399999999994,13,88270499.65196395,pune,sigma=0.25
51,oracle_all_now,10,0,228056577.2906345,20769.199999999997,10,0.0,pune,sigma=0.25
52,v1_point_all_now,23,0,353920072.9851968,26041.100000000006,23,436622426.33685803,pune,sigma=0.25
52,robust_all_now,23,0,426345392.7474327,27361.40000000001,23,364197106.57462215,pune,sigma=0.25
52,staged_no_learning,13,10,440325651.4815111,27361.40000000001,23,350216847.84054375,pune,sigma=0.25
52,staged_point_learning,13,0,844569385.2069488,26468.5,13,-54026885.884893894,pune,sigma=0.25
52,staged_robust_learning,13,3,738195584.4864657,27032.600000000006,16,52346914.83558917,pune,sigma=0.25
52,oracle_all_now,13,0,790542499.3220549,25483.600000000006,13,0.0,pune,sigma=0.25
53,v1_point_all_now,23,0,518963984.3749254,48168.90000000001,23,189414074.549546,pune,sigma=0.25
53,robust_all_now,23,0,518963984.3749254,48168.90000000001,23,189414074.549546,pune,sigma=0.25
53,staged_no_learning,13,10,479436200.94108844,48168.90000000001,23,228941857.98338294,pune,sigma=0.25
53,staged_point_learning,13,18,628323186.1505146,64923.3,31,80054872.77395678,pune,sigma=0.25
53,staged_robust_learning,13,23,556647587.560061,70638.49999999999,36,151730471.3644104,pune,sigma=0.25
53,oracle_all_now,32,0,708378058.9244714,66655.99999999999,32,0.0,pune,sigma=0.25
54,v1_point_all_now,23,0,357272870.0921452,30630.5,23,445806877.2317219,pune,sigma=0.25
54,robust_all_now,23,0,438710899.1151056,32115.09999999999,23,364368848.20876145,pune,sigma=0.25
54,staged_no_learning,13,10,443448384.80404806,32115.09999999999,23,359631362.519819,pune,sigma=0.25
54,staged_point_learning,13,1,796234981.7004833,29320.199999999997,14,6844765.62338376,pune,sigma=0.25
54,staged_robust_learning,13,4,762884337.9890637,31926.800000000003,17,40195409.33480334,pune,sigma=0.25
54,oracle_all_now,14,0,803079747.3238671,29320.199999999997,14,0.0,pune,sigma=0.25
55,v1_point_all_now,23,0,602427603.878551,36677.20000000001,23,271924952.74138904,pune,sigma=0.25
55,robust_all_now,23,0,708254392.9661644,38849.20000000001,23,166098163.6537757,pune,sigma=0.25
55,staged_no_learning,13,10,683216543.8046534,38849.20000000001,23,191136012.81528664,pune,sigma=0.25
55,staged_point_learning,13,9,675956540.4932332,37583.100000000006,22,198396016.12670684,pune,sigma=0.25
55,staged_robust_learning,13,7,821476874.942055,38633.3,20,52875681.677885056,pune,sigma=0.25
55,oracle_all_now,18,0,874352556.61994,36972.8,18,0.0,pune,sigma=0.25
56,v1_point_all_now,23,0,1075434870.4249244,48168.899999999994,23,109740030.8918438,pune,sigma=0.25
56,robust_all_now,23,0,1075434870.4249244,48168.899999999994,23,109740030.8918438,pune,sigma=0.25
56,staged_no_learning,13,10,1015800336.6910877,48168.899999999994,23,169374564.62568045,pune,sigma=0.25
56,staged_point_learning,13,12,1074669913.2869794,51755.600000000006,25,110504988.02978873,pune,sigma=0.25
56,staged_robust_learning,13,11,1056594921.1622655,50263.19999999998,24,128579980.15450263,pune,sigma=0.25
56,oracle_all_now,26,0,1185174901.3167682,53710.100000000006,26,0.0,pune,sigma=0.25
57,v1_point_all_now,23,0,517518410.03504586,34564.600000000006,23,246797102.0338366,pune,sigma=0.25
57,robust_all_now,23,0,592464585.403626,36271.600000000006,23,171850926.6652565,pune,sigma=0.25
57,staged_no_learning,13,10,574817224.4832027,36271.600000000006,23,189498287.58567977,pune,sigma=0.25
57,staged_point_learning,13,5,614319362.560302,32043.199999999997,18,149996149.50858045,pune,sigma=0.25
57,staged_robust_learning,13,9,616592655.3646524,36267.399999999994,22,147722856.70423007,pune,sigma=0.25
57,oracle_all_now,17,0,764315512.0688825,34243.8,17,0.0,pune,sigma=0.25
58,v1_point_all_now,23,0,1474508069.3749256,48168.90000000001,23,283130136.4516616,pune,sigma=0.25
58,robust_all_now,23,0,1474508069.3749256,48168.90000000001,23,283130136.4516616,pune,sigma=0.25
58,staged_no_learning,13,10,1400453975.9410887,48168.90000000001,23,357184229.8854985,pune,sigma=0.25
58,staged_point_learning,13,18,1446715034.6697898,57477.90000000001,31,310923171.1567974,pune,sigma=0.25
58,staged_robust_learning,13,18,1533611899.6757102,59066.09999999999,31,224026306.150877,pune,sigma=0.25
58,oracle_all_now,28,0,1757638205.8265872,58013.40000000001,28,0.0,pune,sigma=0.25
59,v1_point_all_now,23,0,791895844.1749244,48168.899999999994,23,3055598.6063451767,pune,sigma=0.25
59,robust_all_now,23,0,791895844.1749244,48168.899999999994,23,3055598.6063451767,pune,sigma=0.25
59,staged_no_learning,13,10,742506317.9410875,48168.899999999994,23,52445124.840182066,pune,sigma=0.25
59,staged_point_learning,13,10,742506317.9410875,48168.899999999994,23,52445124.840182066,pune,sigma=0.25
59,staged_robust_learning,13,13,721502788.093595,51732.29999999999,26,73448654.68767452,pune,sigma=0.25
59,oracle_all_now,24,0,794951442.7812696,49548.600000000006,24,0.0,pune,sigma=0.25
60,v1_point_all_now,23,0,-86502501.34274936,26898.29999999999,23,400902468.3220545,pune,sigma=0.25
60,robust_all_now,23,0,32017359.227341533,30820.5,23,282382607.7519636,pune,sigma=0.25
60,staged_no_learning,13,10,34708516.58389747,30820.5,23,279691450.3954077,pune,sigma=0.25
60,staged_point_learning,13,1,334497091.45048344,29320.199999999997,14,-20097124.471178293,pune,sigma=0.25
60,staged_robust_learning,13,1,331665491.5657705,29218.0,14,-17265524.58646536,pune,sigma=0.25
60,oracle_all_now,13,0,314399966.97930515,27225.899999999994,13,0.0,pune,sigma=0.25
61,v1_point_all_now,23,0,334267125.26404834,40739.399999999994,23,152103069.2987914,pune,sigma=0.25
61,robust_all_now,23,0,435096853.33534765,43799.0,23,51273341.227492094,pune,sigma=0.25
61,staged_no_learning,13,10,405363948.38132954,43799.0,23,81006246.18151021,pune,sigma=0.25
61,staged_point_learning,13,11,263998279.9593358,40519.600000000006,24,222371914.60350394,pune,sigma=0.25
61,staged_robust_learning,13,7,468921212.7842295,41705.29999999999,20,17448981.77861023,pune,sigma=0.25
61,oracle_all_now,21,0,486370194.56283975,42694.29999999999,21,0.0,pune,sigma=0.25
62,v1_point_all_now,23,0,950184584.5145013,44925.79999999999,23,62694289.40981984,pune,sigma=0.25
62,robust_all_now,23,0,1006827222.1131427,46301.70000000001,23,6051651.811178446,pune,sigma=0.25
62,staged_no_learning,13,10,953282352.5586412,46301.70000000001,23,59596521.36567998,pune,sigma=0.25
62,staged_point_learning,13,6,859266950.8063748,39791.7,19,153611923.1179464,pune,sigma=0.25
62,staged_robust_learning,13,13,878983397.0145919,47347.79999999999,26,133895476.90972924,pune,sigma=0.25
62,oracle_all_now,23,0,1012878873.9243212,46448.70000000001,23,0.0,pune,sigma=0.25
63,v1_point_all_now,23,0,419797673.9132936,43570.7,23,108263776.13353467,pune,sigma=0.25
63,robust_all_now,23,0,516546169.5256803,46132.0,23,11515280.521147966,pune,sigma=0.25
63,staged_no_learning,13,10,480719815.6500912,46132.0,23,47341634.3967371,pune,sigma=0.25
63,staged_point_learning,13,8,508102507.6387317,43980.3,21,19958942.408096552,pune,sigma=0.25
63,staged_robust_learning,13,12,368016124.7406051,45820.20000000001,25,160045325.30622315,pune,sigma=0.25
63,oracle_all_now,21,0,528061450.04682827,43614.5,21,0.0,pune,sigma=0.25
64,v1_point_all_now,23,0,610692241.1622353,30779.29999999999,23,426550619.07885265,pune,sigma=0.25
64,robust_all_now,23,0,681822694.8419936,31971.29999999999,23,355420165.39909434,pune,sigma=0.25
64,staged_no_learning,13,10,681812169.5565555,31971.29999999999,23,355430690.6845324,pune,sigma=0.25
64,staged_point_learning,13,1,995331297.5804834,29320.199999999997,14,41911562.66060448,pune,sigma=0.25
64,staged_robust_learning,13,1,995331297.5804834,29320.199999999997,14,41911562.66060448,pune,sigma=0.25
64,oracle_all_now,15,0,1037242860.2410879,30781.199999999997,15,0.0,pune,sigma=0.25
65,v1_point_all_now,23,0,-211030565.54652536,23942.100000000006,23,467384405.4770391,pune,sigma=0.25
65,robust_all_now,23,0,-183101034.05860984,24789.600000000006,23,439454873.9891236,pune,sigma=0.25
65,staged_no_learning,13,10,-168941711.69383645,24789.600000000006,23,425295551.6243502,pune,sigma=0.25
65,staged_point_learning,13,0,237277625.1658615,24351.90000000001,13,19076214.764652252,pune,sigma=0.25
65,staged_robust_learning,13,1,195333117.1658615,24351.90000000001,14,61020722.76465225,pune,sigma=0.25
65,oracle_all_now,11,0,256353839.93051374,22292.0,11,0.0,pune,sigma=0.25
66,v1_point_all_now,23,0,531407082.3102732,45429.30000000002,23,48275584.07552886,pune,sigma=0.25
66,robust_all_now,23,0,604437786.0220554,47362.70000000001,23,-24755119.636253357,pune,sigma=0.25
66,staged_no_learning,13,10,563252049.350877,47362.70000000001,23,16430617.034924984,pune,sigma=0.25
66,staged_point_learning,13,11,479936122.1699705,46380.600000000006,24,99746544.21583152,pune,sigma=0.25
66,staged_robust_learning,13,9,567941740.7899101,46074.600000000006,22,11740925.595891953,pune,sigma=0.25
66,oracle_all_now,21,0,579682666.385802,43980.30000000002,21,0.0,pune,sigma=0.25
67,v1_point_all_now,23,0,1501508404.1749244,48168.899999999994,23,571122921.4456201,pune,sigma=0.25
67,robust_all_now,23,0,1501508404.1749244,48168.899999999994,23,571122921.4456201,pune,sigma=0.25
67,staged_no_learning,13,10,1426478717.9410877,48168.899999999994,23,646152607.6794567,pune,sigma=0.25
67,staged_point_learning,13,20,1907956028.239819,67196.79999999999,33,164675297.38072538,pune,sigma=0.25
67,staged_robust_learning,13,15,1715378745.296979,58640.399999999994,28,357252580.3235655,pune,sigma=0.25
67,oracle_all_now,33,0,2072631325.6205444,67622.4,33,0.0,pune,sigma=0.25
68,v1_point_all_now,23,0,89652052.53474343,35194.0,23,245460072.97824776,pune,sigma=0.25
68,robust_all_now,23,0,138828336.53142,36821.399999999994,23,196283788.9815712,pune,sigma=0.25
68,staged_no_learning,13,10,127048845.2264049,36821.399999999994,23,208063280.28658628,pune,sigma=0.25
68,staged_point_learning,13,4,314386029.0070696,34725.899999999994,17,20726096.505921602,pune,sigma=0.25
68,staged_robust_learning,13,4,312538008.33867085,34659.2,17,22574117.17432034,pune,sigma=0.25
68,oracle_all_now,16,0,335112125.5129912,33508.8,16,0.0,pune,sigma=0.25
69,v1_point_all_now,23,0,394015761.0954683,26454.399999999994,23,494475398.168278,pune,sigma=0.25
69,robust_all_now,23,0,450574019.4827795,27402.199999999997,23,437917139.78096676,pune,sigma=0.25
69,staged_no_learning,13,10,469860643.1972811,27402.199999999997,23,418630516.06646514,pune,sigma=0.25
69,staged_point_learning,13,0,932649326.8166165,26849.699999999997,13,-44158167.55287027,pune,sigma=0.25
69,staged_robust_learning,13,3,804326027.744472,27207.600000000006,16,84165131.51927423,pune,sigma=0.25
69,oracle_all_now,13,0,888491159.2637463,26109.699999999997,13,0.0,pune,sigma=0.25
70,v1_point_all_now,23,0,432058860.4249246,48168.899999999994,23,112711007.06737232,pune,sigma=0.25
70,robust_all_now,23,0,432058860.4249246,48168.899999999994,23,112711007.06737232,pune,sigma=0.25
70,staged_no_learning,13,10,395671186.6910877,48168.899999999994,23,149098680.8012092,pune,sigma=0.25
70,staged_point_learning,13,16,482573712.96770453,60591.20000000001,29,62196154.5245924,pune,sigma=0.25
70,staged_robust_learning,13,20,464376004.9484899,66124.9,33,80393862.54380703,pune,sigma=0.25
70,oracle_all_now,29,0,544769867.4922969,60734.70000000001,29,0.0,pune,sigma=0.25
71,v1_point_all_now,23,0,990630679.1749251,48168.90000000001,23,579362707.4963744,pune,sigma=0.25
71,robust_all_now,23,0,990630679.1749251,48168.90000000001,23,579362707.4963744,pune,sigma=0.25
71,staged_no_learning,13,10,934060342.9410882,48168.90000000001,23,635933043.7302113,pune,sigma=0.25
71,staged_point_learning,13,25,1422826831.0015116,77783.90000000001,38,147166555.66978788,pune,sigma=0.25
71,staged_robust_learning,13,27,1422065013.0150461,80094.8,40,147928373.65625334,pune,sigma=0.25
71,oracle_all_now,38,0,1569993386.6712995,78064.2,38,0.0,pune,sigma=0.25
72,v1_point_all_now,23,0,791293086.3728101,42876.40000000001,23,85668864.78549862,pune,sigma=0.25
72,robust_all_now,23,0,860137830.0723574,44548.70000000001,23,16824121.08595133,pune,sigma=0.25
72,staged_no_learning,13,10,815283088.7924781,44548.70000000001,23,61678862.36583066,pune,sigma=0.25
72,staged_point_learning,13,9,821421720.7275834,43627.8,22,55540230.430725336,pune,sigma=0.25
72,staged_robust_learning,13,9,848655789.3070395,44349.3,22,28306161.851269245,pune,sigma=0.25
72,oracle_all_now,21,0,876961951.1583087,42900.40000000001,21,0.0,pune,sigma=0.25
73,v1_point_all_now,23,0,564907814.1465256,46097.499999999985,23,41169413.03957796,pune,sigma=0.25
73,robust_all_now,23,0,558274840.3326292,45921.90000000001,23,47802386.85347438,pune,sigma=0.25
73,staged_no_learning,13,10,521313500.3169193,45921.90000000001,23,84763726.86918426,pune,sigma=0.25
73,staged_point_learning,13,11,521116134.50495505,47330.2,24,84961092.68114853,pune,sigma=0.25
73,staged_robust_learning,13,9,575574628.7899096,46074.59999999999,22,30502598.39619398,pune,sigma=0.25
73,oracle_all_now,22,0,606077227.1861036,45833.40000000001,22,0.0,pune,sigma=0.25
74,v1_point_all_now,23,0,1698050129.3749256,48168.90000000001,23,354533917.4628396,pune,sigma=0.25
74,robust_all_now,23,0,1698050129.3749256,48168.90000000001,23,354533917.4628396,pune,sigma=0.25
74,staged_no_learning,13,10,1615918875.9410887,48168.90000000001,23,436665170.89667654,pune,sigma=0.25
74,staged_point_learning,13,16,1862029497.4480371,58037.40000000001,29,190554549.38972807,pune,sigma=0.25
74,staged_robust_learning,13,14,1878379440.5458007,56546.09999999999,27,174204606.29196453,pune,sigma=0.25
74,oracle_all_now,29,0,2052584046.8377652,59252.7,29,0.0,pune,sigma=0.25
75,v1_point_all_now,23,0,1121134048.0847445,47871.30000000002,23,88419778.0978849,pune,sigma=0.25
75,robust_all_now,23,0,1133385555.4249244,48168.899999999994,23,76168270.75770497,pune,sigma=0.25
75,staged_no_learning,13,10,1071657111.6910877,48168.899999999994,23,137896714.49154162,pune,sigma=0.25
75,staged_point_learning,13,14,1115092848.0527797,53129.0,27,94460978.12984967,pune,sigma=0.25
75,staged_robust_learning,13,13,1170574255.445529,53646.5,26,38979570.73710036,pune,sigma=0.25
75,oracle_all_now,25,0,1209553826.1826293,51813.70000000001,25,0.0,pune,sigma=0.25
76,v1_point_all_now,23,0,1372484526.0555892,43401.399999999994,23,108436957.80845928,pune,sigma=0.25
76,robust_all_now,23,0,1550566445.3740177,46647.79999999999,23,-69644961.50996923,pune,sigma=0.25
76,staged_no_learning,13,10,1477683552.5062838,46647.79999999999,23,3237931.357764721,pune,sigma=0.25
76,staged_point_learning,13,6,1301941295.0563738,39791.69999999998,19,178980188.80767465,pune,sigma=0.25
76,staged_robust_learning,13,11,1395303337.8558912,45850.399999999994,24,85618146.00815725,pune,sigma=0.25
76,oracle_all_now,22,0,1480921483.8640485,44579.0,22,0.0,pune,sigma=0.25
77,v1_point_all_now,23,0,1536622590.4249244,48168.899999999994,23,182438002.69139004,pune,sigma=0.25
77,robust_all_now,23,0,1536622590.4249244,48168.899999999994,23,182438002.69139004,pune,sigma=0.25
77,staged_no_learning,13,10,1460324136.6910877,48168.899999999994,23,258736456.4252267,pune,sigma=0.25
77,staged_point_learning,13,14,1631375317.6445618,55171.899999999994,27,87685275.47175264,pune,sigma=0.25
77,staged_robust_learning,13,14,1692780914.629456,56456.899999999994,27,26279678.486858368,pune,sigma=0.25
77,oracle_all_now,27,0,1719060593.1163144,54919.0,27,0.0,pune,sigma=0.25
78,v1_point_all_now,23,0,706604753.0368586,43233.8,23,159592353.9356494,pune,sigma=0.25
78,robust_all_now,23,0,753232854.8586106,44190.8,23,112964252.11389732,pune,sigma=0.25
78,staged_no_learning,13,10,714344785.5946229,44190.8,23,151852321.3778851,pune,sigma=0.25
78,staged_point_learning,13,9,750258096.4615715,43699.0,22,115939010.5109365,pune,sigma=0.25
78,staged_robust_learning,13,16,449701120.88719034,46041.09999999999,29,416495986.0853176,pune,sigma=0.25
78,oracle_all_now,22,0,866197106.972508,45260.09999999999,22,0.0,pune,sigma=0.25
79,v1_point_all_now,23,0,1474508069.3749256,48168.90000000001,23,488949386.3187318,pune,sigma=0.25
79,robust_all_now,23,0,1474508069.3749256,48168.90000000001,23,488949386.3187318,pune,sigma=0.25
79,staged_no_learning,13,10,1400453975.9410887,48168.90000000001,23,563003479.7525687,pune,sigma=0.25
79,staged_point_learning,13,20,1661146343.4432034,63512.90000000001,33,302311112.25045395,pune,sigma=0.25
79,staged_robust_learning,13,17,1797379435.9993353,62828.999999999985,30,166078019.6943221,pune,sigma=0.25
79,oracle_all_now,31,0,1963457455.6936574,64522.40000000001,31,0.0,pune,sigma=0.25
0,v1_point_all_now,24,0,1074617435.8694878,50263.20000000001,24,420110827.85830784,pune,sigma=0.5
0,robust_all_now,22,0,985065982.8803635,46074.600000000006,22,509662280.84743214,pune,sigma=0.5
0,staged_no_learning,10,12,915481422.7597592,46074.600000000006,22,579246840.9680364,pune,sigma=0.5
0,staged_point_learning,10,22,1305251554.2715416,67017.6,32,189476709.456254,pune,sigma=0.5
0,staged_robust_learning,10,28,1290815225.497644,74025.4,38,203913038.23015165,pune,sigma=0.5
0,oracle_all_now,35,0,1494728263.7277956,71814.1,35,0.0,pune,sigma=0.5
1,v1_point_all_now,24,0,601184795.9302118,48640.09999999999,24,133400737.8105743,pune,sigma=0.5
1,robust_all_now,22,0,593159426.3063447,45700.59999999999,22,141426107.43444133,pune,sigma=0.5
1,staged_no_learning,10,12,541606508.4823568,45700.59999999999,22,192979025.2584293,pune,sigma=0.5
1,staged_point_learning,10,17,667773713.2470706,56461.000000000015,27,66811820.493715525,pune,sigma=0.5
1,staged_robust_learning,10,22,509771945.3932941,59016.500000000015,32,224813588.34749198,pune,sigma=0.5
1,oracle_all_now,28,0,734585533.7407861,57625.8,28,0.0,pune,sigma=0.5
2,v1_point_all_now,24,0,402180704.4661634,30607.300000000003,24,443848530.09093714,pune,sigma=0.5
2,robust_all_now,22,0,533538890.1912389,31062.300000000003,22,312490344.36586165,pune,sigma=0.5
2,staged_no_learning,10,12,512259896.15172243,31062.300000000003,22,333769338.4053781,pune,sigma=0.5
2,staged_point_learning,10,3,740929028.8325686,26508.600000000006,13,105100205.72453189,pune,sigma=0.5
2,staged_robust_learning,10,9,604643191.9477351,29865.70000000001,19,241386042.60936546,pune,sigma=0.5
2,oracle_all_now,14,0,846029234.5571005,29000.40000000001,14,0.0,pune,sigma=0.5
3,v1_point_all_now,24,0,1603075996.1252275,48929.70000000001,24,514826116.42900324,pune,sigma=0.5
3,robust_all_now,22,0,1515249578.6784,45730.30000000002,22,602652533.8758307,pune,sigma=0.5
3,staged_no_learning,10,12,1420818382.1977959,45730.30000000002,22,697083730.3564348,pune,sigma=0.5
3,staged_point_learning,10,19,1853567877.4960427,60390.399999999994,29,264334235.05818796,pune,sigma=0.5
3,staged_robust_learning,10,28,1735516370.4325986,65125.399999999994,38,382385742.1216321,pune,sigma=0.5
3,oracle_all_now,31,0,2117902112.5542307,64107.70000000001,31,0.0,pune,sigma=0.5
4,v1_point_all_now,24,0,-58045246.79728079,29586.899999999994,24,439743246.0250753,pune,sigma=0.5
4,robust_all_now,22,0,26919200.650755167,29242.59999999999,22,354778798.57703936,pune,sigma=0.5
4,staged_no_learning,10,12,16518122.624773383,29242.59999999999,22,365179876.60302114,pune,sigma=0.5
4,staged_point_learning,10,3,217815873.77135968,22843.5,13,163882125.45643485,pune,sigma=0.5
4,staged_robust_learning,10,5,212970313.75129926,25417.199999999997,15,168727685.47649527,pune,sigma=0.5
4,oracle_all_now,13,0,381697999.2277945,26963.59999999999,13,0.0,pune,sigma=0.5
5,v1_point_all_now,24,0,1527684422.2948642,48632.399999999994,24,909814791.5093675,pune,sigma=0.5
5,robust_all_now,22,0,1489582852.8803635,46074.600000000006,22,947916360.9238682,pune,sigma=0.5
5,staged_no_learning,10,12,1397128536.759759,46074.600000000006,22,1040370677.0444727,pune,sigma=0.5
5,staged_point_learning,10,23,2057170173.4227195,69111.9,33,380329040.38151217,pune,sigma=0.5
5,staged_robust_learning,10,30,2106208007.364956,76991.5,40,331291206.43927574,pune,sigma=0.5
5,oracle_all_now,36,0,2437499213.8042316,75394.80000000002,36,0.0,pune,sigma=0.5
6,v1_point_all_now,24,0,1057500975.9217525,49911.899999999994,24,733528083.8607259,pune,sigma=0.5
6,robust_all_now,22,0,985065982.8803635,46074.600000000006,22,805963076.9021149,pune,sigma=0.5
6,staged_no_learning,10,12,915481422.7597592,46074.600000000006,22,875547637.0227191,pune,sigma=0.5
6,staged_point_learning,10,30,1591978709.183445,83210.4,40,199050350.59903336,pune,sigma=0.5
6,staged_robust_learning,10,30,1617067659.4809675,83772.0,40,173961400.3015108,pune,sigma=0.5
6,oracle_all_now,40,0,1791029059.7824783,83772.0,40,0.0,pune,sigma=0.5
7,v1_point_all_now,24,0,486284662.4365566,49258.5,24,148030347.45589137,pune,sigma=0.5
7,robust_all_now,22,0,480549112.88036275,46074.59999999999,22,153765897.0120852,pune,sigma=0.5
7,staged_no_learning,10,12,433834308.7597585,46074.59999999999,22,200480701.13268948,pune,sigma=0.5
7,staged_point_learning,10,12,433834308.7597585,46074.59999999999,22,200480701.13268948,pune,sigma=0.5
7,staged_robust_learning,10,21,524542515.9409065,62877.79999999999,31,109772493.95154142,pune,sigma=0.5
7,oracle_all_now,30,0,634315009.892448,62273.600000000006,30,0.0,pune,sigma=0.5
8,v1_point_all_now,24,0,-493041505.5861026,21161.0,24,659388280.0314202,pune,sigma=0.5
8,robust_all_now,22,0,-384461915.8380661,21445.600000000006,22,550808690.2833837,pune,sigma=0.5
8,staged_no_learning,10,12,-373621113.58344376,21445.600000000006,22,539967888.0287614,pune,sigma=0.5
8,staged_point_learning,10,1,61711561.77389753,18540.5,11,104635212.6714201,pune,sigma=0.5
8,staged_robust_learning,10,3,36025164.91202462,20838.100000000006,13,130321609.53329301,pune,sigma=0.5
8,oracle_all_now,9,0,166346774.44531763,18593.40000000001,9,0.0,pune,sigma=0.5
9,v1_point_all_now,24,0,378558597.1391249,48443.30000000002,24,163381138.1977334,pune,sigma=0.5
9,robust_all_now,22,0,397422472.58036304,46074.600000000006,22,144517262.75649524,pune,sigma=0.5
9,staged_no_learning,10,12,354475800.0997586,46074.600000000006,22,187463935.23709965,pune,sigma=0.5
9,staged_point_learning,10,13,368961568.5709367,48168.899999999994,23,172978166.7659216,pune,sigma=0.5
9,staged_robust_learning,10,22,440421245.7228408,64891.30000000002,32,101518489.61401749,pune,sigma=0.5
9,oracle_all_now,30,0,541939735.3368583,62829.0,30,0.0,pune,sigma=0.5
10,v1_point_all_now,24,0,1183496221.0649548,49542.5,24,630364928.661027,pune,sigma=0.5
10,robust_all_now,22,0,1113877140.080363,46074.600000000006,22,699984009.6456187,pune,sigma=0.5
10,staged_no_learning,10,12,1038453568.5997589,46074.600000000006,22,775407581.1262228,pune,sigma=0.5
10,staged_point_learning,10,30,1510188344.8068886,75661.9,40,303672804.91909313,pune,sigma=0.5
10,staged_robust_learning,10,30,1545992437.4826584,76551.29999999999,40,267868712.24332333,pune,sigma=0.5
10,oracle_all_now,36,0,1813861149.7259817,75193.29999999999,36,0.0,pune,sigma=0.5
11,v1_point_all_now,24,0,1477918294.6812696,46205.5,24,92116103.88700867,pune,sigma=0.5
11,robust_all_now,22,0,1576716382.8803625,46074.59999999999,22,-6681984.312084198,pune,sigma=0.5
11,staged_no_learning,10,12,1480312302.7597585,46074.59999999999,22,89722095.80851984,pune,sigma=0.5
11,staged_point_learning,10,19,1161162959.5058608,46760.29999999999,29,408871439.0624175,pune,sigma=0.5
11,staged_robust_learning,10,23,1010152440.3155284,47725.29999999999,33,559881958.2527499,pune,sigma=0.5
11,oracle_all_now,23,0,1570034398.5682783,46855.899999999994,23,0.0,pune,sigma=0.5
12,v1_point_all_now,24,0,749549866.6694865,45364.399999999994,24,80304120.18851995,pune,sigma=0.5
12,robust_all_now,22,0,878977202.1740184,45522.399999999994,22,-49123215.316011906,pune,sigma=0.5
12,staged_no_learning,10,12,815217982.5961332,45522.399999999994,22,14636004.261873245,pune,sigma=0.5
12,staged_point_learning,10,14,574402806.2140181,42723.29999999999,24,255451180.64398837,pune,sigma=0.5
12,staged_robust_learning,10,16,554925244.2355292,44878.7,26,274928742.6224773,pune,sigma=0.5
12,oracle_all_now,21,0,829853986.8580065,43265.0,21,0.0,pune,sigma=0.5
13,v1_point_all_now,24,0,907934369.2250757,44643.5,24,98598306.49305153,pune,sigma=0.5
13,robust_all_now,22,0,1016038017.9839883,45108.7,22,-9505342.265861034,pune,sigma=0.5
13,staged_no_learning,10,12,946395682.1228399,45108.7,22,60136993.59528732,pune,sigma=0.5
13,staged_point_learning,10,14,814160243.4004233,43924.100000000006,24,192372432.31770396,pune,sigma=0.5
13,staged_robust_learning,10,14,897217365.0651968,45987.3,24,109315310.6529305,pune,sigma=0.5
13,oracle_all_now,21,0,1006532675.7181273,43893.7,21,0.0,pune,sigma=0.5
14,v1_point_all_now,24,0,1590075652.7229614,48519.7,24,680555575.19275,pune,sigma=0.5
14,robust_all_now,22,0,1544370481.4471312,45931.000000000015,22,726260746.4685802,pune,sigma=0.5
14,staged_no_learning,10,12,1449044205.326527,45931.000000000015,22,821587022.5891843,pune,sigma=0.5
14,staged_point_learning,10,26,1667438547.3364353,63213.59999999999,36,603192680.5792761,pune,sigma=0.5
14,staged_robust_learning,10,24,2151872443.1749864,70168.8,34,118758784.74072504,pune,sigma=0.5
14,oracle_all_now,33,0,2270631227.9157114,68126.90000000001,33,0.0,pune,sigma=0.5
15,v1_point_all_now,24,0,369781945.00105786,27587.100000000006,24,421753106.0694864,pune,sigma=0.5
15,robust_all_now,22,0,470283841.25770426,27807.800000000003,22,321251209.81284,pune,sigma=0.5
15,staged_no_learning,10,12,459997063.06966805,27807.800000000003,22,331537988.0008762,pune,sigma=0.5
15,staged_point_learning,10,4,742452027.7873721,26540.100000000006,14,49083023.28317213,pune,sigma=0.5
15,staged_robust_learning,10,9,592744394.3542602,27893.800000000003,19,198790656.71628404,pune,sigma=0.5
15,oracle_all_now,14,0,791535051.0705442,27141.100000000006,14,0.0,pune,sigma=0.5
16,v1_point_all_now,24,0,667116738.4993951,33862.29999999999,24,335013263.4006047,pune,sigma=0.5
16,robust_all_now,22,0,732526475.6716006,33246.29999999999,22,269603526.2283993,pune,sigma=0.5
16,staged_no_learning,10,12,697172057.9077337,33246.29999999999,22,304957943.9922662,pune,sigma=0.5
16,staged_point_learning,10,7,892898510.3792751,32410.199999999997,17,109231491.52072477,pune,sigma=0.5
16,staged_robust_learning,10,4,768361145.9964347,27097.59999999999,14,233768855.90356517,pune,sigma=0.5
16,oracle_all_now,16,0,1002130001.8999999,32735.899999999994,16,0.0,pune,sigma=0.5
17,v1_point_all_now,24,0,706735241.1580071,43529.80000000002,24,217935236.04501486,pune,sigma=0.5
17,robust_all_now,22,0,901939342.580363,46074.600000000006,22,22731134.622658968,pune,sigma=0.5
17,staged_no_learning,10,12,836122914.0997589,46074.600000000006,22,88547563.10326314,pune,sigma=0.5
17,staged_point_learning,10,7,658560211.7438674,35603.100000000006,17,266110265.4591546,pune,sigma=0.5
17,staged_robust_learning,10,11,800610373.628581,43980.30000000002,21,124060103.57444096,pune,sigma=0.5
17,oracle_all_now,23,0,924670477.203022,47725.20000000001,23,0.0,pune,sigma=0.5
18,v1_point_all_now,24,0,-81819122.0506041,28632.5,24,365088369.6690335,pune,sigma=0.5
18,robust_all_now,22,0,11562018.88021183,29111.100000000006,22,271707228.7382176,pune,sigma=0.5
18,staged_no_learning,10,12,3298577.8635653257,29111.100000000006,22,279970669.7548641,pune,sigma=0.5
18,staged_point_learning,10,7,151664834.9927497,27561.90000000001,17,131604412.62567973,pune,sigma=0.5
18,staged_robust_learning,10,7,183917921.3508159,28726.0,17,99351326.26761353,pune,sigma=0.5
18,oracle_all_now,13,0,283269247.6184294,26350.20000000001,13,0.0,pune,sigma=0.5
19,v1_point_all_now,24,0,-393275466.66797614,18185.09999999999,24,772490945.6368587,pune,sigma=0.5
19,robust_all_now,22,0,-273881189.1465255,18447.5,22,653096668.1154081,pune,sigma=0.5
19,staged_no_learning,10,12,-249094637.61220515,18447.5,22,628310116.5810877,pune,sigma=0.5
19,staged_point_learning,10,2,229849930.5098492,17763.0,12,149365548.45903337,pune,sigma=0.5
19,staged_robust_learning,10,3,186192807.98489463,17926.300000000003,13,193022670.98398793,pune,sigma=0.5
19,oracle_all_now,8,0,379215478.96888256,16535.300000000003,8,0.0,pune,sigma=0.5
20,v1_point_all_now,24,0,76145413.60015094,23384.899999999994,24,402703675.4755291,pune,sigma=0.5
20,robust_all_now,22,0,153174502.60392737,23461.399999999994,22,325674586.47175264,pune,sigma=0.5
20,staged_no_learning,10,12,142467599.15416908,23461.399999999994,22,336381489.92151093,pune,sigma=0.5
20,staged_point_learning,10,1,328832624.18075514,17922.899999999994,11,150016464.89492488,pune,sigma=0.5
20,staged_robust_learning,10,3,423418139.88649535,22333.399999999994,13,55430949.189184666,pune,sigma=0.5
20,oracle_all_now,12,0,478849089.07568,22399.300000000003,12,0.0,pune,sigma=0.5
21,v1_point_all_now,24,0,1078532060.8694868,47151.8,24,90172498.51903296,pune,sigma=0.5
21,robust_all_now,22,0,1049485774.6465266,44608.000000000015,22,119218784.74199319,pune,sigma=0.5
21,staged_no_learning,10,12,979413449.0604239,44608.000000000015,22,189291110.3280959,pune,sigma=0.5
21,staged_point_learning,10,11,992719239.3690639,43945.8,21,175985320.0194559,pune,sigma=0.5
21,staged_robust_learning,10,20,951688627.8589725,51861.09999999999,30,217015931.5295472,pune,sigma=0.5
21,oracle_all_now,24,0,1168704559.3885198,49205.59999999999,24,0.0,pune,sigma=0.5
22,v1_point_all_now,24,0,722964755.869487,50263.2,24,481976503.91299176,pune,sigma=0.5
22,robust_all_now,22,0,662717692.8803627,46074.59999999999,22,542223566.9021161,pune,sigma=0.5
22,staged_no_learning,10,12,607745184.7597585,46074.59999999999,22,597196075.0227203,pune,sigma=0.5
22,staged_point_learning,10,30,1067509989.4809685,83772.00000000001,40,137431270.30151033,pune,sigma=0.5
22,staged_robust_learning,10,30,1067509989.4809685,83772.00000000001,40,137431270.30151033,pune,sigma=0.5
22,oracle_all_now,40,0,1204941259.7824788,83772.00000000001,40,0.0,pune,sigma=0.5
23,v1_point_all_now,24,0,-737665607.7317221,13855.199999999997,24,1032621918.5048343,pune,sigma=0.5
23,robust_all_now,22,0,-582112707.586707,14277.199999999997,22,877069018.3598192,pune,sigma=0.5
23,staged_no_learning,10,12,-552310759.3931117,14277.199999999997,22,847267070.1662239,pune,sigma=0.5
23,staged_point_learning,10,0,76493152.54501557,12205.600000000006,10,218463158.2280966,pune,sigma=0.5
23,staged_robust_learning,10,0,76493152.54501557,12205.600000000006,10,218463158.2280966,pune,sigma=0.5
23,oracle_all_now,6,0,294956310.7731122,11497.100000000006,6,0.0,pune,sigma=0.5
24,v1_point_all_now,24,0,1771878395.8694878,50263.20000000001,24,859480101.3226585,pune,sigma=0.5
24,robust_all_now,22,0,1624221862.8803635,46074.600000000006,22,1007136634.3117828,pune,sigma=0.5
24,staged_no_learning,10,12,1525664358.759759,46074.600000000006,22,1105694138.4323874,pune,sigma=0.5
24,staged_point_learning,10,18,1919355205.6668282,58640.399999999994,28,712003291.5253181,pune,sigma=0.5
24,staged_robust_learning,10,30,2283890254.332207,76043.70000000001,40,347468242.8599391,pune,sigma=0.5
24,oracle_all_now,36,0,2631358497.1921463,74951.4,36,0.0,pune,sigma=0.5
25,v1_point_all_now,24,0,1317910663.8996983,44784.8,24,386786292.27401733,pune,sigma=0.5
25,robust_all_now,22,0,1469812912.5803623,46074.59999999999,22,234884043.59335327,pune,sigma=0.5
25,staged_no_learning,10,12,1378254768.0997581,46074.59999999999,22,326442188.07395744,pune,sigma=0.5
25,staged_point_learning,10,12,1378254768.0997581,46074.59999999999,22,326442188.07395744,pune,sigma=0.5
25,staged_robust_learning,10,16,1438059077.628459,50749.59999999999,26,266637878.5452566,pune,sigma=0.5
25,oracle_all_now,26,0,1704696956.1737156,53830.999999999985,26,0.0,pune,sigma=0.5
26,v1_point_all_now,24,0,-662107402.6567969,15121.400000000009,24,1021876373.3135949,pune,sigma=0.5
26,robust_all_now,22,0,-504603188.89154017,15576.100000000006,22,864372159.5483382,pune,sigma=0.5
26,staged_no_learning,10,12,-472402503.4232019,15576.100000000006,22,832171474.0799999,pune,sigma=0.5
26,staged_point_learning,10,0,182866597.78791535,13988.199999999997,10,176902372.86888266,pune,sigma=0.5
26,staged_robust_learning,10,1,135990567.72773445,14261.800000000003,11,223778402.92906356,pune,sigma=0.5
26,oracle_all_now,7,0,359768970.656798,13675.600000000006,7,0.0,pune,sigma=0.5
27,v1_point_all_now,24,0,794493228.0557404,42093.7,24,181094411.98368597,pune,sigma=0.5
27,robust_all_now,22,0,887156070.8534746,42445.0,22,88431569.18595171,pune,sigma=0.5
27,staged_no_learning,10,12,827654196.507251,42445.0,22,147933443.5321753,pune,sigma=0.5
27,staged_point_learning,10,15,684188633.5273113,41658.7,25,291399006.512115,pune,sigma=0.5
27,staged_robust_learning,10,19,540397582.8091242,41868.600000000006,29,435190057.2303021,pune,sigma=0.5
27,oracle_all_now,21,0,975587640.0394263,43643.3,21,0.0,pune,sigma=0.5
28,v1_point_all_now,24,0,66356347.78459239,40970.2,24,197103108.89969826,pune,sigma=0.5
28,robust_all_now,22,0,194811427.62839937,41990.000000000015,22,68648029.05589128,pune,sigma=0.5
28,staged_no_learning,10,12,165711580.66435122,41990.000000000015,22,97747876.01993942,pune,sigma=0.5
28,staged_point_learning,10,12,88881575.96465325,39217.000000000015,22,174577880.7196374,pune,sigma=0.5
28,staged_robust_learning,10,18,-108781455.59438038,42226.3,28,372240912.278671,pune,sigma=0.5
28,oracle_all_now,19,0,263459456.68429065,39415.000000000015,19,0.0,pune,sigma=0.5
29,v1_point_all_now,24,0,528606548.26948714,50263.20000000001,24,235394409.3678248,pune,sigma=0.5
29,robust_all_now,22,0,484556002.58036304,46074.600000000006,22,279444955.0569489,pune,sigma=0.5
29,staged_no_learning,10,12,437659566.0997586,46074.600000000006,22,326341391.5375533,pune,sigma=0.5
29,staged_point_learning,10,27,578862518.0915413,72777.0,37,185138439.54577065,pune,sigma=0.5
29,staged_robust_learning,10,30,531933274.6815109,75404.4,40,232067682.955801,pune,sigma=0.5
29,oracle_all_now,35,0,764000957.6373119,73072.70000000001,35,0.0,pune,sigma=0.5
30,v1_point_all_now,24,0,1823728835.8694878,50263.20000000001,24,1215819223.9129906,pune,sigma=0.5
30,robust_all_now,22,0,1671751432.8803635,46074.600000000006,22,1367796626.9021149,pune,sigma=0.5
30,staged_no_learning,10,12,1571039412.759759,46074.600000000006,22,1468508647.0227194,pune,sigma=0.5
30,staged_point_learning,10,30,2787768009.4809675,83772.0,40,251780050.3015108,pune,sigma=0.5
30,staged_robust_learning,10,30,2787768009.4809675,83772.0,40,251780050.3015108,pune,sigma=0.5
30,oracle_all_now,40,0,3039548059.7824783,83772.0,40,0.0,pune,sigma=0.5
31,v1_point_all_now,24,0,703651244.5187316,34823.3,24,581601275.2501512,pune,sigma=0.5
31,robust_all_now,22,0,1022043335.6145024,38239.600000000006,22,263209184.15438032,pune,sigma=0.5
31,staged_no_learning,10,12,967742678.9873118,38239.600000000006,22,317509840.7815709,pune,sigma=0.5
31,staged_point_learning,10,10,1209438795.3624177,40661.8,20,75813724.40646505,pune,sigma=0.5
31,staged_robust_learning,10,7,1012077612.4983692,34061.8,17,273174907.27051353,pune,sigma=0.5
31,oracle_all_now,19,0,1285252519.7688828,39771.5,19,0.0,pune,sigma=0.5
32,v1_point_all_now,24,0,450844028.2694862,50263.19999999998,24,300562685.51299167,pune,sigma=0.5
32,robust_all_now,22,0,413273692.58036304,46074.600000000006,22,338133021.2021148,pune,sigma=0.5
32,staged_no_learning,10,12,369608484.0997586,46074.600000000006,22,381798229.68271923,pune,sigma=0.5
32,staged_point_learning,10,24,551365289.7538972,71206.19999999998,34,200041424.02858067,pune,sigma=0.5
32,staged_robust_learning,10,30,642243692.5809674,83772.0,40,109163021.20151043,pune,sigma=0.5
32,oracle_all_now,40,0,751406713.7824779,83772.0,40,0.0,pune,sigma=0.5
33,v1_point_all_now,24,0,-398363861.27039254,13025.5,24,790160164.9111779,pune,sigma=0.5
33,robust_all_now,22,0,-277873435.8184291,13402.899999999994,22,669669739.4592144,pune,sigma=0.5
33,staged_no_learning,10,12,-258977383.3561331,13402.899999999994,22,650773686.9969184,pune,sigma=0.5
33,staged_point_learning,10,0,249502140.51359534,12390.0,10,142294163.12719,pune,sigma=0.5
33,staged_robust_learning,10,2,198059087.6737162,13167.5,12,193737215.96706915,pune,sigma=0.5
33,oracle_all_now,7,0,391796303.64078534,12311.899999999994,7,0.0,pune,sigma=0.5
34,v1_point_all_now,24,0,-350301697.2969785,24919.300000000003,24,723833614.3725073,pune,sigma=0.5
34,robust_all_now,22,0,-201182200.1694858,25304.100000000006,22,574714117.2450147,pune,sigma=0.5
34,staged_no_learning,10,12,-181663579.31196308,25304.100000000006,22,555195496.387492,pune,sigma=0.5
34,staged_point_learning,10,5,210996732.70205522,24402.90000000001,15,162535184.37347364,pune,sigma=0.5
34,staged_robust_learning,10,9,-9532875.756918192,25004.0,19,383064792.83244705,pune,sigma=0.5
34,oracle_all_now,11,0,373531917.07552886,22383.0,11,0.0,pune,sigma=0.5
35,v1_point_all_now,24,0,1661846138.269487,50263.2,24,116945541.38640451,pune,sigma=0.5
35,robust_all_now,22,0,1492124409.5444112,45505.2,22,286667270.11148024,pune,sigma=0.5
35,staged_no_learning,10,12,1400734770.0992146,45505.2,22,378056909.55667686,pune,sigma=0.5
35,staged_point_learning,10,13,1490785046.0709372,48168.90000000001,23,288006633.58495426,pune,sigma=0.5
35,staged_robust_learning,10,18,1601278830.6161938,54732.3,28,177512849.03969765,pune,sigma=0.5
35,oracle_all_now,26,0,1778791679.6558914,54059.09999999999,26,0.0,pune,sigma=0.5
36,v1_point_all_now,24,0,1134023551.4333832,49081.69999999998,24,221617662.82854962,pune,sigma=0.5
36,robust_all_now,22,0,1084107922.580363,46074.600000000006,22,271533291.6815698,pune,sigma=0.5
36,staged_no_learning,10,12,1010033790.0997589,46074.600000000006,22,345607424.162174,pune,sigma=0.5
36,staged_point_learning,10,18,1264993565.3261023,58543.19999999998,28,90647648.9358306,pune,sigma=0.5
36,staged_robust_learning,10,16,1182452943.984471,54451.79999999999,26,173188270.27746177,pune,sigma=0.5
36,oracle_all_now,28,0,1355641214.2619328,58054.19999999998,28,0.0,pune,sigma=0.5
37,v1_point_all_now,24,0,291959121.53157115,29886.699999999997,24,335279317.98398757,pune,sigma=0.5
37,robust_all_now,22,0,377351748.6160121,30061.399999999994,22,249886690.89954662,pune,sigma=0.5
37,staged_no_learning,10,12,354960434.856586,30061.399999999994,22,272278004.65897274,pune,sigma=0.5
37,staged_point_learning,10,9,434377809.9423866,29150.899999999994,19,192860629.5731721,pune,sigma=0.5
37,staged_robust_learning,10,9,461906300.8848641,29880.199999999997,19,165332138.63069463,pune,sigma=0.5
37,oracle_all_now,15,0,627238439.5155587,29482.899999999994,15,0.0,pune,sigma=0.5
38,v1_point_all_now,24,0,1200482039.9700909,49831.899999999994,24,57375294.41993952,pune,sigma=0.5
38,robust_all_now,22,0,1119704992.8803635,46074.600000000006,22,138152341.50966692,pune,sigma=0.5
38,staged_no_learning,10,12,1044017244.7597592,46074.600000000006,22,213840089.6302712,pune,sigma=0.5
38,staged_point_learning,10,11,823220993.3818736,40036.0,21,434636341.0081568,pune,sigma=0.5
38,staged_robust_learning,10,16,1170414793.3088822,53288.79999999999,26,87442541.08114815,pune,sigma=0.5
38,oracle_all_now,26,0,1257857334.3900304,53108.899999999994,26,0.0,pune,sigma=0.5
39,v1_point_all_now,24,0,1226840859.0625367,45640.69999999998,24,385327460.2776451,pune,sigma=0.5
39,robust_all_now,22,0,1167215182.5712996,42614.100000000006,22,444953136.7688823,pune,sigma=0.5
39,staged_no_learning,10,12,1094328031.2004838,42614.100000000006,22,517840288.139698,pune,sigma=0.5
39,staged_point_learning,10,15,1407364355.067069,51871.29999999999,25,204803964.27311277,pune,sigma=0.5
39,staged_robust_learning,10,21,1303519732.8166766,55873.399999999994,31,308648586.5235052,pune,sigma=0.5
39,oracle_all_now,27,0,1612168319.3401818,55574.600000000006,27,0.0,pune,sigma=0.5
40,v1_point_all_now,24,0,1360290861.2945623,46183.5,24,133318368.42991018,pune,sigma=0.5
40,robust_all_now,22,0,1425438965.2537766,45589.0,22,68170264.47069597,pune,sigma=0.5
40,staged_no_learning,10,12,1335737419.4390936,45589.0,22,157871810.28537893,pune,sigma=0.5
40,staged_point_learning,10,12,1075201773.2276134,40409.0,22,418407456.4968591,pune,sigma=0.5
40,staged_robust_learning,10,14,1366828028.0218124,48071.899999999994,24,126781201.70266008,pune,sigma=0.5
40,oracle_all_now,23,0,1493609229.7244725,47722.80000000002,23,0.0,pune,sigma=0.5
41,v1_point_all_now,24,0,1045528873.6114805,47777.399999999994,24,260809522.35740113,pune,sigma=0.5
41,robust_all_now,22,0,1019620682.2546825,45190.29999999999,22,286717713.71419907,pune,sigma=0.5
41,staged_no_learning,10,12,947392117.6399395,45190.29999999999,22,358946278.32894206,pune,sigma=0.5
41,staged_point_learning,10,15,1081025907.4746222,51660.19999999998,25,225312488.49425936,pune,sigma=0.5
41,staged_robust_learning,10,18,1168235951.3303328,56976.899999999994,28,138102444.63854885,pune,sigma=0.5
41,oracle_all_now,28,0,1306338395.9688816,57711.69999999998,28,0.0,pune,sigma=0.5
42,v1_point_all_now,24,0,168704188.2226591,23397.300000000003,24,613080823.2845924,pune,sigma=0.5
42,robust_all_now,22,0,328191579.84350514,24355.800000000003,22,453593431.66374636,pune,sigma=0.5
42,staged_no_learning,10,12,320792043.1342602,24355.800000000003,22,460992968.3729913,pune,sigma=0.5
42,staged_point_learning,10,6,504832393.35855055,22349.100000000006,16,276952618.14870095,pune,sigma=0.5
42,staged_robust_learning,10,9,500565358.24120903,24956.300000000003,19,281219653.2660425,pune,sigma=0.5
42,oracle_all_now,11,0,781785011.5072515,22529.100000000006,11,0.0,pune,sigma=0.5
43,v1_point_all_now,24,0,428138880.32719135,45202.70000000001,24,163285102.3607242,pune,sigma=0.5
43,robust_all_now,22,0,456138385.0646534,43121.600000000006,22,135285597.62326217,pune,sigma=0.5
43,staged_no_learning,10,12,414743705.03649616,43121.600000000006,22,176680277.6514194,pune,sigma=0.5
43,staged_point_learning,10,14,397387572.4907553,45562.79999999999,24,194036410.19716024,pune,sigma=0.5
43,staged_robust_learning,10,16,351340587.2938981,47175.600000000006,26,240083395.39401746,pune,sigma=0.5
43,oracle_all_now,23,0,591423982.6879156,48114.29999999999,23,0.0,pune,sigma=0.5
44,v1_point_all_now,24,0,1024821951.8682778,36760.399999999994,24,179136345.47764397,pune,sigma=0.5
44,robust_all_now,22,0,1118663143.5848942,36964.59999999999,22,85295153.76102757,pune,sigma=0.5
44,staged_no_learning,10,12,1060397399.6134136,36964.59999999999,22,143560897.73250818,pune,sigma=0.5
44,staged_point_learning,10,3,913670127.6383083,26896.300000000003,13,290288169.70761347,pune,sigma=0.5
44,staged_robust_learning,10,7,1078977227.189003,33361.2,17,124981070.15691876,pune,sigma=0.5
44,oracle_all_now,18,0,1203958297.3459218,35506.5,18,0.0,pune,sigma=0.5
45,v1_point_all_now,24,0,-352944072.29818726,22736.699999999997,24,775579318.7141998,pune,sigma=0.5
45,robust_all_now,22,0,-232506167.08217502,22710.199999999997,22,655141413.4981875,pune,sigma=0.5
45,staged_no_learning,10,12,-208270229.5447731,22710.199999999997,22,630905475.9607856,pune,sigma=0.5
45,staged_point_learning,10,1,301240058.3184296,19862.600000000006,11,121395188.09758294,pune,sigma=0.5
45,staged_robust_learning,10,4,208872468.66163206,21682.100000000006,14,213762777.75438046,pune,sigma=0.5
45,oracle_all_now,11,0,422635246.4160125,22415.300000000003,11,0.0,pune,sigma=0.5
46,v1_point_all_now,24,0,-305457442.3758309,21938.399999999994,24,725476589.9054382,pune,sigma=0.5
46,robust_all_now,22,0,-157385851.91178203,22626.800000000003,22,577404999.4413893,pune,sigma=0.5
46,staged_no_learning,10,12,-138437933.69431996,22626.800000000003,22,558457081.2239273,pune,sigma=0.5
46,staged_point_learning,10,0,370613823.3422961,19359.699999999997,10,49405324.18731117,pune,sigma=0.5
46,staged_robust_learning,10,6,161554966.12972832,22011.0,16,258464181.39987898,pune,sigma=0.5
46,oracle_all_now,10,0,420019147.5296073,20373.699999999997,10,0.0,pune,sigma=0.5
47,v1_point_all_now,24,0,686938812.3117824,39468.79999999999,24,512261101.48731184,pune,sigma=0.5
47,robust_all_now,22,0,975972937.6048336,43286.79999999999,22,223226976.1942606,pune,sigma=0.5
47,staged_no_learning,10,12,911931565.2194562,43286.79999999999,22,287268348.579638,pune,sigma=0.5
47,staged_point_learning,10,11,992214843.6085801,43980.29999999999,21,206985070.1905141,pune,sigma=0.5
47,staged_robust_learning,10,14,776168044.7752271,42455.0,24,423031869.02386713,pune,sigma=0.5
47,oracle_all_now,24,0,1199199913.7990942,49982.5,24,0.0,pune,sigma=0.5
48,v1_point_all_now,24,0,133219552.72114849,29523.300000000003,24,571868869.9836864,pune,sigma=0.5
48,robust_all_now,22,0,290957208.1138978,30528.300000000003,22,414131214.59093714,pune,sigma=0.5
48,staged_no_learning,10,12,279207863.3108766,30528.300000000003,22,425880559.39395833,pune,sigma=0.5
48,staged_point_learning,10,4,472675411.56441164,25557.20000000001,14,232413011.1404233,pune,sigma=0.5
48,staged_robust_learning,10,3,506994840.15776515,25162.70000000001,13,198093582.5470698,pune,sigma=0.5
48,oracle_all_now,16,0,705088422.7048349,32330.70000000001,16,0.0,pune,sigma=0.5
49,v1_point_all_now,24,0,-113449809.87643528,23097.899999999994,24,759921934.2725074,pune,sigma=0.5
49,robust_all_now,22,0,125986135.79335308,25365.59999999999,22,520485988.60271907,pune,sigma=0.5
49,staged_no_learning,10,12,131570552.75836825,25365.59999999999,22,514901571.6377039,pune,sigma=0.5
49,staged_point_learning,10,2,517683269.6651962,22143.399999999994,12,128788854.73087597,pune,sigma=0.5
49,staged_robust_learning,10,9,368737528.3506341,26811.29999999999,19,277734596.04543805,pune,sigma=0.5
49,oracle_all_now,12,0,646472124.3960721,24368.09999999999,12,0.0,pune,sigma=0.5
50,v1_point_all_now,24,0,525673399.5580063,34559.7,24,327480588.6737151,pune,sigma=0.5
50,robust_all_now,22,0,633940624.445317,35143.399999999994,22,219213363.78640437,pune,sigma=0.5
50,staged_no_learning,10,12,598402188.054018,35143.399999999994,22,254751800.17770338,pune,sigma=0.5
50,staged_point_learning,10,7,682309851.996737,32264.09999999999,17,170844136.2349844,pune,sigma=0.5
50,staged_robust_learning,10,8,780111882.4494257,35686.29999999999,18,73042105.7822957,pune,sigma=0.5
50,oracle_all_now,17,0,853153988.2317214,35430.69999999998,17,0.0,pune,sigma=0.5
51,v1_point_all_now,24,0,-606563498.0818732,14831.899999999994,24,734189102.6410875,pune,sigma=0.5
51,robust_all_now,22,0,-508343823.0891238,15042.5,22,635969427.6483381,pune,sigma=0.5
51,staged_no_learning,10,12,-491285750.68725073,15042.5,22,618911355.246465,pune,sigma=0.5
51,staged_point_learning,10,0,-3084600.23142004,13755.399999999994,10,130710204.79063433,pune,sigma=0.5
51,staged_robust_learning,10,0,-3084600.23142004,13755.399999999994,10,130710204.79063433,pune,sigma=0.5
51,oracle_all_now,6,0,127625604.5592143,12182.099999999991,6,0.0,pune,sigma=0.5
52,v1_point_all_now,24,0,437063852.0347433,28408.5,24,430473405.15921426,pune,sigma=0.5
52,robust_all_now,22,0,568283467.8586102,29097.199999999997,22,299253789.3353474,pune,sigma=0.5
52,staged_no_learning,10,12,551624501.3267674,29097.199999999997,22,315912755.8671901,pune,sigma=0.5
52,staged_point_learning,10,2,771400950.1013899,24536.699999999997,12,96136307.09256768,pune,sigma=0.5
52,staged_robust_learning,10,4,894641142.0329912,28773.0,14,-27103884.839033604,pune,sigma=0.5
52,oracle_all_now,13,0,867537257.1939576,26887.199999999997,13,0.0,pune,sigma=0.5
53,v1_point_all_now,24,0,525304046.72900367,49833.7,24,377242013.05347514,pune,sigma=0.5
53,robust_all_now,22,0,492449256.22356606,45970.000000000015,22,410096803.55891275,pune,sigma=0.5
53,staged_no_learning,10,12,445344270.41873217,45970.000000000015,22,457201789.36374664,pune,sigma=0.5
53,staged_point_learning,10,28,746740963.1786113,79583.40000000001,38,155805096.60386753,pune,sigma=0.5
53,staged_robust_learning,10,30,780339987.1399407,83667.40000000001,40,122206072.64253807,pune,sigma=0.5
53,oracle_all_now,40,0,902546059.7824788,83772.00000000001,40,0.0,pune,sigma=0.5
54,v1_point_all_now,24,0,580232585.1226592,35743.600000000006,24,350349373.4160118,pune,sigma=0.5
54,robust_all_now,22,0,729574351.3048344,36368.90000000001,22,201007607.23383665,pune,sigma=0.5
54,staged_no_learning,10,12,691682951.8594568,36368.90000000001,22,238899006.67921424,pune,sigma=0.5
54,staged_point_learning,10,8,855351402.8697288,35263.40000000001,18,75230555.66894221,pune,sigma=0.5
54,staged_robust_learning,10,13,585864548.6667075,35354.90000000001,23,344717409.8719635,pune,sigma=0.5
54,oracle_all_now,17,0,930581958.538671,34790.3,17,0.0,pune,sigma=0.5
55,v1_point_all_now,24,0,21959714.638368845,25820.699999999997,24,580240444.0302114,pune,sigma=0.5
55,robust_all_now,22,0,170247133.83685827,26750.0,22,431953024.831722,pune,sigma=0.5
55,staged_no_learning,10,12,164013750.66876173,26750.0,22,438186407.99981856,pune,sigma=0.5
55,staged_point_learning,10,5,402458245.25317264,24362.300000000003,15,199741913.41540766,pune,sigma=0.5
55,staged_robust_learning,10,8,331253673.36894274,26079.199999999997,18,270946485.29963756,pune,sigma=0.5
55,oracle_all_now,13,0,602200158.6685803,26101.699999999997,13,0.0,pune,sigma=0.5
56,v1_point_all_now,24,0,1046794266.8261337,48431.70000000001,24,154518137.52462196,pune,sigma=0.5
56,robust_all_now,22,0,1006919703.4496984,45546.100000000006,22,194392700.90105724,pune,sigma=0.5
56,staged_no_learning,10,12,935358262.969094,45546.100000000006,22,265954141.38166165,pune,sigma=0.5
56,staged_point_learning,10,12,935358262.969094,45546.100000000006,22,265954141.38166165,pune,sigma=0.5
56,staged_robust_learning,10,17,1139331185.3249855,56017.600000000006,27,61981219.02577019,pune,sigma=0.5
56,oracle_all_now,27,0,1201312404.3507557,55060.600000000006,27,0.0,pune,sigma=0.5
57,v1_point_all_now,24,0,140011728.5519638,26956.699999999997,24,447343470.98580074,pune,sigma=0.5
57,robust_all_now,22,0,177170690.87734127,25822.399999999994,22,410184508.6604233,pune,sigma=0.5
57,staged_no_learning,10,12,166915055.19317198,25822.399999999994,22,420440144.3445926,pune,sigma=0.5
57,staged_point_learning,10,3,435372962.66555893,23113.699999999997,13,151982236.87220562,pune,sigma=0.5
57,staged_robust_learning,10,7,429925067.0561333,27146.100000000006,17,157430132.48163128,pune,sigma=0.5
57,oracle_all_now,13,0,587355199.5377645,26252.0,13,0.0,pune,sigma=0.5
58,v1_point_all_now,24,0,1456327773.9027185,48884.19999999998,24,408929336.4815717,pune,sigma=0.5
58,robust_all_now,22,0,1354837306.9229612,45143.5,22,510419803.461329,pune,sigma=0.5
58,staged_no_learning,10,12,1270589852.4755292,45143.5,22,594667257.908761,pune,sigma=0.5
58,staged_point_learning,10,19,1494372679.7978258,56639.100000000006,29,370884430.5864644,pune,sigma=0.5
58,staged_robust_learning,10,28,1356529868.9001808,63641.19999999998,38,508727241.4841094,pune,sigma=0.5
58,oracle_all_now,30,0,1865257110.3842902,61856.79999999999,30,0.0,pune,sigma=0.5
59,v1_point_all_now,24,0,197691453.3208468,35945.20000000001,24,361701236.56344414,pune,sigma=0.5
59,robust_all_now,22,0,327242931.72114897,36275.70000000001,22,232149758.16314197,pune,sigma=0.5
59,staged_no_learning,10,12,303729164.08592224,36275.70000000001,22,255663525.7983687,pune,sigma=0.5
59,staged_point_learning,10,7,550741651.2438676,35603.100000000006,17,8651038.640423298,pune,sigma=0.5
59,staged_robust_learning,10,13,243436489.96145082,36139.70000000001,23,315956199.9228401,pune,sigma=0.5
59,oracle_all_now,17,0,559392689.8842909,35012.70000000001,17,0.0,pune,sigma=0.5
60,v1_point_all_now,24,0,-328943759.1167675,20169.09999999999,24,581441380.86571,pune,sigma=0.5
60,robust_all_now,22,0,-209677275.6379156,21528.09999999999,22,462174897.3868581,pune,sigma=0.5
60,staged_no_learning,10,12,-207849612.20350468,21528.09999999999,22,460347233.9524472,pune,sigma=0.5
60,staged_point_learning,10,0,112314938.21570987,16656.399999999994,10,140182683.53323263,pune,sigma=0.5
60,staged_robust_learning,10,3,124724012.99166143,21211.09999999999,13,127773608.75728106,pune,sigma=0.5
60,oracle_all_now,12,0,252497621.7489425,23883.399999999994,12,0.0,pune,sigma=0.5
61,v1_point_all_now,24,0,-157987156.8743204,27132.59999999999,24,473300070.443807,pune,sigma=0.5
61,robust_all_now,22,0,-39791692.23383701,28058.59999999999,22,355104605.8033236,pune,sigma=0.5
61,staged_no_learning,10,12,-43766617.46441102,28058.59999999999,22,359079531.03389764,pune,sigma=0.5
61,staged_point_learning,10,8,37154019.95456207,25140.5,18,278158893.61492455,pune,sigma=0.5
61,staged_robust_learning,10,4,225545529.2654984,25779.09999999999,14,89767384.30398822,pune,sigma=0.5
61,oracle_all_now,13,0,315312913.5694866,26861.5,13,0.0,pune,sigma=0.5
62,v1_point_all_now,24,0,930783013.6753778,45404.3,24,232776054.46571016,pune,sigma=0.5
62,robust_all_now,22,0,863756350.5169184,41876.59999999999,22,299802717.6241696,pune,sigma=0.5
62,staged_no_learning,10,12,801137039.9152265,41876.59999999999,22,362422028.22586155,pune,sigma=0.5
62,staged_point_learning,10,13,944870904.544955,46689.3,23,218688163.596133,pune,sigma=0.5
62,staged_robust_learning,10,19,1001002225.8355894,54205.3,29,162556842.3054986,pune,sigma=0.5
62,oracle_all_now,26,0,1163559068.141088,52958.2,26,0.0,pune,sigma=0.5
63,v1_point_all_now,24,0,619290155.8694875,50263.20000000001,24,160281650.2673719,pune,sigma=0.5
63,robust_all_now,22,0,567682642.8803635,46074.600000000006,22,211889163.25649595,pune,sigma=0.5
63,staged_no_learning,10,12,517018074.75975895,46074.600000000006,22,262553731.37710047,pune,sigma=0.5
63,staged_point_learning,10,21,703277233.83988,64693.0,31,76294572.29697943,pune,sigma=0.5
63,staged_robust_learning,10,29,359471315.4894266,66535.5,39,420100490.6474328,pune,sigma=0.5
63,oracle_all_now,31,0,779571806.1368594,64384.70000000001,31,0.0,pune,sigma=0.5
64,v1_point_all_now,24,0,798174913.0441096,34814.40000000001,24,441591093.3670695,pune,sigma=0.5
64,robust_all_now,22,0,918789522.942297,35049.100000000006,22,320976483.4688821,pune,sigma=0.5
64,staged_no_learning,10,12,877062469.5380068,35049.100000000006,22,362703536.8731723,pune,sigma=0.5
64,staged_point_learning,10,6,1098500783.8526893,33508.8,16,141265222.5584898,pune,sigma=0.5
64,staged_robust_learning,10,6,988985127.7666476,31507.20000000001,16,250780878.6445315,pune,sigma=0.5
64,oracle_all_now,18,0,1239766006.411179,36854.90000000001,18,0.0,pune,sigma=0.5
65,v1_point_all_now,24,0,-232618741.58791554,24606.399999999994,24,503805716.7664658,pune,sigma=0.5
65,robust_all_now,22,0,-128350040.86525643,25131.600000000006,22,399537016.0438067,pune,sigma=0.5
65,staged_no_learning,10,12,-124493480.10447097,25131.600000000006,22,395680455.2830212,pune,sigma=0.5
65,staged_point_learning,10,2,260731462.57226622,23999.100000000006,12,10455512.606284022,pune,sigma=0.5
65,staged_robust_learning,10,3,167313220.41758335,22295.600000000006,13,103873754.7609669,pune,sigma=0.5
65,oracle_all_now,11,0,271186975.17855024,22742.100000000006,11,0.0,pune,sigma=0.5
66,v1_point_all_now,24,0,347118479.47432065,41914.0,24,204960250.41691852,pune,sigma=0.5
66,robust_all_now,22,0,517786784.23202515,43705.20000000001,22,34291945.65921402,pune,sigma=0.5
66,staged_no_learning,10,12,472764852.58356595,43705.20000000001,22,79313877.30767322,pune,sigma=0.5
66,staged_point_learning,10,9,419643856.71335435,37900.90000000001,19,132434873.17788482,pune,sigma=0.5
66,staged_robust_learning,10,15,336856629.8582485,44051.600000000006,25,215222100.0329907,pune,sigma=0.5
66,oracle_all_now,20,0,552078729.8912392,41886.0,20,0.0,pune,sigma=0.5
67,v1_point_all_now,24,0,1453361796.9589124,48195.399999999994,24,536816877.15619373,pune,sigma=0.5
67,robust_all_now,22,0,1436225430.0803633,46074.600000000006,22,553953244.0347428,pune,sigma=0.5
67,staged_no_learning,10,12,1346189806.599759,46074.600000000006,22,643988867.515347,pune,sigma=0.5
67,staged_point_learning,10,18,1508493088.0982485,54974.600000000006,28,481685586.0168576,pune,sigma=0.5
67,staged_robust_learning,10,17,1635089833.9556503,56546.100000000006,27,355088840.1594558,pune,sigma=0.5
67,oracle_all_now,32,0,1990178674.115106,65215.100000000006,32,0.0,pune,sigma=0.5
68,v1_point_all_now,24,0,-141379769.57220554,28949.59999999999,24,413658371.5515107,pune,sigma=0.5
68,robust_all_now,22,0,-45439814.777341366,29322.199999999997,22,317718416.7566465,pune,sigma=0.5
68,staged_no_learning,10,12,-55419248.51791537,29322.199999999997,22,327697850.4972205,pune,sigma=0.5
68,staged_point_learning,10,2,168730564.95700908,22650.699999999997,12,103548037.02229607,pune,sigma=0.5
68,staged_robust_learning,10,4,139596310.03785503,24551.5,14,132682291.94145012,pune,sigma=0.5
68,oracle_all_now,13,0,272278601.97930515,27225.899999999994,13,0.0,pune,sigma=0.5
69,v1_point_all_now,24,0,-144988916.36827803,18284.899999999994,24,675628549.1830821,pune,sigma=0.5
69,robust_all_now,22,0,-29388921.295770645,18495.899999999994,22,560028554.1105747,pune,sigma=0.5
69,staged_no_learning,10,12,-9379646.874682903,18495.899999999994,22,540019279.689487,pune,sigma=0.5
69,staged_point_learning,10,1,470435034.6397586,17353.5,11,60204598.17504549,pune,sigma=0.5
69,staged_robust_learning,10,4,345640792.2310573,17775.899999999994,14,184998840.5837468,pune,sigma=0.5
69,oracle_all_now,8,0,530639632.8148041,15797.300000000003,8,0.0,pune,sigma=0.5
70,v1_point_all_now,24,0,240963975.3462236,43317.59999999999,24,157632980.63761377,pune,sigma=0.5
70,robust_all_now,22,0,378094246.9438071,44910.40000000001,22,20502709.04003024,pune,sigma=0.5
70,staged_no_learning,10,12,337352627.0960126,44910.40000000001,22,61244328.887824774,pune,sigma=0.5
70,staged_point_learning,10,9,324169282.68622375,39791.7,19,74427673.29761362,pune,sigma=0.5
70,staged_robust_learning,10,11,354462083.62858033,43980.3,21,44134872.355257034,pune,sigma=0.5
70,oracle_all_now,22,0,398596955.98383737,45588.90000000001,22,0.0,pune,sigma=0.5
71,v1_point_all_now,24,0,1033701578.269486,50263.19999999998,24,546943209.7752271,pune,sigma=0.5
71,robust_all_now,22,0,947559780.080363,46074.600000000006,22,633085007.96435,pune,sigma=0.5
71,staged_no_learning,10,12,879675376.5997589,46074.600000000006,22,700969411.4449542,pune,sigma=0.5
71,staged_point_learning,10,25,1366055627.7250757,73300.5,35,214589160.3196373,pune,sigma=0.5
71,staged_robust_learning,10,30,1337861603.6472507,78424.69999999998,40,242783184.39746237,pune,sigma=0.5
71,oracle_all_now,38,0,1580644788.044713,78306.79999999999,38,0.0,pune,sigma=0.5
72,v1_point_all_now,24,0,327889436.9528699,32648.399999999994,24,312832435.0214505,pune,sigma=0.5
72,robust_all_now,22,0,396617793.4370091,32260.899999999994,22,244104078.53731132,pune,sigma=0.5
72,staged_no_learning,10,12,375189423.8349848,32260.899999999994,22,265532448.13933563,pune,sigma=0.5
72,staged_point_learning,10,8,496163500.81915426,31131.699999999997,18,144558371.15516615,pune,sigma=0.5
72,staged_robust_learning,10,8,555172536.7308159,32695.0,18,85549335.24350452,pune,sigma=0.5
72,oracle_all_now,15,0,640721871.9743204,30991.0,15,0.0,pune,sigma=0.5
73,v1_point_all_now,24,0,417588156.1649549,43551.399999999994,24,246885631.25075555,pune,sigma=0.5
73,robust_all_now,22,0,349306349.6534748,39035.7,22,315167437.76223564,pune,sigma=0.5
73,staged_no_learning,10,12,318330511.7310579,39035.7,22,346143275.68465257,pune,sigma=0.5
73,staged_point_learning,10,16,409324762.402478,47319.0,26,255149025.01323247,pune,sigma=0.5
73,staged_robust_learning,10,13,554022243.3617527,47254.899999999994,23,110451544.0539577,pune,sigma=0.5
73,oracle_all_now,24,0,664473787.4157104,50087.399999999994,24,0.0,pune,sigma=0.5
74,v1_point_all_now,24,0,1404219879.7522655,44101.999999999985,24,257005918.27552986,pune,sigma=0.5
74,robust_all_now,22,0,1624221862.8803625,46074.59999999999,22,37003935.147432804,pune,sigma=0.5
74,staged_no_learning,10,12,1525664358.7597585,46074.59999999999,22,135561439.26803684,pune,sigma=0.5
74,staged_point_learning,10,15,1505814760.2664652,48396.999999999985,25,155411037.76133013,pune,sigma=0.5
74,staged_robust_learning,10,15,1534977352.539577,48929.999999999985,25,126248445.48821831,pune,sigma=0.5
74,oracle_all_now,23,0,1661225798.0277953,47551.8,23,0.0,pune,sigma=0.5
75,v1_point_all_now,24,0,1182663188.269486,50263.19999999998,24,216595100.17009163,pune,sigma=0.5
75,robust_all_now,22,0,1084107922.580363,46074.600000000006,22,315150365.85921454,pune,sigma=0.5
75,staged_no_learning,10,12,1010033790.0997589,46074.600000000006,22,389224498.3398187,pune,sigma=0.5
75,staged_point_learning,10,25,1083111930.8423572,60391.100000000006,35,316146357.5972204,pune,sigma=0.5
75,staged_robust_learning,10,17,1225557732.4556503,56546.100000000006,27,173700555.98392725,pune,sigma=0.5
75,oracle_all_now,29,0,1399258288.4395776,60011.0,29,0.0,pune,sigma=0.5
76,v1_point_all_now,24,0,1489052625.1287007,46325.59999999999,24,203623300.51419973,pune,sigma=0.5
76,robust_all_now,22,0,1562962920.0803623,46074.59999999999,22,129713005.56253815,pune,sigma=0.5
76,staged_no_learning,10,12,1467182284.5997581,46074.59999999999,22,225493641.04314232,pune,sigma=0.5
76,staged_point_learning,10,10,1341058185.657403,41886.000000000015,20,351617739.9854975,pune,sigma=0.5
76,staged_robust_learning,10,14,1508280223.325801,48572.7,24,184395702.31709957,pune,sigma=0.5
76,oracle_all_now,25,0,1692675925.6429005,50836.8,25,0.0,pune,sigma=0.5
77,v1_point_all_now,24,0,1524333235.8965259,48745.5,24,304012960.07190275,pune,sigma=0.5
77,robust_all_now,22,0,1376631677.830665,44286.7,22,451714518.1377635,pune,sigma=0.5
77,staged_no_learning,10,12,1292817361.9913597,44286.7,22,535528833.9770689,pune,sigma=0.5
77,staged_point_learning,10,20,1616125310.4398189,57899.399999999994,30,212220885.52860975,pune,sigma=0.5
77,staged_robust_learning,10,28,1311633904.0643506,58374.5,38,516712291.904078,pune,sigma=0.5
77,oracle_all_now,28,0,1828346195.9684286,57828.29999999999,28,0.0,pune,sigma=0.5
78,v1_point_all_now,24,0,988235075.8694868,50263.2,24,617646922.4184294,pune,sigma=0.5
78,robust_all_now,22,0,905882152.8803635,46074.600000000006,22,699999845.4075527,pune,sigma=0.5
78,staged_no_learning,10,12,839886996.7597592,46074.600000000006,22,765995001.528157,pune,sigma=0.5
78,staged_point_learning,10,30,1229215408.006648,78112.00000000001,40,376666590.2812681,pune,sigma=0.5
78,staged_robust_learning,10,30,1183402162.7607265,77086.50000000001,40,422479835.52718973,pune,sigma=0.5
78,oracle_all_now,39,0,1605881998.2879162,81677.7,39,0.0,pune,sigma=0.5
79,v1_point_all_now,24,0,1497478412.2060428,49573.8,24,98713534.82417011,pune,sigma=0.5
79,robust_all_now,22,0,1410399022.8803625,46074.59999999999,22,185792924.14985037,pune,sigma=0.5
79,staged_no_learning,10,12,1321534110.7597585,46074.59999999999,22,274657836.2704544,pune,sigma=0.5
79,staged_point_learning,10,17,1352760309.2163157,51935.000000000015,27,243431637.81389713,pune,sigma=0.5
79,staged_robust_learning,10,20,1270480748.0682793,53605.000000000015,30,325711198.9619336,pune,sigma=0.5
79,oracle_all_now,25,0,1596191947.0302129,52248.000000000015,25,0.0,pune,sigma=0.5
0,v1_point_all_now,24,0,843869235.8510575,45527.29999999999,24,947159823.9314208,pune,sigma=0.75
0,robust_all_now,21,0,940290256.3858006,43980.29999999999,21,850738803.3966777,pune,sigma=0.75
0,staged_no_learning,6,15,853309556.2350452,43980.29999999999,21,937719503.5474331,pune,sigma=0.75
0,staged_point_learning,6,25,1120042867.9206052,62169.20000000001,31,670986191.8618731,pune,sigma=0.75
0,staged_robust_learning,6,34,1423847813.3415117,79966.1,40,367181246.4409666,pune,sigma=0.75
0,oracle_all_now,40,0,1791029059.7824783,83772.0,40,0.0,pune,sigma=0.75
1,v1_point_all_now,24,0,561417171.6063457,47587.30000000002,24,177576494.50392675,pune,sigma=0.75
1,robust_all_now,21,0,533486043.52477384,42757.3,21,205507622.58549857,pune,sigma=0.75
1,staged_no_learning,6,15,471750444.7716017,42757.3,21,267243221.33867073,pune,sigma=0.75
1,staged_point_learning,6,15,498595302.1954086,43532.40000000001,21,240398363.91486382,pune,sigma=0.75
1,staged_robust_learning,6,33,148935932.30852056,59059.70000000001,39,590057733.8017519,pune,sigma=0.75
1,oracle_all_now,28,0,738993666.1102724,57742.5,28,0.0,pune,sigma=0.75
2,v1_point_all_now,24,0,-45640686.84108806,22443.59999999999,24,683310819.8912387,pune,sigma=0.75
2,robust_all_now,21,0,211923818.7598188,24229.5,21,425746314.29033184,pune,sigma=0.75
2,staged_no_learning,6,15,191428092.8637464,24229.5,21,446242040.1864042,pune,sigma=0.75
2,staged_point_learning,6,4,539005608.1236857,20017.699999999997,10,98664524.92646492,pune,sigma=0.75
2,staged_robust_learning,6,14,191142667.59196377,23212.699999999997,20,446527465.45818686,pune,sigma=0.75
2,oracle_all_now,11,0,637670133.0501506,22292.59999999999,11,0.0,pune,sigma=0.75
3,v1_point_all_now,24,0,1397205871.7419944,44979.600000000006,24,707103944.8098187,pune,sigma=0.75
3,robust_all_now,21,0,1348448046.5496988,41772.70000000001,21,755861770.0021143,pune,sigma=0.75
3,staged_no_learning,6,15,1239970702.1087015,41772.70000000001,21,864339114.4431117,pune,sigma=0.75
3,staged_point_learning,6,29,1756556878.3976436,63791.399999999994,35,347752938.15416956,pune,sigma=0.75
3,staged_robust_learning,6,31,1708541081.2317219,64387.79999999999,37,395768735.32009125,pune,sigma=0.75
3,oracle_all_now,31,0,2104309816.5518131,63846.899999999994,31,0.0,pune,sigma=0.75
4,v1_point_all_now,24,0,-354595080.61359525,21736.09999999999,24,629600685.8987914,pune,sigma=0.75
4,robust_all_now,21,0,-202639269.01359487,21868.5,21,477644874.29879105,pune,sigma=0.75
4,staged_no_learning,6,15,-207059613.2967974,21868.5,21,482065218.5819936,pune,sigma=0.75
4,staged_point_learning,6,4,182197419.56435013,18182.79999999999,10,92808185.72084606,pune,sigma=0.75
4,staged_robust_learning,6,7,106067916.1064651,20055.09999999999,13,168937689.17873108,pune,sigma=0.75
4,oracle_all_now,10,0,275005605.2851962,20248.59999999999,10,0.0,pune,sigma=0.75
5,v1_point_all_now,24,0,1399601867.111783,46486.0,24,1134699442.3525677,pune,sigma=0.75
5,robust_all_now,21,0,1403960646.9271913,43680.100000000006,21,1130340662.5371594,pune,sigma=0.75
5,staged_no_learning,6,15,1289881486.3844113,43680.100000000006,21,1244419823.0799394,pune,sigma=0.75
5,staged_point_learning,6,28,1958724372.9086413,68873.5,34,575576936.5557094,pune,sigma=0.75
5,staged_robust_learning,6,34,2083941709.0688825,77147.79999999999,40,450359600.39546824,pune,sigma=0.75
5,oracle_all_now,38,0,2534301309.4643507,78936.29999999999,38,0.0,pune,sigma=0.75
6,v1_point_all_now,24,0,1016144724.2746224,49063.09999999999,24,774884335.5078554,pune,sigma=0.75
6,robust_all_now,21,0,820684546.5090632,41525.499999999985,21,970344513.2734146,pune,sigma=0.75
6,staged_no_learning,6,15,743643681.6083381,41525.499999999985,21,1047385378.1741397,pune,sigma=0.75
6,staged_point_learning,6,34,1593872806.1074324,83771.99999999999,40,197156253.6750455,pune,sigma=0.75
6,staged_robust_learning,6,34,1585192636.8716621,83577.7,40,205836422.91081572,pune,sigma=0.75
6,oracle_all_now,40,0,1791029059.7824779,83771.99999999999,40,0.0,pune,sigma=0.75
7,v1_point_all_now,24,0,497125570.6631427,49545.5,24,289227523.14108753,pune,sigma=0.75
7,robust_all_now,21,0,371612305.53897357,41674.600000000006,21,414740788.26525664,pune,sigma=0.75
7,staged_no_learning,6,15,319090880.5323875,41674.600000000006,21,467262213.2718427,pune,sigma=0.75
7,staged_point_learning,6,17,419777829.4803028,47733.8,23,366575264.3239274,pune,sigma=0.75
7,staged_robust_learning,6,25,563379758.6897292,64488.20000000001,31,222973335.114501,pune,sigma=0.75
7,oracle_all_now,36,0,786353093.8042302,75394.79999999999,36,0.0,pune,sigma=0.75
8,v1_point_all_now,24,0,-504753783.45135975,20805.59999999999,24,698931824.3969792,pune,sigma=0.75
8,robust_all_now,21,0,-288991303.7990935,22837.5,21,483169344.74471295,pune,sigma=0.75
8,staged_no_learning,6,15,-300358065.8247733,22837.5,21,494536106.7703928,pune,sigma=0.75
8,staged_point_learning,6,4,12138669.359033227,15867.199999999997,10,182039371.58658624,pune,sigma=0.75
8,staged_robust_learning,6,8,16327896.394682765,22301.199999999997,14,177850144.5509367,pune,sigma=0.75
8,oracle_all_now,10,0,194178040.94561946,20943.0,10,0.0,pune,sigma=0.75
9,v1_point_all_now,24,0,380495551.6703932,48507.40000000001,24,342090762.1120851,pune,sigma=0.75
9,robust_all_now,21,0,379357814.735801,43980.3,21,343228499.04667735,pune,sigma=0.75
9,staged_no_learning,6,15,325674474.1350455,43980.3,21,396911839.6474328,pune,sigma=0.75
9,staged_point_learning,6,22,427074853.4332936,58640.40000000001,28,295511460.34918475,pune,sigma=0.75
9,staged_robust_learning,6,28,513989464.26036286,71206.2,34,208596849.52211547,pune,sigma=0.75
9,oracle_all_now,40,0,722586313.7824783,83772.00000000001,40,0.0,pune,sigma=0.75
10,v1_point_all_now,24,0,1085662265.2513597,47314.2,24,662608907.0972817,pune,sigma=0.75
10,robust_all_now,21,0,994100062.4574018,42405.399999999994,21,754171109.8912396,pune,sigma=0.75
10,staged_no_learning,6,15,905567002.8245316,42405.399999999994,21,842704169.5241098,pune,sigma=0.75
10,staged_point_learning,6,26,1105271965.9355893,58286.2,32,642999206.4130521,pune,sigma=0.75
10,staged_robust_learning,6,34,1052233884.6998186,64910.499999999985,40,696037287.6488228,pune,sigma=0.75
10,oracle_all_now,36,0,1748271172.3486414,73699.40000000001,36,0.0,pune,sigma=0.75
11,v1_point_all_now,24,0,1583247458.9347444,47970.600000000006,24,213221136.80150986,pune,sigma=0.75
11,robust_all_now,21,0,1307314342.8679771,40666.70000000001,21,489154252.8682771,pune,sigma=0.75
11,staged_no_learning,6,15,1203241857.6305752,40666.70000000001,21,593226738.105679,pune,sigma=0.75
11,staged_point_learning,6,29,1154328462.352025,52810.20000000001,35,642140133.3842292,pune,sigma=0.75
11,staged_robust_learning,6,34,988241554.2038674,54430.899999999994,40,808227041.5323868,pune,sigma=0.75
11,oracle_all_now,26,0,1796468595.7362542,53330.3,26,0.0,pune,sigma=0.75
12,v1_point_all_now,24,0,656337513.9054387,43451.3,24,234221192.7649548,pune,sigma=0.75
12,robust_all_now,21,0,864705691.3858011,43980.3,21,25853015.28459239,pune,sigma=0.75
12,staged_no_learning,6,15,782211746.2350459,43980.3,21,108346960.43534756,pune,sigma=0.75
12,staged_point_learning,6,14,581642937.4439883,38195.0,20,308915769.22640514,pune,sigma=0.75
12,staged_robust_learning,6,22,405548047.50030255,44618.8,28,485010659.1700909,pune,sigma=0.75
12,oracle_all_now,22,0,890558706.6703935,45760.100000000006,22,0.0,pune,sigma=0.75
13,v1_point_all_now,24,0,909233963.1271908,44673.100000000006,24,303871875.3280971,pune,sigma=0.75
13,robust_all_now,21,0,947638241.2486408,42552.3,21,265467597.20664716,pune,sigma=0.75
13,staged_no_learning,6,15,861710046.3280969,42552.3,21,351395792.12719107,pune,sigma=0.75
13,staged_point_learning,6,14,813765120.9990332,40311.2,20,399340717.4562547,pune,sigma=0.75
13,staged_robust_learning,6,28,685669920.7244711,51830.79999999999,34,527435917.73081684,pune,sigma=0.75
13,oracle_all_now,27,0,1213105838.455288,54589.70000000001,27,0.0,pune,sigma=0.75
14,v1_point_all_now,24,0,1476099841.8770409,46609.70000000001,24,1141164736.3353472,pune,sigma=0.75
14,robust_all_now,21,0,1247131574.0075536,40038.5,21,1370133004.2048345,pune,sigma=0.75
14,staged_no_learning,6,15,1147521677.1503325,40038.5,21,1469742901.0620556,pune,sigma=0.75
14,staged_point_learning,6,34,1391730075.96411,62539.70000000001,40,1225534502.2482781,pune,sigma=0.75
14,staged_robust_learning,6,34,1882279894.9941998,71505.4,40,734984683.2181883,pune,sigma=0.75
14,oracle_all_now,38,0,2617264578.212388,78492.70000000001,38,0.0,pune,sigma=0.75
15,v1_point_all_now,24,0,223534468.72658634,24781.0,24,564708411.9980366,pune,sigma=0.75
15,robust_all_now,21,0,361031176.27024245,24857.70000000001,21,427211704.4543805,pune,sigma=0.75
15,staged_no_learning,6,15,327782079.6314509,24857.70000000001,21,460460801.0931721,pune,sigma=0.75
15,staged_point_learning,6,3,476130909.25453234,17194.40000000001,9,312111971.4700906,pune,sigma=0.75
15,staged_robust_learning,6,14,351460713.2901819,24455.90000000001,20,436782167.4344411,pune,sigma=0.75
15,oracle_all_now,13,0,788242880.724623,26224.100000000006,13,0.0,pune,sigma=0.75
16,v1_point_all_now,24,0,698899841.0293055,34441.7,24,519715410.46072483,pune,sigma=0.75
16,robust_all_now,21,0,757535159.7824776,32798.0,21,461080091.7075527,pune,sigma=0.75
16,staged_no_learning,6,15,694472134.3409672,32798.0,21,524143117.1490631,pune,sigma=0.75
16,staged_point_learning,6,8,812516837.4844115,28526.40000000001,14,406098414.0056188,pune,sigma=0.75
16,staged_robust_learning,6,18,799026716.4381275,37713.3,24,419588535.0519028,pune,sigma=0.75
16,oracle_all_now,20,0,1218615251.4900303,40299.2,20,0.0,pune,sigma=0.75
17,v1_point_all_now,24,0,306169409.2672212,33799.70000000001,24,457789045.429456,pune,sigma=0.75
17,robust_all_now,21,0,516920102.9651065,35623.70000000001,21,247038351.73157072,pune,sigma=0.75
17,staged_no_learning,6,15,463239523.2603631,35623.70000000001,21,300718931.4363141,pune,sigma=0.75
17,staged_point_learning,6,1,281495997.53855014,14660.100000000006,7,482462457.15812707,pune,sigma=0.75
17,staged_robust_learning,6,8,368408157.0813899,25037.0,14,395550297.6152873,pune,sigma=0.75
17,oracle_all_now,19,0,763958454.6966772,39427.600000000006,19,0.0,pune,sigma=0.75
18,v1_point_all_now,24,0,-69185101.93323219,29050.600000000006,24,371243715.0359514,pune,sigma=0.75
18,robust_all_now,21,0,69578183.07915413,29725.199999999997,21,232480430.02356505,pune,sigma=0.75
18,staged_no_learning,6,15,44511591.839818835,29725.199999999997,21,257547021.26290035,pune,sigma=0.75
18,staged_point_learning,6,9,159104422.58664656,25576.199999999997,15,142954190.51607263,pune,sigma=0.75
18,staged_robust_learning,6,14,58409895.023383856,28846.0,20,243648718.07933533,pune,sigma=0.75
18,oracle_all_now,13,0,302058613.1027192,26972.0,13,0.0,pune,sigma=0.75
19,v1_point_all_now,24,0,-406289433.2265855,17918.000000000007,24,747443823.6885191,pune,sigma=0.75
19,robust_all_now,21,0,-230647619.46163142,18240.799999999996,21,571802009.923565,pune,sigma=0.75
19,staged_no_learning,6,15,-220002767.17160118,18240.799999999996,21,561157157.6335348,pune,sigma=0.75
19,staged_point_learning,6,5,246817261.93558943,17284.9,11,94337128.52634418,pune,sigma=0.75
19,staged_robust_learning,6,14,-173437363.54912364,18142.6,20,514591754.01105726,pune,sigma=0.75
19,oracle_all_now,7,0,341154390.4619336,14660.099999999999,7,0.0,pune,sigma=0.75
20,v1_point_all_now,24,0,45800702.37552893,22647.800000000003,24,514663350.75226593,pune,sigma=0.75
20,robust_all_now,21,0,190464308.04879212,23469.90000000001,21,369999745.07900274,pune,sigma=0.75
20,staged_no_learning,6,15,165534241.5609069,23469.90000000001,21,394929811.566888,pune,sigma=0.75
20,staged_point_learning,6,4,295547581.23438084,16438.5,10,264916471.89341402,pune,sigma=0.75
20,staged_robust_learning,6,6,457461451.9299699,22632.699999999997,12,103002601.19782495,pune,sigma=0.75
20,oracle_all_now,12,0,560464053.1277949,24381.800000000003,12,0.0,pune,sigma=0.75
21,v1_point_all_now,24,0,1112211739.3259826,47918.90000000001,24,255832809.48459196,pune,sigma=0.75
21,robust_all_now,21,0,989599779.519336,42302.90000000001,21,378444769.29123855,pune,sigma=0.75
21,staged_no_learning,6,15,901440716.00278,42302.90000000001,21,466603832.8077946,pune,sigma=0.75
21,staged_point_learning,6,20,1042723645.7400603,50776.09999999999,26,325320903.0705142,pune,sigma=0.75
21,staged_robust_learning,6,25,1133871184.181632,58003.90000000001,31,234173364.6289425,pune,sigma=0.75
21,oracle_all_now,28,0,1368044548.8105745,57510.3,28,0.0,pune,sigma=0.75
22,v1_point_all_now,24,0,714004952.9728098,50025.999999999985,24,490936306.80966806,pune,sigma=0.75
22,robust_all_now,21,0,632594161.3858011,43980.3,21,572347098.3966768,pune,sigma=0.75
22,staged_no_learning,6,15,563878526.2350459,43980.3,21,641062733.547432,pune,sigma=0.75
22,staged_point_learning,6,34,1049185820.1074324,83771.99999999999,40,155755439.6750455,pune,sigma=0.75
22,staged_robust_learning,6,34,1049185820.1074324,83771.99999999999,40,155755439.6750455,pune,sigma=0.75
22,oracle_all_now,40,0,1204941259.7824779,83771.99999999999,40,0.0,pune,sigma=0.75
23,v1_point_all_now,24,0,-1010449704.1296071,9283.900000000001,24,1181962838.5927494,pune,sigma=0.75
23,robust_all_now,21,0,-774649883.4570999,9958.299999999996,21,946163017.9202423,pune,sigma=0.75
23,staged_no_learning,6,15,-744699289.7766769,9958.299999999996,21,916212424.2398193,pune,sigma=0.75
23,staged_point_learning,6,1,-71659539.1200003,6434.499999999993,7,243172673.58314264,pune,sigma=0.75
23,staged_robust_learning,6,2,-67760924.47202414,7636.0999999999985,8,239274058.93516648,pune,sigma=0.75
23,oracle_all_now,4,0,171513134.46314234,7243.700000000004,4,0.0,pune,sigma=0.75
24,v1_point_all_now,24,0,1771878395.8694878,50263.20000000001,24,1181252263.9129906,pune,sigma=0.75
24,robust_all_now,21,0,1550393596.3858013,43980.3,21,1402737063.396677,pune,sigma=0.75
24,staged_no_learning,6,15,1427196716.235046,43980.3,21,1525933943.5474324,pune,sigma=0.75
24,staged_point_learning,6,26,2148963268.898007,67017.6,32,804167390.8844714,pune,sigma=0.75
24,staged_robust_learning,6,34,2658947460.601692,83499.0,40,294183199.18078613,pune,sigma=0.75
24,oracle_all_now,40,0,2953130659.7824783,83772.0,40,0.0,pune,sigma=0.75
25,v1_point_all_now,24,0,853041632.3691845,35865.2,24,719589075.5574021,pune,sigma=0.75
25,robust_all_now,21,0,1199520100.9848952,40076.000000000015,21,373110606.9416914,pune,sigma=0.75
25,staged_no_learning,6,15,1101982890.8602426,40076.000000000015,21,470647817.066344,pune,sigma=0.75
25,staged_point_learning,6,12,1018544484.1725078,35762.3,18,554086223.7540789,pune,sigma=0.75
25,staged_robust_learning,6,20,924275258.5409665,40636.59999999999,26,648355449.3856201,pune,sigma=0.75
25,oracle_all_now,24,0,1572630707.9265866,49672.2,24,0.0,pune,sigma=0.75
26,v1_point_all_now,24,0,-929413499.3501505,10641.900000000009,24,1128491282.6341386,pune,sigma=0.75
26,robust_all_now,21,0,-701126534.4815704,11190.400000000009,21,900204317.7655584,pune,sigma=0.75
26,staged_no_learning,6,15,-664322901.6447123,11190.400000000009,21,863400684.9287003,pune,sigma=0.75
26,staged_point_learning,6,1,110096524.85220563,9519.5,7,88981258.43178236,pune,sigma=0.75
26,staged_robust_learning,6,4,-60006027.725195885,9801.600000000006,10,259083811.00918388,pune,sigma=0.75
26,oracle_all_now,5,0,199077783.283988,8798.0,5,0.0,pune,sigma=0.75
27,v1_point_all_now,24,0,864560652.4273417,43795.7,24,272082207.96268916,pune,sigma=0.75
27,robust_all_now,21,0,913918426.3445623,42145.3,21,222724434.04546857,pune,sigma=0.75
27,staged_no_learning,6,15,830296885.9114807,42145.3,21,306345974.4785502,pune,sigma=0.75
27,staged_point_learning,6,23,641451966.1662235,45180.899999999994,29,495190894.22380733,pune,sigma=0.75
27,staged_robust_learning,6,27,676926388.0711181,50140.0,33,459716472.31891274,pune,sigma=0.75
27,oracle_all_now,25,0,1136642860.3900309,51354.600000000006,25,0.0,pune,sigma=0.75
28,v1_point_all_now,24,0,-121948267.77009058,34738.59999999999,24,353167920.5376134,pune,sigma=0.75
28,robust_all_now,21,0,50564037.64894271,35600.8,21,180655615.1185801,pune,sigma=0.75
28,staged_no_learning,6,15,22410409.39969814,35600.8,21,208809243.36782467,pune,sigma=0.75
28,staged_point_learning,6,14,12640588.870875955,33557.59999999999,20,218579063.89664686,pune,sigma=0.75
28,staged_robust_learning,6,12,90200996.30604243,32975.8,18,141018656.46148038,pune,sigma=0.75
28,oracle_all_now,16,0,231219652.7675228,33501.3,16,0.0,pune,sigma=0.75
29,v1_point_all_now,24,0,528606548.26948667,50263.2,24,352404365.5129907,pune,sigma=0.75
29,robust_all_now,21,0,462530729.735801,43980.3,21,418480184.0466764,pune,sigma=0.75
29,staged_no_learning,6,15,403910184.1350455,43980.3,21,477100729.64743185,pune,sigma=0.75
29,staged_point_learning,6,30,675668731.2027194,75394.8,36,205342182.57975793,pune,sigma=0.75
29,staged_robust_learning,6,34,472727184.58241725,73831.7,40,408283729.2000601,pune,sigma=0.75
29,oracle_all_now,40,0,881010913.7824774,83771.99999999999,40,0.0,pune,sigma=0.75
30,v1_point_all_now,24,0,1802449372.9649558,49906.600000000006,24,1237098686.8175225,pune,sigma=0.75
30,robust_all_now,21,0,1595762731.3858004,43980.29999999999,21,1443785328.396678,pune,sigma=0.75
30,staged_no_learning,6,15,1469872706.235045,43980.29999999999,21,1569675353.5474334,pune,sigma=0.75
30,staged_point_learning,6,34,2754197336.1074324,83772.0,40,285350723.67504597,pune,sigma=0.75
30,staged_robust_learning,6,34,2754197336.1074324,83772.0,40,285350723.67504597,pune,sigma=0.75
30,oracle_all_now,40,0,3039548059.7824783,83772.0,40,0.0,pune,sigma=0.75
31,v1_point_all_now,24,0,329363035.9486408,28551.0,24,1105290636.887916,pune,sigma=0.75
31,robust_all_now,21,0,752359146.1250763,32760.600000000006,21,682294526.7114806,pune,sigma=0.75
31,staged_no_learning,6,15,687501459.5263453,32760.600000000006,21,747152213.3102117,pune,sigma=0.75
31,staged_point_learning,6,12,798421158.2825987,31795.0,18,636232514.5539582,pune,sigma=0.75
31,staged_robust_learning,6,21,953147893.8632636,43601.5,27,481505778.9732933,pune,sigma=0.75
31,oracle_all_now,22,0,1434653672.836557,45154.100000000006,22,0.0,pune,sigma=0.75
32,v1_point_all_now,24,0,450844028.26948667,50263.2,24,300562685.51299167,pune,sigma=0.75
32,robust_all_now,21,0,394488524.735801,43980.3,21,356918189.04667735,pune,sigma=0.75
32,staged_no_learning,6,15,339907014.1350455,43980.3,21,411499699.6474328,pune,sigma=0.75
32,staged_point_learning,6,26,506517419.31800604,67017.59999999999,32,244889294.4644723,pune,sigma=0.75
32,staged_robust_learning,6,28,536810220.26036286,71206.2,34,214596493.52211547,pune,sigma=0.75
32,oracle_all_now,40,0,751406713.7824783,83772.00000000001,40,0.0,pune,sigma=0.75
33,v1_point_all_now,24,0,-747845920.8516619,7168.899999999994,24,928450256.3589122,pune,sigma=0.75
33,robust_all_now,21,0,-523178873.27854997,8471.199999999997,21,703783208.7858002,pune,sigma=0.75
33,staged_no_learning,6,15,-512063161.78344417,8471.199999999997,21,692667497.2906945,pune,sigma=0.75
33,staged_point_learning,6,1,2955588.5123862624,5860.099999999991,7,177648746.99486405,pune,sigma=0.75
33,staged_robust_learning,6,4,-81827923.15649587,6887.099999999991,10,262432258.66374618,pune,sigma=0.75
33,oracle_all_now,4,0,180604335.5072503,6310.099999999991,4,0.0,pune,sigma=0.75
34,v1_point_all_now,24,0,-647849403.6870092,18812.399999999994,24,940886504.9459213,pune,sigma=0.75
34,robust_all_now,21,0,-426757359.8836856,19336.5,21,719794461.1425977,pune,sigma=0.75
34,staged_no_learning,6,15,-404078754.67323256,19336.5,21,697115855.9321446,pune,sigma=0.75
34,staged_point_learning,6,4,219435340.3256793,18065.29999999999,10,73601760.93323278,pune,sigma=0.75
34,staged_robust_learning,6,13,-299985671.3903328,18897.79999999999,19,593022772.6492449,pune,sigma=0.75
34,oracle_all_now,8,0,293037101.2589121,16717.29999999999,8,0.0,pune,sigma=0.75
35,v1_point_all_now,24,0,1578740511.1848946,48748.2,24,309602228.9788518,pune,sigma=0.75
35,robust_all_now,21,0,1232933721.5021152,39948.2,21,655409018.6616311,pune,sigma=0.75
35,staged_no_learning,6,15,1133833293.1815104,39948.2,21,754509446.9822359,pune,sigma=0.75
35,staged_point_learning,6,19,1567306275.331118,52059.8,25,321036464.83262825,pune,sigma=0.75
35,staged_robust_learning,6,29,1491036755.1022367,59276.500000000015,35,397305985.0615096,pune,sigma=0.75
35,oracle_all_now,28,0,1888342740.1637464,57720.2,28,0.0,pune,sigma=0.75
36,v1_point_all_now,24,0,1166961827.7199407,49881.80000000002,24,575992509.339879,pune,sigma=0.75
36,robust_all_now,21,0,1034830289.7358017,43980.30000000002,21,708124047.324018,pune,sigma=0.75
36,staged_no_learning,6,15,942237624.1350462,43980.30000000002,21,800716712.9247735,pune,sigma=0.75
36,staged_point_learning,6,17,1028447201.0774016,48168.899999999994,23,714507135.9824181,pune,sigma=0.75
36,staged_robust_learning,6,30,1452873136.3375835,71793.5,36,290081200.72223616,pune,sigma=0.75
36,oracle_all_now,36,0,1742954337.0598197,74640.80000000002,36,0.0,pune,sigma=0.75
37,v1_point_all_now,24,0,166978102.93595195,26850.800000000003,24,454450808.3087611,pune,sigma=0.75
37,robust_all_now,21,0,406905274.1261332,29829.5,21,214523637.11857986,pune,sigma=0.75
37,staged_no_learning,6,15,364785117.0303626,29829.5,21,256643794.21435046,pune,sigma=0.75
37,staged_point_learning,6,9,499118642.0946524,27359.399999999994,15,122310269.15006065,pune,sigma=0.75
37,staged_robust_learning,6,14,399678809.9038367,29749.09999999999,20,221750101.34087634,pune,sigma=0.75
37,oracle_all_now,14,0,621428911.2447131,28392.0,14,0.0,pune,sigma=0.75
38,v1_point_all_now,24,0,935617855.7347436,44395.8,24,267918556.2432027,pune,sigma=0.75
38,robust_all_now,21,0,1028169290.769789,43146.2,21,175367121.2081573,pune,sigma=0.75
38,staged_no_learning,6,15,936936995.4601815,43146.2,21,266599416.5177648,pune,sigma=0.75
38,staged_point_learning,6,15,974199626.2350459,43980.3,21,229336785.74290037,pune,sigma=0.75
38,staged_robust_learning,6,18,983315180.4119639,47473.0,24,220221231.56598234,pune,sigma=0.75
38,oracle_all_now,25,0,1203536411.9779463,50944.3,25,0.0,pune,sigma=0.75
39,v1_point_all_now,24,0,968061455.912991,40923.2,24,805136898.8954678,pune,sigma=0.75
39,robust_all_now,21,0,897553470.4876139,36728.40000000001,21,875644884.3208449,pune,sigma=0.75
39,staged_no_learning,6,15,814334461.057342,36728.40000000001,21,958863893.7511168,pune,sigma=0.75
39,staged_point_learning,6,23,1479072495.7125683,58033.8,29,294125859.0958905,pune,sigma=0.75
39,staged_robust_learning,6,32,1174822877.4019942,61084.8,38,598375477.4064646,pune,sigma=0.75
39,oracle_all_now,30,0,1773198354.8084588,61419.59999999999,30,0.0,pune,sigma=0.75
40,v1_point_all_now,24,0,1443681735.4160113,47703.69999999998,24,301933627.5389743,pune,sigma=0.75
40,robust_all_now,21,0,1305030094.3984895,42502.899999999994,21,440585268.55649614,pune,sigma=0.75
40,staged_no_learning,6,15,1197657360.8172202,42502.899999999994,21,547958002.1377654,pune,sigma=0.75
40,staged_point_learning,6,24,1184173480.3210263,50626.19999999998,30,561441882.6339593,pune,sigma=0.75
40,staged_robust_learning,6,20,1335525870.489728,49905.899999999994,26,410089492.46525764,pune,sigma=0.75
40,oracle_all_now,27,0,1745615362.9549856,55881.100000000006,27,0.0,pune,sigma=0.75
41,v1_point_all_now,24,0,1022324975.7308156,47248.899999999994,24,643881453.2622368,pune,sigma=0.75
41,robust_all_now,21,0,903886710.0507555,41555.8,21,762319718.942297,pune,sigma=0.75
41,staged_no_learning,6,15,819657734.5581877,41555.8,21,846548694.4348648,pune,sigma=0.75
41,staged_point_learning,6,21,1087601622.7017522,54512.399999999994,27,578604806.2913003,pune,sigma=0.75
41,staged_robust_learning,6,27,1339813287.5288224,67078.20000000001,33,326393141.46423006,pune,sigma=0.75
41,oracle_all_now,35,0,1666206428.9930525,72897.70000000001,35,0.0,pune,sigma=0.75
42,v1_point_all_now,24,0,-133176560.20060444,18338.399999999994,24,925607270.4800608,pune,sigma=0.75
42,robust_all_now,21,0,200144244.37794542,21352.899999999994,21,592286465.901511,pune,sigma=0.75
42,staged_no_learning,6,15,176740686.64477324,21352.899999999994,21,615690023.6346831,pune,sigma=0.75
42,staged_point_learning,6,8,501667688.88332295,21026.09999999999,14,290763021.3961334,pune,sigma=0.75
42,staged_robust_learning,6,17,247238365.90181303,24431.5,23,545192344.3776433,pune,sigma=0.75
42,oracle_all_now,11,0,792430710.2794564,22707.5,11,0.0,pune,sigma=0.75
43,v1_point_all_now,24,0,318951670.1537771,42312.100000000006,24,341558368.8709965,pune,sigma=0.75
43,robust_all_now,21,0,293040380.72628427,37392.59999999999,21,367469658.29848933,pune,sigma=0.75
43,staged_no_learning,6,15,248895796.22138977,37392.59999999999,21,411614242.8033838,pune,sigma=0.75
43,staged_point_learning,6,15,433017368.9687009,42708.79999999999,21,227492670.0560727,pune,sigma=0.75
43,staged_robust_learning,6,22,232189998.93510604,47208.399999999994,28,428320040.08966756,pune,sigma=0.75
43,oracle_all_now,26,0,660510039.0247736,54176.79999999999,26,0.0,pune,sigma=0.75
44,v1_point_all_now,24,0,805911307.6395772,32769.7,24,352574973.22235656,pune,sigma=0.75
44,robust_all_now,21,0,979887918.4486406,33681.5,21,178598362.41329312,pune,sigma=0.75
44,staged_no_learning,6,15,903970837.3680968,33681.5,21,254515443.49383688,pune,sigma=0.75
44,staged_point_learning,6,4,663944770.5364355,20169.100000000006,10,494541510.3254982,pune,sigma=0.75
44,staged_robust_learning,6,8,880539167.0836253,27653.699999999997,14,277947113.7783084,pune,sigma=0.75
44,oracle_all_now,17,0,1158486280.8619337,33924.3,17,0.0,pune,sigma=0.75
45,v1_point_all_now,24,0,-681318946.9459218,15997.099999999991,24,1119277639.5719032,pune,sigma=0.75
45,robust_all_now,21,0,-435536224.6495466,17294.0,21,873494917.2755282,pune,sigma=0.75
45,staged_no_learning,6,15,-430222892.9015709,17294.0,21,868181585.5275525,pune,sigma=0.75
45,staged_point_learning,6,1,-49039323.36731166,7686.799999999988,7,486998015.9932932,pune,sigma=0.75
45,staged_robust_learning,6,3,-72823464.4210881,9745.799999999988,9,510782157.04706967,pune,sigma=0.75
45,oracle_all_now,11,0,437958692.62598157,22729.79999999999,11,0.0,pune,sigma=0.75
46,v1_point_all_now,24,0,-685517886.942598,14138.0,24,981216706.3942598,pune,sigma=0.75
46,robust_all_now,21,0,-469690921.6486405,15041.699999999997,21,765389741.1003023,pune,sigma=0.75
46,staged_no_learning,6,15,-459180010.54857993,15041.699999999997,21,754878830.0002418,pune,sigma=0.75
46,staged_point_learning,6,2,43971404.98978853,10420.699999999997,8,251727414.4618733,pune,sigma=0.75
46,staged_robust_learning,6,5,-27823108.498066068,12479.100000000006,11,323521927.9497279,pune,sigma=0.75
46,oracle_all_now,8,0,295698819.4516618,15471.5,8,0.0,pune,sigma=0.75
47,v1_point_all_now,24,0,111863762.16344404,27665.899999999994,24,1082980297.6096687,pune,sigma=0.75
47,robust_all_now,21,0,622027308.8329303,34965.29999999999,21,572816750.9401824,pune,sigma=0.75
47,staged_no_learning,6,15,564368364.2048335,34965.29999999999,21,630475695.5682793,pune,sigma=0.75
47,staged_point_learning,6,8,526369795.32580113,26389.600000000006,14,668474264.4473116,pune,sigma=0.75
47,staged_robust_learning,6,16,351957095.4311793,31314.20000000001,22,842886964.3419335,pune,sigma=0.75
47,oracle_all_now,24,0,1194844059.7731128,49893.100000000006,24,0.0,pune,sigma=0.75
48,v1_point_all_now,24,0,-31201755.9598186,26148.699999999997,24,841989117.764955,pune,sigma=0.75
48,robust_all_now,21,0,130726679.41540813,26123.5,21,680060682.3897283,pune,sigma=0.75
48,staged_no_learning,6,15,112460758.81196404,26123.5,21,698326602.9931724,pune,sigma=0.75
48,staged_point_learning,6,5,295994433.1566162,18604.59999999999,11,514792928.64852023,pune,sigma=0.75
48,staged_robust_learning,6,9,337256586.7747431,24179.09999999999,15,473530775.03039336,pune,sigma=0.75
48,oracle_all_now,18,0,810787361.8051364,36732.5,18,0.0,pune,sigma=0.75
49,v1_point_all_now,24,0,-290089037.4507549,19877.800000000003,24,959634015.7990935,pune,sigma=0.75
49,robust_all_now,21,0,69084080.37371588,23279.699999999997,21,600460897.9746227,pune,sigma=0.75
49,staged_no_learning,6,15,56488335.1462841,23279.699999999997,21,613056643.2020545,pune,sigma=0.75
49,staged_point_learning,6,5,387058674.81154084,18953.199999999997,11,282486303.53679776,pune,sigma=0.75
49,staged_robust_learning,6,11,348940863.7867675,24734.699999999997,17,320604114.5615711,pune,sigma=0.75
49,oracle_all_now,13,0,669544978.3483386,25837.300000000003,13,0.0,pune,sigma=0.75
50,v1_point_all_now,24,0,140695049.17613316,25791.300000000003,24,608690393.9809668,pune,sigma=0.75
50,robust_all_now,21,0,288613756.4864049,26337.0,21,460771686.67069507,pune,sigma=0.75
50,staged_no_learning,6,15,252984545.53317237,26337.0,21,496400897.6239276,pune,sigma=0.75
50,staged_point_learning,6,7,457407032.5562539,23473.199999999997,13,291978410.60084605,pune,sigma=0.75
50,staged_robust_learning,6,12,374578241.6557102,26379.300000000003,18,374807201.50138974,pune,sigma=0.75
50,oracle_all_now,15,0,749385443.1571,31185.0,15,0.0,pune,sigma=0.75
51,v1_point_all_now,24,0,-718416740.3510573,11437.800000000003,24,811930416.729305,pune,sigma=0.75
51,robust_all_now,21,0,-573107381.5848944,11692.399999999994,21,666621057.9631422,pune,sigma=0.75
51,staged_no_learning,6,15,-560888166.0732328,11692.399999999994,21,654401842.4514804,pune,sigma=0.75
51,staged_point_learning,6,1,-31716034.693172336,8853.899999999994,7,125229711.07142001,pune,sigma=0.75
51,staged_robust_learning,6,4,-95390394.00845945,11107.599999999991,10,188904070.38670713,pune,sigma=0.75
51,oracle_all_now,4,0,93513676.37824768,8377.199999999997,4,0.0,pune,sigma=0.75
52,v1_point_all_now,24,0,545907538.6758308,30392.699999999997,24,587841014.4873114,pune,sigma=0.75
52,robust_all_now,21,0,818061379.4619334,32798.899999999994,21,315687173.70120883,pune,sigma=0.75
52,staged_no_learning,6,15,751670531.7198186,32798.899999999994,21,382078021.4433236,pune,sigma=0.75
52,staged_point_learning,6,3,575444073.7038671,18579.0,9,558304479.4592751,pune,sigma=0.75
52,staged_robust_learning,6,9,775600204.6969786,27916.59999999999,15,358148348.46616364,pune,sigma=0.75
52,oracle_all_now,17,0,1133748553.1631422,35147.0,17,0.0,pune,sigma=0.75
53,v1_point_all_now,24,0,507312671.85679793,49357.399999999994,24,395233387.9256804,pune,sigma=0.75
53,robust_all_now,21,0,429917782.4483392,42817.600000000006,21,472628277.3341391,pune,sigma=0.75
53,staged_no_learning,6,15,374275988.39649606,42817.600000000006,21,528270071.3859823,pune,sigma=0.75
53,staged_point_learning,6,34,768151596.1074328,83772.0,40,134394463.6750455,pune,sigma=0.75
53,staged_robust_learning,6,34,761778929.6566777,83588.0,40,140767130.1258006,pune,sigma=0.75
53,oracle_all_now,40,0,902546059.7824783,83772.0,40,0.0,pune,sigma=0.75
54,v1_point_all_now,24,0,463758540.24561954,33620.3,24,577857341.5628402,pune,sigma=0.75
54,robust_all_now,21,0,712376489.2078552,35006.8,21,329239392.60060453,pune,sigma=0.75
54,staged_no_learning,6,15,650612881.5619338,35006.8,21,391003000.246526,pune,sigma=0.75
54,staged_point_learning,6,11,805459334.0499098,33725.90000000001,17,236156547.75854993,pune,sigma=0.75
54,staged_robust_learning,6,19,508169535.3202419,36534.3,25,533446346.48821783,pune,sigma=0.75
54,oracle_all_now,19,0,1041615881.8084598,38911.600000000006,19,0.0,pune,sigma=0.75
55,v1_point_all_now,24,0,-325154102.49697864,18696.5,24,722538143.8604228,pune,sigma=0.75
55,robust_all_now,21,0,-122146477.13836813,19691.800000000003,21,519530518.50181234,pune,sigma=0.75
55,staged_no_learning,6,15,-123678636.55595136,19691.800000000003,21,521062677.91939557,pune,sigma=0.75
55,staged_point_learning,6,6,213838575.6248343,17314.600000000006,12,183545465.7386099,pune,sigma=0.75
55,staged_robust_learning,6,13,-50597285.20441067,19120.5,19,447981326.5678549,pune,sigma=0.75
55,oracle_all_now,9,0,397384041.3634442,17669.699999999997,9,0.0,pune,sigma=0.75
56,v1_point_all_now,24,0,697609840.5512092,39949.70000000001,24,404348908.3361027,pune,sigma=0.75
56,robust_all_now,21,0,920364850.5992453,42485.100000000006,21,181593898.28806663,pune,sigma=0.75
56,staged_no_learning,6,15,836028491.9312994,42485.100000000006,21,265930256.9560125,pune,sigma=0.75
56,staged_point_learning,6,13,771115707.6021144,38738.29999999999,19,330843041.2851975,pune,sigma=0.75
56,staged_robust_learning,6,21,849447965.0459819,48921.899999999994,27,252510783.84133005,pune,sigma=0.75
56,oracle_all_now,25,0,1101958748.887312,50730.20000000001,25,0.0,pune,sigma=0.75
57,v1_point_all_now,24,0,-135001659.42326295,20692.899999999994,24,610006441.822357,pune,sigma=0.75
57,robust_all_now,21,0,-83963267.53051376,18884.399999999994,21,558968049.9296079,pune,sigma=0.75
57,staged_no_learning,6,15,-98472818.48864055,18884.399999999994,21,573477600.8877347,pune,sigma=0.75
57,staged_point_learning,6,3,150939650.61492467,12576.800000000003,9,324065131.78416944,pune,sigma=0.75
57,staged_robust_learning,6,8,265853229.5219941,20641.0,14,209151552.8771,pune,sigma=0.75
57,oracle_all_now,10,0,475004782.3990941,20722.100000000006,10,0.0,pune,sigma=0.75
58,v1_point_all_now,24,0,1245538164.3570995,45351.79999999999,24,848034992.0664654,pune,sigma=0.75
58,robust_all_now,21,0,1091091571.8498502,39703.70000000001,21,1002481584.5737147,pune,sigma=0.75
58,staged_no_learning,6,15,1001218700.9345026,39703.70000000001,21,1092354455.4890623,pune,sigma=0.75
58,staged_point_learning,6,19,1462023384.8397589,52357.5,25,631549771.583806,pune,sigma=0.75
58,staged_robust_learning,6,34,1308897812.8068886,65427.899999999994,40,784675343.6166763,pune,sigma=0.75
58,oracle_all_now,33,0,2093573156.423565,68742.79999999999,33,0.0,pune,sigma=0.75
59,v1_point_all_now,24,0,-410777533.54531705,22086.5,24,796815950.493353,pune,sigma=0.75
59,robust_all_now,21,0,-217756495.62688804,22552.5,21,603794912.574924,pune,sigma=0.75
59,staged_no_learning,6,15,-213656258.3322054,22552.5,21,599694675.2802414,pune,sigma=0.75
59,staged_point_learning,6,7,87752489.58682775,19146.0,13,298285927.3612082,pune,sigma=0.75
59,staged_robust_learning,6,8,122279873.80338347,21365.399999999994,14,263758543.1446525,pune,sigma=0.75
59,oracle_all_now,12,0,386038416.94803596,24513.79999999999,12,0.0,pune,sigma=0.75
60,v1_point_all_now,24,0,-362316186.3294562,19064.699999999997,24,619601925.4145014,pune,sigma=0.75
60,robust_all_now,21,0,-181397918.79154062,21170.0,21,438683657.87658584,pune,sigma=0.75
60,staged_no_learning,6,15,-188702707.7029003,21170.0,21,445988446.7879455,pune,sigma=0.75
60,staged_point_learning,6,1,125800921.52646506,13356.099999999991,7,131484817.55858016,pune,sigma=0.75
60,staged_robust_learning,6,4,93170380.1322658,16285.199999999997,10,164115358.9527794,pune,sigma=0.75
60,oracle_all_now,11,0,257285739.08504522,22747.899999999994,11,0.0,pune,sigma=0.75
61,v1_point_all_now,24,0,-392371126.01691854,20020.399999999994,24,669335716.0571,pune,sigma=0.75
61,robust_all_now,21,0,-109522425.39154088,24612.399999999994,21,386487015.4317224,pune,sigma=0.75
61,staged_no_learning,6,15,-130491500.87401819,24612.399999999994,21,407456090.9141997,pune,sigma=0.75
61,staged_point_learning,6,7,-98732072.54966772,14471.199999999997,13,375696662.58984923,pune,sigma=0.75
61,staged_robust_learning,6,8,28188135.642718792,20070.59999999999,14,248776454.39746273,pune,sigma=0.75
61,oracle_all_now,11,0,276964590.0401815,23037.300000000003,11,0.0,pune,sigma=0.75
62,v1_point_all_now,24,0,911327158.9409373,44931.70000000001,24,594868564.8200905,pune,sigma=0.75
62,robust_all_now,21,0,752771583.8297589,38230.90000000001,21,753424139.9312689,pune,sigma=0.75
62,staged_no_learning,6,15,679462010.7118738,38230.90000000001,21,826733713.049154,pune,sigma=0.75
62,staged_point_learning,6,18,985870043.782568,49362.899999999994,24,520325679.97845984,pune,sigma=0.75
62,staged_robust_learning,6,28,1351700020.9668584,69102.9,34,154495702.79416943,pune,sigma=0.75
62,oracle_all_now,34,0,1506195723.7610278,68879.4,34,0.0,pune,sigma=0.75
63,v1_point_all_now,24,0,567197136.5827799,48884.09999999999,24,464953123.199698,pune,sigma=0.75
63,robust_all_now,21,0,482133016.90151095,42398.59999999999,21,550017242.8809669,pune,sigma=0.75
63,staged_no_learning,6,15,423767488.5983083,42398.59999999999,21,608382771.1841695,pune,sigma=0.75
63,staged_point_learning,6,33,854606095.000001,81319.3,39,177544164.7824769,pune,sigma=0.75
63,staged_robust_learning,6,34,873309714.0312996,83330.49999999999,40,158840545.75117826,pune,sigma=0.75
63,oracle_all_now,40,0,1032150259.7824779,83771.99999999999,40,0.0,pune,sigma=0.75
64,v1_point_all_now,24,0,760342104.6271904,34180.399999999994,24,816417463.5129912,pune,sigma=0.75
64,robust_all_now,21,0,917397723.3761334,34132.5,21,659361844.7640481,pune,sigma=0.75
64,staged_no_learning,6,15,845729267.7038069,34132.5,21,731030300.4363747,pune,sigma=0.75
64,staged_point_learning,6,14,1250774625.0807252,40604.2,20,325984943.05945635,pune,sigma=0.75
64,staged_robust_learning,6,21,1288590731.1856194,47814.09999999999,27,288168836.9545622,pune,sigma=0.75
64,oracle_all_now,23,0,1576759568.1401815,46968.59999999999,23,0.0,pune,sigma=0.75
65,v1_point_all_now,24,0,-328534849.4293047,21695.90000000001,24,603244735.4232626,pune,sigma=0.75
65,robust_all_now,21,0,-115514765.78338325,24201.70000000001,21,390224651.7773411,pune,sigma=0.75
65,staged_no_learning,6,15,-128294388.73395717,24201.70000000001,21,403004274.72791505,pune,sigma=0.75
65,staged_point_learning,6,5,212397539.91450202,21595.40000000001,11,62312346.07945585,pune,sigma=0.75
65,staged_robust_learning,6,7,121791405.56839919,21373.100000000006,13,152918480.4255587,pune,sigma=0.75
65,oracle_all_now,11,0,274709885.9939579,22849.0,11,0.0,pune,sigma=0.75
66,v1_point_all_now,24,0,20954457.331722498,33279.2,24,440701163.39758277,pune,sigma=0.75
66,robust_all_now,21,0,217222376.9438069,34384.59999999999,21,244433243.78549838,pune,sigma=0.75
66,staged_no_learning,6,15,175950220.95969796,34384.59999999999,21,285705399.7696073,pune,sigma=0.75
66,staged_point_learning,6,11,260866962.0105741,31142.399999999994,17,200788658.71873116,pune,sigma=0.75
66,staged_robust_learning,6,17,123392559.47208476,35714.09999999999,23,338263061.2572205,pune,sigma=0.75
66,oracle_all_now,17,0,461655620.72930527,35401.59999999999,17,0.0,pune,sigma=0.75
67,v1_point_all_now,24,0,1083171483.836556,41446.899999999994,24,1005883687.1894264,pune,sigma=0.75
67,robust_all_now,21,0,1357387736.215107,43733.20000000001,21,731667434.8108754,pune,sigma=0.75
67,staged_no_learning,6,15,1245969672.1603632,43733.20000000001,21,843085498.8656192,pune,sigma=0.75
67,staged_point_learning,6,18,1292959959.4526892,47504.0,24,796095211.5732932,pune,sigma=0.75
67,staged_robust_learning,6,26,1462545039.699699,58439.80000000002,32,626510131.3262835,pune,sigma=0.75
67,oracle_all_now,32,0,2089055171.0259824,67017.6,32,0.0,pune,sigma=0.75
68,v1_point_all_now,24,0,-287071385.4389727,24128.199999999997,24,514430136.4797584,pune,sigma=0.75
68,robust_all_now,21,0,-150253547.29486406,24452.399999999994,21,377612298.3356497,pune,sigma=0.75
68,staged_no_learning,6,15,-162487953.02138972,24452.399999999994,21,389846704.0621754,pune,sigma=0.75
68,staged_point_learning,6,2,109275394.53208452,15070.899999999994,8,118083356.50870115,pune,sigma=0.75
68,staged_robust_learning,6,6,54279017.24157083,18990.59999999999,12,173079733.79921484,pune,sigma=0.75
68,oracle_all_now,11,0,227358751.04078567,22937.0,11,0.0,pune,sigma=0.75
69,v1_point_all_now,24,0,-438801848.2332326,13361.199999999997,24,813325529.9918427,pune,sigma=0.75
69,robust_all_now,21,0,-260562359.1534748,13758.799999999988,21,635086040.9120849,pune,sigma=0.75
69,staged_no_learning,6,15,-247602598.44779503,13758.799999999988,21,622126280.2064052,pune,sigma=0.75
69,staged_point_learning,6,2,332495444.6103319,12647.099999999991,8,42028237.14827824,pune,sigma=0.75
69,staged_robust_learning,6,4,210660216.09407866,12222.5,10,163863465.66453147,pune,sigma=0.75
69,oracle_all_now,6,0,374523681.7586101,11454.899999999994,6,0.0,pune,sigma=0.75
70,v1_point_all_now,24,0,-25380870.667975426,34503.40000000001,24,396977642.211329,pune,sigma=0.75
70,robust_all_now,21,0,138260564.4793055,35500.90000000001,21,233336207.06404805,pune,sigma=0.75
70,staged_no_learning,6,15,103219534.7835654,35500.90000000001,21,268377236.75978816,pune,sigma=0.75
70,staged_point_learning,6,8,199030727.96435082,28125.600000000006,14,172566043.57900274,pune,sigma=0.75
70,staged_robust_learning,6,12,82843594.18912423,30122.600000000006,18,288753177.35422933,pune,sigma=0.75
70,oracle_all_now,20,0,371596771.54335356,41750.09999999999,20,0.0,pune,sigma=0.75
71,v1_point_all_now,24,0,1014501834.5737162,49825.899999999994,24,657614944.3794565,pune,sigma=0.75
71,robust_all_now,21,0,832084816.662235,42331.19999999998,21,840031962.2909377,pune,sigma=0.75
71,staged_no_learning,6,15,753246453.7301505,42331.19999999998,21,918870325.2230222,pune,sigma=0.75
71,staged_point_learning,6,31,1116070131.2228403,69982.6,37,556046647.7303324,pune,sigma=0.75
71,staged_robust_learning,6,34,1200860849.7461033,75583.6,40,471255929.2070694,pune,sigma=0.75
71,oracle_all_now,39,0,1672116778.9531727,81503.5,39,0.0,pune,sigma=0.75
72,v1_point_all_now,24,0,183320826.98474336,29136.699999999997,24,397163908.4051361,pune,sigma=0.75
72,robust_all_now,21,0,263616748.1705439,28001.699999999997,21,316867987.21933556,pune,sigma=0.75
72,staged_no_learning,6,15,229825864.29290032,28001.699999999997,21,350658871.09697914,pune,sigma=0.75
72,staged_point_learning,6,5,422777458.8119335,22278.199999999997,11,157707276.57794595,pune,sigma=0.75
72,staged_robust_learning,6,15,223401417.3459518,27831.5,21,357083318.04392767,pune,sigma=0.75
72,oracle_all_now,14,0,580484735.3898795,28499.300000000003,14,0.0,pune,sigma=0.75
73,v1_point_all_now,24,0,236386341.3435049,38754.3,24,478479865.3498492,pune,sigma=0.75
73,robust_all_now,21,0,156093060.44229674,32566.600000000006,21,558773146.2510574,pune,sigma=0.75
73,staged_no_learning,6,15,123686706.6327498,32566.600000000006,21,591179500.0606043,pune,sigma=0.75
73,staged_point_learning,6,17,466217624.9844115,45284.600000000006,23,248648581.70894265,pune,sigma=0.75
73,staged_robust_learning,6,22,189121168.32290053,44353.899999999994,28,525745038.3704536,pune,sigma=0.75
73,oracle_all_now,26,0,714866206.6933541,54129.5,26,0.0,pune,sigma=0.75
74,v1_point_all_now,24,0,933463977.0389738,36213.100000000006,24,590780823.3716011,pune,sigma=0.75
74,robust_all_now,21,0,1319040602.3283992,40103.3,21,205204198.08217573,pune,sigma=0.75
74,staged_no_learning,6,15,1215070318.030816,40103.3,21,309174482.37975883,pune,sigma=0.75
74,staged_point_learning,6,16,1304217975.0106344,42627.7,22,220026825.3999405,pune,sigma=0.75
74,staged_robust_learning,6,21,1198126697.2663445,45164.0,27,326118103.14423037,pune,sigma=0.75
74,oracle_all_now,21,0,1524244800.410575,43542.100000000006,21,0.0,pune,sigma=0.75
75,v1_point_all_now,24,0,1162244009.3691845,49767.2,24,501232070.56933594,pune,sigma=0.75
75,robust_all_now,21,0,1034830289.735801,43980.3,21,628645790.2027194,pune,sigma=0.75
75,staged_no_learning,6,15,942237624.1350455,43980.3,21,721238455.8034749,pune,sigma=0.75
75,staged_point_learning,6,32,1162712792.5512385,66011.09999999999,38,500763287.3872819,pune,sigma=0.75
75,staged_robust_learning,6,26,1416031705.9784288,67008.09999999999,32,247444373.9600916,pune,sigma=0.75
75,oracle_all_now,35,0,1663476079.9385204,71812.90000000001,35,0.0,pune,sigma=0.75
76,v1_point_all_now,24,0,1386594083.6972823,44457.80000000002,24,645903633.3051357,pune,sigma=0.75
76,robust_all_now,21,0,1351122310.6966772,41413.600000000006,21,681375406.3057408,pune,sigma=0.75
76,staged_no_learning,6,15,1239664707.7962542,41413.600000000006,21,792833009.2061639,pune,sigma=0.75
76,staged_point_learning,6,12,1085183114.573052,35820.70000000001,18,947314602.4293661,pune,sigma=0.75
76,staged_robust_learning,6,11,1078639193.6053176,34850.100000000006,17,953858523.3971004,pune,sigma=0.75
76,oracle_all_now,31,0,2032497717.002418,61826.80000000002,31,0.0,pune,sigma=0.75
77,v1_point_all_now,24,0,1427164997.143052,46881.100000000006,24,428787942.17356443,pune,sigma=0.75
77,robust_all_now,21,0,1053402918.9589131,37272.40000000001,21,802550020.3577034,pune,sigma=0.75
77,staged_no_learning,6,15,968008780.5825384,37272.40000000001,21,887944158.7340782,pune,sigma=0.75
77,staged_point_learning,6,16,1326551650.3078551,45631.3,22,529401289.0087614,pune,sigma=0.75
77,staged_robust_learning,6,33,1346296334.015771,60594.40000000001,39,509656605.3008456,pune,sigma=0.75
77,oracle_all_now,30,0,1855952939.3166165,59982.8,30,0.0,pune,sigma=0.75
78,v1_point_all_now,24,0,910716465.6308165,48672.2,24,736341994.1516619,pune,sigma=0.75
78,robust_all_now,21,0,864705691.3858006,43980.29999999999,21,782352768.3966777,pune,sigma=0.75
78,staged_no_learning,6,15,782211746.2350452,43980.29999999999,21,864846713.5474331,pune,sigma=0.75
78,staged_point_learning,6,34,1460072184.1074328,83772.0,40,186986275.6750455,pune,sigma=0.75
78,staged_robust_learning,6,34,1460072184.1074328,83772.0,40,186986275.6750455,pune,sigma=0.75
78,oracle_all_now,40,0,1647058459.7824783,83772.0,40,0.0,pune,sigma=0.75
79,v1_point_all_now,24,0,813480331.4519649,38111.40000000001,24,388408180.2685795,pune,sigma=0.75
79,robust_all_now,21,0,1070826553.3350463,39364.100000000006,21,131061958.38549805,pune,sigma=0.75
79,staged_no_learning,6,15,982637807.2460427,39364.100000000006,21,219250704.4745016,pune,sigma=0.75
79,staged_point_learning,6,19,680301769.7499704,38070.100000000006,25,521586741.9705739,pune,sigma=0.75
79,staged_robust_learning,6,22,613101402.6553483,40015.70000000001,28,588787109.065196,pune,sigma=0.75
79,oracle_all_now,19,0,1201888511.7205443,39520.5,19,0.0,pune,sigma=0.75
